Timestamp,Center_X,Center_Y,Center_Z,Center_Angle,Center_Distance,GPS_Latitude,GPS_Longitude,GPS_Altitude
1724962461618213653,3.404391646385193,-0.31484751403331757,0.2730541229248047,-5.283841332174616,3.4298061159658104,47.118634043916465,-88.54730314847515,200.2730541229248
1724962461618598461,3.851095676422119,0.9394182562828064,-0.6042387709021568,13.708739153248674,4.009806611478403,47.118638510956764,-88.54729060581744,199.39576122909784
1724962461693456172,3.724883556365967,0.09700050950050354,0.40761609375476837,1.4917148196334427,3.7483753130145367,47.11863724883556,-88.54729902999492,200.40761609375477
1724962461693851470,3.480432152748108,0.7662765458226204,-0.6463713645935059,12.41654864115509,3.6219309291491393,47.11863480432153,-88.54729233723455,199.3536286354065
1724962461787557840,3.685455322265625,0.042512744665145874,0.4112185835838318,0.6608933232065682,3.7085696689370256,47.11863685455322,-88.54729957487255,200.41121858358383
1724962461787935495,3.2636759281158447,0.47814117558300495,-0.6392634212970734,8.334760602490801,3.359889472789121,47.11863263675928,-88.54729521858825,199.36073657870293
1724962461788194894,10.490036964416504,2.845844030380249,-0.7539279162883759,15.17845192077408,10.895325193083245,47.11870490036964,-88.54727154155971,199.24607208371162
1724962461906948566,3.779794931411743,0.19643598794937134,0.12682130932807922,2.974985913153215,3.787019998017866,47.11863779794931,-88.54729803564013,200.12682130932808
1724962462012624740,3.8188060522079468,0.30275365710258484,0.10482171177864075,4.532909114665485,3.832222205526349,47.11863818806052,-88.54729697246344,200.10482171177864
1724962462111561536,3.799485921859741,0.2587980031967163,0.10962840914726257,3.896623293952036,3.809867197811642,47.11863799485922,-88.54729741201997,200.10962840914726
1724962462209762811,3.60632586479187,0.2407900094985962,0.117503821849823,3.8199000638079736,3.616265092590763,47.11863606325865,-88.54729759209991,200.11750382184982
1724962462210285425,10.33201551437378,2.8600417375564575,-0.7461067736148834,15.472808733230497,10.746490527025996,47.11870332015514,-88.54727139958263,199.25389322638512
1724962462309326171,3.7294607162475586,0.18571269512176514,0.08939611911773682,2.850753108563871,3.735151684373267,47.11863729460716,-88.54729814287306,200.08939611911774
1724962462412367582,3.5053011178970337,0.1909525990486145,0.0951591432094574,3.1181271959206325,3.5117878758190924,47.11863505301118,-88.54729809047402,200.09515914320946
1724962462510282516,3.5476876497268677,0.19387727975845337,0.11520233750343323,3.1280406749421634,3.554848469090819,47.1186354768765,-88.54729806122721,200.11520233750343
1724962462511006832,10.68854808807373,-3.0870734453201294,-0.7822698354721069,-16.10980972501032,11.152893292027628,47.11870688548088,-88.54733087073446,199.2177301645279
1724962462612693309,3.6950888633728027,0.16956782341003418,0.0890338122844696,2.6274629986376152,3.7000489151749916,47.118636950888636,-88.54729830432177,200.08903381228447
1724962462714234590,3.660069227218628,0.1766451895236969,0.09446895122528076,2.7631107157840216,3.6655469787959656,47.11863660069227,-88.5472982335481,200.09446895122528
1724962462817663908,3.6536684036254883,0.19906514883041382,0.08566910028457642,3.1185991631966306,3.6600900169085553,47.118636536684036,-88.54729800934852,200.08566910028458
1724962462919408082,3.657530665397644,0.17417562007904053,0.08592796325683594,2.7264281097550995,3.6626836240417378,47.11863657530665,-88.5472982582438,200.08592796325684
1724962463019146442,3.5590938329696655,0.20202893018722534,0.08385735750198364,3.2488596613300964,3.565809397166724,47.11863559093833,-88.5472979797107,200.08385735750198
1724962463118585109,3.602061629295349,0.16969972848892212,0.09162196516990662,2.6973148306226222,3.6072206147659824,47.11863602061629,-88.54729830300272,200.0916219651699
1724962463220916271,3.660161018371582,0.15347820520401,0.08335205912590027,2.401125204819211,3.6643255594502064,47.118636601610184,-88.54729846521795,200.0833520591259
1724962463322255849,3.6682629585266113,0.19055604934692383,0.08101034164428711,2.97368333215344,3.674102259912541,47.118636682629585,-88.54729809443951,200.0810103416443
1724962463421574354,3.620339512825012,0.21721118688583374,0.09121522307395935,3.433485538923781,3.627996569010344,47.11863620339513,-88.54729782788814,200.09121522307396
1724962463530835628,3.648108124732971,-0.0966571569442749,0.09757483005523682,-1.517704963565426,3.650692584043687,47.118636481081246,-88.54730096657157,200.09757483005524
1724962463635732412,3.6387206315994263,0.2036672830581665,0.0973159670829773,3.2036294058172925,3.6457151005618798,47.118636387206315,-88.54729796332718,200.09731596708298
1724962463723518371,3.620211601257324,0.09145647287368774,0.092887282371521,1.4471407089531159,3.6225577112773486,47.118636202116015,-88.54729908543528,200.09288728237152
1724962463834004163,3.6885262727737427,0.14914953708648682,0.07466927170753479,2.3155551384996076,3.692295647627991,47.11863688526273,-88.54729850850464,200.07466927170753
1724962463935015439,3.6948553323745728,0.1510431170463562,0.06706193089485168,2.340908233133802,3.6985493443996713,47.11863694855332,-88.54729848956883,200.06706193089485
1724962464036320686,3.554019570350647,0.15906333923339844,0.07686927914619446,2.5626139574155737,3.5584076689440645,47.118635540195704,-88.54729840936662,200.0768692791462
1724962464127530336,3.5887997150421143,0.06048399209976196,0.08592796325683594,0.9655455006774587,3.590337772808591,47.11863588799715,-88.54729939516008,200.08592796325684
1724962464233386516,3.583614468574524,0.05906534194946289,0.10456287860870361,0.94426686818016,3.5856261335475583,47.11863583614468,-88.54729940934659,200.1045628786087
1724962464327151298,3.580384612083435,0.04850238561630249,0.05771663784980774,0.7761210927896006,3.5811782505397587,47.118635803846125,-88.54729951497615,200.0577166378498
1724962464428442716,3.605230450630188,0.031371116638183594,0.08532401919364929,0.49854988278891865,3.6063764275740313,47.11863605230451,-88.54729968628884,200.08532401919365
1724962464534574747,3.579293966293335,0.04354071617126465,0.08204564452171326,0.696946452200829,3.5804989287658726,47.11863579293966,-88.54729956459285,200.0820456445217
1724962464636240482,3.5885307788848877,0.03782111406326294,0.07893982529640198,0.6038432202085335,3.589598178583641,47.11863588530779,-88.54729962178887,200.0789398252964
1724962464740056753,3.605994462966919,0.10423296689987183,0.061938703060150146,1.6557004453392465,3.6080322866174024,47.11863605994463,-88.54729895767034,200.06193870306015
1724962464740593194,9.923974990844727,2.470918118953705,-0.8990986049175262,13.981480898284525,10.266406102957838,47.11869923974991,-88.54727529081882,199.10090139508247
1724962464835460186,3.601385235786438,0.08267337083816528,0.08049270510673523,1.315050490693159,3.6032332117643566,47.11863601385236,-88.5472991732663,200.08049270510674
1724962464935249805,3.6229318380355835,0.01519709825515747,0.07997506856918335,0.24033697648174,3.623846308335925,47.11863622931838,-88.54729984802903,200.07997506856918
1724962464935833454,10.730288982391357,2.5250372886657715,-0.9794561862945557,13.241852638058152,11.066808454818968,47.118707302889824,-88.54727474962712,199.02054381370544
1724962465038821935,3.6307804584503174,0.08414256572723389,0.06100744009017944,1.3275798830359675,3.632267696161479,47.118636307804586,-88.54729915857435,200.06100744009018
1724962465039281606,10.00399923324585,2.3260486125946045,-0.9058096408843994,13.089378246377231,10.310722278892781,47.11870003999233,-88.54727673951388,199.0941903591156
1724962465142369031,3.628111958503723,0.11362230777740479,0.07178843021392822,1.7937571194064457,3.6306005000516053,47.118636281119585,-88.54729886377693,200.07178843021393
1724962465142833232,10.431728839874268,2.411240816116333,-0.9387544989585876,13.015050526043579,10.747851360680649,47.1187043172884,-88.54727588759185,199.0612455010414
1724962465237666606,3.9293649196624756,0.2129175066947937,0.07626646757125854,3.101609580670013,3.9358682791230475,47.118639293649196,-88.54729787082493,200.07626646757126
1724962465238481760,10.20091438293457,2.409476101398468,-0.9198416769504547,13.289797474149209,10.52189802468294,47.11870200914383,-88.54727590523899,199.08015832304955
1724962465339339256,3.931875467300415,0.2354685664176941,0.041510701179504395,3.427184061407093,3.9391386462578435,47.118639318754674,-88.54729764531434,200.0415107011795
1724962465339781045,5.960861682891846,1.411985456943512,-0.4371795319020748,13.32637362660501,6.141392421617617,47.11865960861683,-88.54728588014544,199.56282046809793
1724962465340332031,26.0750675201416,-8.022110223770142,-0.47833555936813354,-17.10074679045506,27.28538443067308,47.1188607506752,-88.54738022110224,199.52166444063187
1724962465439476013,3.9317522048950195,0.22688406705856323,0.058611929416656494,3.3026239710681042,3.9387291273774876,47.11863931752205,-88.54729773115933,200.05861192941666
1724962465440334081,5.997105360031128,1.444406807422638,-0.4414963461458683,13.54180933384854,6.184375695921383,47.1186599710536,-88.54728555593194,199.55850365385413
1724962465440999031,25.39091205596924,-7.645392417907715,-0.46542076766490936,-16.75743875951686,26.521068167567055,47.11885390912056,-88.54737645392419,199.5345792323351
1724962465541932106,3.9357250928878784,0.010753631591796875,0.073184072971344,0.15654959552520678,3.936420144740191,47.11863935725093,-88.54729989246368,200.07318407297134
1724962465542792797,10.597676753997803,2.5502851605415344,-0.971437931060791,13.530708210460036,10.943418050874573,47.118705976767544,-88.54727449714841,199.0285620689392
1724962465543550014,26.5356502532959,-7.84601616859436,-0.48531652987003326,-16.4718054381659,27.675553042662973,47.11886535650253,-88.5473784601617,199.51468347012997
1724962465544121503,31.776789665222168,2.6153723001480103,0.5566968619823456,4.705094586632879,31.889096021873886,47.118917767896654,-88.54727384627701,200.55669686198235
1724962465640764474,3.877526640892029,0.2107996940612793,0.043951183557510376,3.111791666404735,3.883501135364821,47.11863877526641,-88.54729789200307,200.0439511835575
1724962465641860961,28.459749221801758,4.580127835273743,-0.5026293098926544,9.142421406992307,28.83032315078099,47.11888459749222,-88.54725419872166,199.49737069010735
1724962465642532110,26.20396614074707,-7.528294086456299,-0.477567657828331,-16.029145586667877,27.268133860339535,47.11886203966141,-88.54737528294088,199.52243234217167
1724962465643004655,5.898667812347412,1.5046115517616272,-0.4354027509689331,14.309667392068532,6.103090482507141,47.11865898667813,-88.54728495388449,199.56459724903107
1724962465643416643,10.094572067260742,2.3073020577430725,-0.9095573425292969,12.874846746607842,10.394773810244029,47.118700945720676,-88.54727692697944,199.0904426574707
1724962465740083694,3.8569611310958862,0.22611373662948608,0.04165270924568176,3.3551158321443975,3.863807906310109,47.11863856961131,-88.54729773886264,200.04165270924568
1724962465741023778,25.942995071411133,-7.221727132797241,-0.4720526933670044,-15.55555734682898,26.933532441942276,47.11885942995072,-88.54737221727133,199.527947306633
1724962465741719245,28.77171039581299,4.000260710716248,-0.5084933042526245,7.915348220261957,29.052916726117243,47.11888771710396,-88.5472599973929,199.49150669574738
1724962465742369651,5.939593315124512,1.5247077941894531,-0.44172994419932365,14.397098885683928,6.148058876615951,47.11865939593315,-88.54728475292207,199.55827005580068
1724962465841082811,3.856872320175171,0.2354816198348999,0.06609433889389038,3.493860909137754,3.8646195348374586,47.1186385687232,-88.5472976451838,200.0660943388939
1724962465842133998,28.752761840820312,4.340499758720398,-0.5091565251350403,8.584518161884258,29.08299317466261,47.11888752761841,-88.54725659500242,199.49084347486496
1724962465842813968,26.266764640808105,-6.985562324523926,-0.4753337502479553,-14.892903894163815,27.18394651001837,47.11886266764641,-88.54736985562326,199.52466624975204
1724962465928423166,3.8665851354599,0.22058731317520142,0.09076035022735596,3.265164671334007,3.873935571697947,47.11863866585136,-88.54729779412688,200.09076035022736
1724962465929455757,28.81974220275879,4.741854667663574,-0.5117394626140594,9.343443615001771,29.211720312236242,47.11888819742203,-88.54725258145334,199.48826053738594
1724962465930056810,26.48100471496582,-6.619513750076294,-0.47655540704727173,-14.03474177167735,27.299975788587744,47.11886481004715,-88.54736619513751,199.52344459295273
1724962466030757904,3.828806757926941,0.21459853649139404,0.04769247770309448,3.2079810233604436,3.835112552956004,47.11863828806758,-88.54729785401464,200.0476924777031
1724962466031240701,26.9837703704834,6.1740483045578,-0.4873061180114746,12.887773033569358,27.685378869118665,47.118869837703706,-88.54723825951696,199.51269388198853
1724962466031700849,25.727636337280273,-6.23954963684082,-0.462768018245697,-13.63235185670977,26.47748865381035,47.11885727636337,-88.54736239549638,199.5372319817543
1724962466131068944,3.8311376571655273,0.21706026792526245,0.05063202977180481,3.2427327674571407,3.83761573252226,47.11863831137657,-88.54729782939732,200.0506320297718
1724962466131541252,27.086408615112305,5.905319333076477,-0.4852467179298401,12.29904522410528,27.726914586150738,47.118870864086155,-88.54724094680668,199.51475328207016
1724962466231670379,3.8330382108688354,0.2329149842262268,0.08193397521972656,3.4773086168411216,3.840982230127207,47.11863833038211,-88.54729767085017,200.08193397521973
1724962466232133865,27.57774066925049,6.090582251548767,-0.49582287669181824,12.453939039078561,28.246642506824845,47.11887577740669,-88.54723909417748,199.50417712330818
1724962466332479000,3.8301206827163696,0.202245831489563,0.0763794481754303,3.0226411964456714,3.836217100299486,47.11863830120683,-88.54729797754169,200.07637944817543
1724962466332999229,27.033191680908203,6.18531334400177,-0.48967963457107544,12.887686727794133,27.736101740596578,47.11887033191681,-88.54723814686656,199.51032036542892
1724962466431656599,3.802935838699341,0.1257116198539734,0.07586178183555603,1.893306573054123,3.8057692277085633,47.11863802935839,-88.54729874288381,200.07586178183556
1724962466432082891,27.278823852539062,5.6775819063186646,-0.49090129137039185,11.757204078326428,27.86772597752964,47.11887278823853,-88.54724322418095,199.5090987086296
1724962466546010732,3.7928531169891357,0.023330867290496826,0.03134492039680481,0.352437420354956,3.793054389335514,47.11863792853117,-88.54729976669134,200.0313449203968
1724962466646406412,3.796766519546509,-0.0678972601890564,0.05907243490219116,-1.0245064615868613,3.797833012976711,47.118637967665194,-88.5473006789726,200.0590724349022
1724962466750720262,3.6717638969421387,-0.2797764539718628,0.038046449422836304,-4.357332056529075,3.6826040394533965,47.11863671763897,-88.54730279776454,200.03804644942284
1724962466848567247,3.580679416656494,-0.4409171789884567,0.09602183103561401,-7.019940706662323,3.609001695154778,47.11863580679417,-88.5473044091718,200.0960218310356
1724962466948217868,3.5510008335113525,-0.5489905402064323,0.1679736077785492,-8.788442592372109,3.5971117116020475,47.11863551000834,-88.54730548990541,200.16797360777855
1724962467052614450,3.5608482360839844,-0.5808618031442165,0.17107939720153809,-9.264746838375528,3.6119674354735283,47.118635608482364,-88.54730580861803,200.17107939720154
1724962467150940179,3.492413282394409,-0.5975240431725979,0.16952645778656006,-9.70884503113832,3.5472136582258305,47.11863492413283,-88.54730597524043,200.16952645778656
1724962467151544809,29.4047269821167,7.270157098770142,-0.5313559770584106,13.887555994815495,30.294809659543585,47.11889404726982,-88.54722729842902,199.4686440229416
1724962467254318475,3.7351901531219482,-0.6051069460809231,0.6791692674160004,-9.202064962683206,3.8443557054436224,47.11863735190153,-88.54730605106947,200.679169267416
1724962467254845380,3.1606578826904297,-0.8495021164417267,-0.5327831208705902,-15.04407398917274,3.3159116319854975,47.11863160657883,-88.54730849502117,199.4672168791294
1724962467255179166,31.170933723449707,7.280422687530518,-0.5610948801040649,13.146581158800345,32.0147855086565,47.11891170933723,-88.54722719577313,199.43890511989594
1724962467351614475,3.709305167198181,-0.6260527707636356,0.7382867187261581,-9.580037791827612,3.8335302495521524,47.118637093051674,-88.54730626052772,200.73828671872616
1724962467352160930,4.1506510972976685,0.6819179505109787,-0.5363094992935658,9.329879306471838,4.24034721476437,47.118641506510976,-88.5472931808205,199.46369050070643
1724962467352595090,29.67374038696289,7.592043161392212,-0.5340785384178162,14.351300719047817,30.63421661806473,47.11889673740387,-88.5472240795684,199.46592146158218
1724962467353019237,3.1449100971221924,-0.903775691986084,-0.5338659137487411,-16.033448273771587,3.315461179725804,47.118631449100974,-88.54730903775693,199.46613408625126
1724962467451133728,3.947250723838806,0.2187807559967041,0.06499144434928894,3.1724362494644596,3.95384334336593,47.11863947250724,-88.54729781219245,200.0649914443493
1724962467451790571,26.59412956237793,7.130001068115234,-0.47885914146900177,15.008292531901814,27.53750076694028,47.118865941295624,-88.54722869998933,199.521140858531
1724962467555416107,3.951919198036194,0.26569509506225586,0.05938839912414551,3.846316654862695,3.961285929252987,47.11863951919198,-88.54729734304905,200.05938839912415
1724962467556024551,28.683027267456055,7.551316261291504,-0.5179874300956726,14.749449653188329,29.66490757581102,47.11888683027267,-88.5472244868374,199.48201256990433
1724962467556525468,10.747596263885498,2.7402535676956177,-0.9723094701766968,14.303632305339638,11.133966084578727,47.11870747596264,-88.54727259746433,199.0276905298233
1724962467658272743,3.895011782646179,0.11572319269180298,0.0672757625579834,1.7017921871486308,3.89731121063062,47.11863895011783,-88.54729884276809,200.06727576255798
1724962467658940076,28.685708045959473,7.690277576446533,-0.518545925617218,15.007389286435753,29.703183418243146,47.11888685708046,-88.54722309722425,199.48145407438278
1724962467757562637,3.7560112476348877,-0.1457180380821228,0.058554768562316895,-2.2217301891651364,3.759292872323687,47.118637560112475,-88.54730145718038,200.05855476856232
1724962467758319377,28.775187492370605,8.13173246383667,-0.5253523290157318,15.780042045684516,29.90672973018112,47.11888775187492,-88.54721868267536,199.47464767098427
1724962467856823444,3.666067123413086,-0.16624969244003296,0.059787213802337646,-2.5964838882605963,3.670321733110185,47.118636660671235,-88.54730166249693,200.05978721380234
1724962467857277393,28.440430641174316,8.225640058517456,-0.5153695642948151,16.131110138987843,29.610553105532077,47.118884404306414,-88.54721774359942,199.48463043570518
1724962467955964326,3.8145225048065186,0.09259247779846191,0.06489536166191101,1.3905060465685841,3.816197939649552,47.11863814522505,-88.54729907407523,200.0648953616619
1724962467956651926,27.393856048583984,8.142286539077759,-0.5002906769514084,16.553549159629156,28.58269529027017,47.11887393856048,-88.54721857713461,199.4997093230486
1724962468058346509,3.734716057777405,-0.1909235119819641,0.0625479519367218,-2.9264867305209226,3.740116049795702,47.11863734716058,-88.54730190923513,200.06254795193672
1724962468157696485,3.686856269836426,-0.22157719731330872,0.06479105353355408,-3.4392949980019836,3.6940768115212994,47.118636868562696,-88.54730221577198,200.06479105353355
1724962468264884471,3.631340742111206,-0.2362728714942932,0.0566522479057312,-3.7226975828265556,3.639460115499783,47.11863631340742,-88.54730236272873,200.05665224790573
1724962468360231637,3.611569404602051,-0.19964858889579773,0.05461081862449646,-3.164106614284252,3.6174957449617726,47.118636115694045,-88.5473019964859,200.0546108186245
1724962468463758230,3.619730234146118,-0.18117675185203552,0.0561637282371521,-2.865408971207286,3.624696724937503,47.118636197302344,-88.54730181176753,200.05616372823715
1724962468464184999,27.845877647399902,1.7081930339336395,0.48758532106876373,3.5103852591377374,27.902483130367923,47.11887845877647,-88.54728291806967,200.48758532106876
1724962468563636302,3.655574083328247,-0.21829289197921753,0.05461084842681885,-3.41736382344376,3.6624931413117623,47.118636555740835,-88.54730218292893,200.05461084842682
1724962468664559841,3.641093134880066,-0.19057905673980713,0.05771663784980774,-2.9961937265981997,3.646534081017654,47.11863641093135,-88.54730190579058,200.0577166378498
1724962468763901472,3.5788989067077637,-0.22395914793014526,0.052799105644226074,-3.580767092225638,3.586288168835914,47.11863578898907,-88.54730223959149,200.05279910564423
1724962468867767333,3.6128103733062744,-0.20314234495162964,0.04339534044265747,-3.218258019030575,3.6187772467166313,47.11863612810373,-88.54730203142346,200.04339534044266
1724962468968401193,3.5752252340316772,-0.18496719002723694,0.04542273283004761,-2.9616033751461464,3.580294898482691,47.11863575225234,-88.54730184967191,200.04542273283005
1724962469066173076,3.5779231786727905,-0.2686117887496948,0.04555213451385498,-4.293413810072299,3.5882811431795703,47.11863577923179,-88.54730268611789,200.04555213451385
1724962469066938877,27.609590530395508,3.3941547870635986,0.48601460456848145,7.008429563320084,27.821681943594026,47.11887609590531,-88.54726605845214,200.48601460456848
1724962469167402505,3.5844398736953735,-0.17561402916908264,0.04296398162841797,-2.804874366097881,3.5889964334191906,47.11863584439874,-88.5473017561403,200.04296398162842
1724962469272105693,3.5719480514526367,-0.2373265027999878,0.04132479429244995,-3.8012452613048056,3.5800620790470763,47.118635719480515,-88.54730237326504,200.04132479429245
1724962469272827863,27.448362350463867,4.098595976829529,0.48503726720809937,8.492671313392016,27.756915279876225,47.11887448362351,-88.54725901404024,200.4850372672081
1724962469370748519,3.580966353416443,-0.1953405737876892,0.04037576913833618,-3.1223719262556484,3.5865175542302694,47.11863580966354,-88.54730195340575,200.04037576913834
1724962469473589897,3.6089571714401245,-0.19028007984161377,0.03908166289329529,-3.0180906988501572,3.6141812005554095,47.118636089571716,-88.54730190280081,200.0390816628933
1724962469474202394,27.28112506866455,5.0804280042648315,0.4851419925689697,10.549068897912173,27.75438517552838,47.11887281125069,-88.54724919571997,200.48514199256897
1724962469572601318,3.5651979446411133,-0.1899164319038391,0.041472673416137695,-3.04923741844667,3.570493609883735,47.118635651979446,-88.54730189916432,200.04147267341614
1724962469670761108,3.5492746829986572,-0.18381571769714355,0.042575716972351074,-2.964680059302181,3.554286381979292,47.11863549274683,-88.54730183815718,200.04257571697235
1724962469770691871,3.5123926401138306,-0.18737632036209106,0.04706814885139465,-3.0536748876138344,3.5177019990889704,47.1186351239264,-88.54730187376322,200.0470681488514
1724962469871935844,3.5038328170776367,-0.21555224061012268,0.04451686143875122,-3.5203416962901932,3.5107390859211693,47.11863503832817,-88.54730215552242,200.04451686143875
1724962469970931768,3.5128272771835327,-0.1982433795928955,0.052343130111694336,-3.2300118460415495,3.5188060077456638,47.11863512827277,-88.54730198243381,200.0523431301117
1724962470073197126,3.4589651823043823,-0.22407519817352295,0.0380094051361084,-3.70649839448085,3.4664238837322383,47.118634589651826,-88.54730224075199,200.0380094051361
1724962470174499034,3.547682285308838,-0.22906824946403503,0.029332846403121948,-3.6943697643515825,3.5551908916800463,47.11863547682285,-88.5473022906825,200.02933284640312
1724962470276513814,3.497442126274109,-0.22667399048805237,0.03604483604431152,-3.708231198133726,3.504965300085865,47.11863497442126,-88.5473022667399,200.0360448360443
1724962470277017831,11.892247200012207,-3.751970410346985,-0.44205421954393387,-17.510338340888474,12.477909975606256,47.118718922472,-88.54733751970412,199.55794578045607
1724962470380337476,3.5051698684692383,-0.23553189635276794,0.03307706117630005,-3.8442437610267506,3.513230019938952,47.11863505169868,-88.54730235531898,200.0330770611763
1724962470380950212,11.565056800842285,-3.731730341911316,-0.2223847433924675,-17.88348375298308,12.154250496247954,47.11871565056801,-88.54733731730343,199.77761525660753
1724962470475001335,3.4081499576568604,-0.24327778816223145,0.054438263177871704,-4.082915602903103,3.4172552934463925,47.11863408149958,-88.54730243277788,200.05443826317787
1724962470475418090,11.582945823669434,-3.591996908187866,-0.4285864755511284,-17.229229201705962,12.134692501646578,47.11871582945824,-88.54733591996909,199.57141352444887
1724962470580075502,3.4536722898483276,-0.22863176465034485,0.05631166696548462,-3.7874321422657915,3.461689728053303,47.1186345367229,-88.54730228631766,200.05631166696548
1724962470580882072,11.993389129638672,-3.4991739988327026,-0.23211922496557236,-16.265057155041056,12.495578450941776,47.1187199338913,-88.54733499174,199.76788077503443
1724962470687479972,3.435493588447571,-0.2311706244945526,0.056508868932724,-3.8495676221492703,3.443726078851456,47.118634354935885,-88.54730231170625,200.05650886893272
1724962470688024759,11.677347660064697,-3.4625308513641357,-0.2210763320326805,-16.515979898476413,12.181889960726616,47.1187167734766,-88.54733462530852,199.77892366796732
1724962470782922267,3.446229577064514,-0.23152795433998108,0.016132980585098267,-3.8435251962959436,3.4540358661336557,47.11863446229577,-88.54730231527955,200.0161329805851
1724962470783588647,11.850578308105469,-3.3173598051071167,-0.22357087582349777,-15.638650199422168,12.308170710938189,47.11871850578308,-88.54733317359806,199.7764291241765
1724962470784249067,10.448005199432373,2.742721676826477,-0.7683959901332855,14.708921144234983,10.829301327488892,47.118704480051996,-88.54727257278324,199.23160400986671
1724962470883127212,3.4463376998901367,-0.24913787841796875,0.02588188648223877,-4.134754607065956,3.4554280626565683,47.118634463377,-88.54730249137879,200.02588188648224
1724962470883564233,11.723462581634521,-3.2921072244644165,-0.22224516421556473,-15.685461880560577,12.178954708568908,47.11871723462582,-88.54733292107225,199.77775483578444
1724962470981155157,3.445419192314148,-0.23414936661720276,0.016693800687789917,-3.8878212372468743,3.4534067266447654,47.11863445419193,-88.54730234149368,200.0166938006878
1724962470981669425,11.978563785552979,-3.135127305984497,-0.2268856093287468,-14.66692301798378,12.384122523175042,47.11871978563786,-88.54733135127307,199.77311439067125
1724962471090890645,3.408061981201172,-0.24245303869247437,0.017754971981048584,-4.06922514820489,3.416721408413352,47.11863408061981,-88.5473024245304,200.01775497198105
1724962471091415643,12.079628467559814,-3.0262876749038696,-0.2315259873867035,-14.064723781728436,12.455097160937441,47.11872079628468,-88.54733026287676,199.7684740126133
1724962471189419269,3.3976646661758423,-0.22754701972007751,0.01870894432067871,-3.831468244755786,3.4053271288616136,47.11863397664666,-88.5473022754702,200.01870894432068
1724962471190095901,12.124114513397217,-2.8650187253952026,-0.23194469511508942,-13.295522018322455,12.46018793487587,47.11872124114513,-88.54732865018727,199.7680553048849
1724962471286534309,3.433131456375122,-0.23934346437454224,0.01578792929649353,-3.9879678685992808,3.4415005665265617,47.11863433131457,-88.54730239343465,200.0157879292965
1724962471286911010,12.010294437408447,-2.86349356174469,-0.22542022913694382,-13.410101912693221,12.348991138190266,47.11872010294437,-88.54732863493562,199.77457977086306
1724962471392150163,3.3880786895751953,-0.23529362678527832,0.017969459295272827,-3.972670709323727,3.396286677980336,47.118633880786895,-88.54730235293627,200.01796945929527
1724962471392892599,12.014204025268555,-2.7920843362808228,-0.22517584264278412,-13.08322146051057,12.336431309815401,47.11872014204025,-88.54732792084337,199.77482415735722
1724962471484410524,3.397042393684387,-0.2465377151966095,0.01785847544670105,-4.150919281712588,3.406023604534853,47.118633970423936,-88.54730246537716,200.0178584754467
1724962471485049962,11.832226753234863,-2.6389331817626953,-0.42886579036712646,-12.572865903845532,12.130518708774256,47.11871832226753,-88.54732638933183,199.57113420963287
1724962471582500696,3.3969829082489014,-0.21995431184768677,0.017858505249023438,-3.7047244945042634,3.4041433143223103,47.118633969829084,-88.54730219954313,200.01785850524902
1724962471680867910,3.386211633682251,-0.2325420379638672,0.009006917476654053,-3.928517462482792,3.394198896951656,47.11863386211634,-88.54730232542039,200.00900691747665
1724962471783783435,3.3914949893951416,-0.22026681900024414,0.01061159372329712,-3.715959866436329,3.3986568436025113,47.118633914949896,-88.54730220266819,200.0106115937233
1724962471889338016,3.3896636962890625,-0.2596356272697449,0.01384684443473816,-4.380090908756077,3.399620915335794,47.118633896636965,-88.54730259635627,200.01384684443474
1724962471990051507,3.368385672569275,-0.21711790561676025,0.010266512632369995,-3.688043854774921,3.3753914773535536,47.11863368385673,-88.54730217117907,200.01026651263237
1724962472085379838,3.3865193128585815,-0.27449798583984375,0.015787959098815918,-4.6340404156396575,3.3976626466214674,47.11863386519313,-88.54730274497986,200.01578795909882
1724962472086014747,37.49924850463867,-10.146959066390991,-0.6796316206455231,-15.141131311996364,38.85378122972642,47.11897499248505,-88.54740146959067,199.32036837935448
1724962472191128253,3.3891159296035767,-0.2477133870124817,0.016133040189743042,-4.180363974162628,3.398194959295843,47.1186338911593,-88.54730247713388,200.01613304018974
1724962472287130117,3.392493963241577,-0.2399393916130066,0.020446717739105225,-4.04559606315233,3.401029883806443,47.11863392493963,-88.54730239939393,200.0204467177391
1724962472387873649,3.380185127258301,-0.26017096638679504,0.01811733841896057,-4.4013462976023385,3.3902313585123123,47.118633801851274,-88.54730260170967,200.01811733841896
1724962472484574556,3.3465986251831055,-0.26700514554977417,0.018117308616638184,-4.561625918296264,3.3572819873670157,47.11863346598625,-88.54730267005147,200.01811730861664
1724962472595811605,3.385256290435791,-0.2541455030441284,0.019929051399230957,-4.293382475184093,3.3948412710673703,47.11863385256291,-88.54730254145504,200.01992905139923
1724962472688330650,3.3503459692001343,-0.2833138704299927,0.024329006671905518,-4.833578972615468,3.362391524358704,47.11863350345969,-88.54730283313872,200.0243290066719
1724962472790175914,3.4076972007751465,-0.4069146513938904,0.03250765800476074,-6.8094717959927555,3.432060094683474,47.11863407697201,-88.54730406914652,200.03250765800476
1724962472888298273,3.357641339302063,-0.4198053181171417,0.022258460521697998,-7.126699051480028,3.383856868659545,47.118633576413394,-88.54730419805318,200.0222584605217
1724962472991627216,3.3414419889450073,-0.49296610057353973,0.03839150071144104,-8.3923623759571,3.377828303677723,47.11863341441989,-88.54730492966101,200.03839150071144
1724962473090785026,3.402847409248352,-0.5581104382872581,0.03817582130432129,-9.314311555898106,3.4485236182003565,47.11863402847409,-88.5473055811044,200.03817582130432
1724962473195627450,3.3285259008407593,-0.6142996028065681,0.05970093607902527,-10.456621655105021,3.385264077785485,47.11863328525901,-88.54730614299604,200.05970093607903
1724962473291331768,3.3682738542556763,-0.7005416266620159,0.07747316360473633,-11.749016110350134,3.4412249881441315,47.11863368273854,-88.54730700541627,200.07747316360474
1724962473391375541,3.35786235332489,-0.7451550215482712,0.08161425590515137,-12.511951082507755,3.4405168909310886,47.11863357862353,-88.54730745155022,200.08161425590515
1724962473493553400,3.3320040702819824,-0.7705213576555252,0.06418713927268982,-13.020692488880288,3.4205371326484713,47.1186333200407,-88.54730770521358,200.0641871392727
1724962473494019746,3.6012115478515625,0.6533476412296295,-0.6117706000804901,10.28300485706892,3.7107749891097694,47.11863601211548,-88.5472934665236,199.3882293999195
1724962473594094514,3.401655673980713,-0.8285872936248779,0.0919177234172821,-13.68971349335719,3.5023230997953334,47.11863401655674,-88.54730828587294,200.09191772341728
1724962473594608545,3.6696841716766357,0.5857236832380295,-0.5598721206188202,9.06857010894294,3.7580727699721534,47.11863669684172,-88.54729414276318,199.44012787938118
1724962473696133136,3.323061227798462,-0.7937799543142319,0.09113022685050964,-13.434504732427943,3.417766413582758,47.11863323061228,-88.54730793779954,200.0911302268505
1724962473696642637,3.5768423080444336,0.47945917397737503,-0.5539606064558029,7.6347240808289945,3.6511031688563085,47.11863576842308,-88.54729520540826,199.4460393935442
1724962473795249938,3.6178927421569824,-0.788272999227047,0.5879486054182053,-12.291606371143141,3.74916067642823,47.118636178927424,-88.54730788273,200.5879486054182
1724962473795667886,3.5809340476989746,0.4175142808817327,-0.48527858406305313,6.650299376639041,3.637705613825862,47.118635809340475,-88.5472958248572,199.51472141593695
1724962473796017169,3.256396770477295,-1.004502147436142,-0.5617084205150604,-17.143447911548915,3.4537893451477752,47.11863256396771,-88.54731004502148,199.43829157948494
1724962473883853197,3.5251742601394653,0.35325757414102554,-0.49085862934589386,5.722503645314898,3.5766725698673003,47.1186352517426,-88.54729646742426,199.5091413706541
1724962473884332656,3.635454535484314,-0.7845927253365517,0.6511757224798203,-12.178612581710988,3.7757310875870944,47.11863635454536,-88.54730784592726,200.65117572247982
1724962473884668350,12.375401020050049,-4.034011125564575,-0.0031401515007019043,-18.054421601692802,13.016290025532852,47.118723754010205,-88.54734034011126,199.9968598484993
1724962473884965419,3.297772765159607,-1.0464321374893188,-0.5561297833919525,-17.605003830838623,3.504226842682203,47.11863297772765,-88.54731046432138,199.44387021660805
1724962473989915847,3.6115833520889282,-0.2536645233631134,0.0017254352569580078,-4.017649980987447,3.620481042158039,47.118636115833525,-88.54730253664525,200.00172543525696
1724962473990347623,10.444915771484375,2.561094880104065,-0.7720077633857727,13.777118387180305,10.781997423716358,47.11870444915772,-88.54727438905121,199.22799223661423
1724962473990688562,12.329155921936035,-4.141241073608398,0.00020936131477355957,-18.566688858307224,13.006074097166438,47.11872329155922,-88.54734141241074,200.00020936131477
1724962474092057943,3.5517712831497192,-0.2618054151535034,0.0509873628616333,-4.215718024117396,3.5617721760918797,47.11863551771283,-88.54730261805416,200.05098736286163
1724962474092564582,10.566850185394287,2.493369400501251,-0.7726524174213409,13.276744619480782,10.884493813038358,47.11870566850185,-88.547275066306,199.22734758257866
1724962474192327499,3.5440800189971924,-0.24413469433784485,0.05590495467185974,-3.940606686325203,3.5529185599998536,47.11863544080019,-88.54730244134696,200.05590495467186
1724962474297580480,3.5059481859207153,-0.2600317895412445,0.003934025764465332,-4.241789609755075,3.515580277918781,47.11863505948186,-88.5473026003179,200.00393402576447
1724962474401258468,3.562255859375,-0.3422800600528717,0.00512462854385376,-5.488427321744724,3.5786657721808877,47.11863562255859,-88.54730342280061,200.00512462854385
1724962474402058124,10.571784019470215,2.7061914801597595,-0.774951845407486,14.358394401686184,10.94013894081403,47.11870571784019,-88.5472729380852,199.2250481545925
1724962474500313997,3.5383976697921753,-0.33052918314933777,0.006643056869506836,-5.336633293128845,3.5538080618835672,47.118635383976695,-88.54730330529183,200.0066430568695
1724962474500719547,10.634788036346436,2.695924758911133,-0.7746028304100037,14.224856852650472,10.99848791555487,47.11870634788036,-88.54727304075242,199.22539716959
1724962474607379913,3.542720079421997,-0.3446265161037445,0.007172912359237671,-5.556101551274934,3.559450020356139,47.11863542720079,-88.54730344626516,200.00717291235924
1724962474607875108,12.546772480010986,-3.7114434242248535,0.007274717092514038,-16.478671132929232,13.08420287514267,47.1187254677248,-88.54733711443424,200.0072747170925
1724962474608268260,10.499799251556396,2.745138943195343,-0.7736782729625702,14.651835567818386,10.880264252787534,47.118704997992516,-88.54727254861058,199.22632172703743
1724962474701135635,3.5115296840667725,-0.3330649435520172,0.00897243618965149,-5.418235906512251,3.5273011614145693,47.11863511529684,-88.54730333064944,200.00897243618965
1724962474701729774,12.520696640014648,-3.7260652780532837,-0.007693380117416382,-16.572609873797106,13.063363502394244,47.1187252069664,-88.54733726065278,199.99230661988258
1724962474702069520,10.45590591430664,2.7494993805885315,-0.7699301838874817,14.733031754765008,10.83875028869797,47.11870455905915,-88.5472725050062,199.23006981611252
1724962474800832271,3.519507050514221,-0.3177117109298706,0.07022625207901001,-5.158203559968091,3.534515856006642,47.1186351950705,-88.54730317711712,200.070226252079
1724962474801380634,12.636332035064697,-3.6354790925979614,-0.011775583028793335,-16.050553700081895,13.148906197759374,47.11872636332035,-88.54733635479093,199.9882244169712
1724962474801971673,10.550897121429443,2.6232974529266357,-0.769511491060257,13.96248453066244,10.899324177598961,47.11870550897122,-88.54727376702547,199.23048850893974
1724962474903731346,3.5727763175964355,-0.3324100077152252,0.016995757818222046,-5.3154793061916985,3.588246909646965,47.11863572776318,-88.54730332410008,200.01699575781822
1724962474904217004,12.432440757751465,-3.5292820930480957,5.2362680435180664e-05,-15.848016761173398,12.923676539207085,47.11872432440758,-88.54733529282093,200.00005236268044
1724962474904560565,10.617997169494629,2.6455755829811096,-0.7754742503166199,13.990913824139765,10.970063553579164,47.118706179971696,-88.54727354424418,199.22452574968338
1724962475001988410,3.5527546405792236,-0.3298991322517395,0.01740249991416931,-5.305117393868445,3.5680809717018644,47.11863552754641,-88.54730329899132,200.01740249991417
1724962475002543210,12.58353567123413,-3.3859355449676514,-0.015020430088043213,-15.060253937772849,13.031122557831203,47.11872583535671,-88.54733385935546,199.98497956991196
1724962475002880573,10.277862548828125,2.7765347361564636,-0.7355891168117523,15.11743023873573,10.671677237550764,47.11870277862549,-88.54727223465265,199.26441088318825
1724962475104519128,3.607738494873047,-0.3331907391548157,0.01964065432548523,-5.27655287682136,3.623144886883452,47.11863607738495,-88.5473033319074,200.01964065432549
1724962475105069398,12.469257354736328,-3.5192437171936035,0.22788822650909424,-15.760850857270745,12.958371362306071,47.11872469257355,-88.54733519243717,200.2278882265091
1724962475105399370,10.190810203552246,2.732671022415161,-0.7283722758293152,15.010761792473046,10.575945806109678,47.11870190810204,-88.54727267328978,199.27162772417068
1724962475207621097,3.5386455059051514,-0.30116358399391174,0.025752484798431396,-4.86455083708737,3.551531319200223,47.11863538645506,-88.54730301163585,200.02575248479843
1724962475208180189,12.496781349182129,-3.597162127494812,0.2393191158771515,-16.058310054546087,13.0063981601354,47.11872496781349,-88.54733597162128,200.23931911587715
1724962475311867713,3.5712379217147827,-0.3409444987773895,0.027176082134246826,-5.45347426227102,3.587578847102939,47.118635712379216,-88.54730340944499,200.02717608213425
1724962475312389850,12.597411155700684,-3.5261335372924805,0.0006803572177886963,-15.63743163321159,13.081604871401549,47.118725974111555,-88.54733526133538,200.0006803572178
1724962475409897565,3.6356431245803833,-0.31806516647338867,0.028987735509872437,-4.999806199131828,3.6496447317844987,47.118636356431246,-88.54730318065167,200.02898773550987
1724962475410467386,12.470131397247314,-3.499835252761841,0.006541997194290161,-15.677170933654851,12.95195223349805,47.11872470131397,-88.54733499835254,200.0065419971943
1724962475513361215,3.614412784576416,-0.27640828490257263,0.04995208978652954,-4.373120602372532,3.6253105423599594,47.11863614412785,-88.54730276408286,200.04995208978653
1724962475513925313,12.777768611907959,-3.518435001373291,0.004343897104263306,-15.395211674906001,13.253330691859725,47.11872777768612,-88.54733518435002,200.00434389710426
1724962475514132261,11.993716716766357,2.250752091407776,-0.23621433973312378,10.628562741946547,12.205364512103388,47.11871993716717,-88.5472774924791,199.76378566026688
1724962475618905067,3.657647728919983,-0.27308189868927,0.05590498447418213,-4.269811136245981,3.6682538079519937,47.11863657647729,-88.547302730819,200.05590498447418
1724962475619851827,12.860709190368652,-3.416202187538147,0.0018317699432373047,-14.875999559094664,13.306700628659016,47.1187286070919,-88.54733416202188,200.00183176994324
1724962475620334625,11.97046184539795,2.3535690903663635,-0.2343878224492073,11.123309867425148,12.201892554295359,47.11871970461846,-88.5472764643091,199.7656121775508
1724962475714583396,3.629647731781006,-0.30067217350006104,0.038477808237075806,-4.735446579407916,3.642283206241242,47.11863629647732,-88.54730300672175,200.03847780823708
1724962475715035915,12.756908416748047,-3.4143890142440796,0.01784658432006836,-14.984015047051086,13.205948780548095,47.11872756908417,-88.54733414389015,200.01784658432007
1724962475715370416,11.730680465698242,2.12735652923584,-0.22318875044584274,10.278866661101944,11.924106809699511,47.118717306804655,-88.54727872643471,199.77681124955416
1724962475816233158,3.673128128051758,-0.2823701500892639,0.09636694192886353,-4.395942523995474,3.685225872893433,47.11863673128128,-88.54730282370151,200.09636694192886
1724962475816587209,12.765164852142334,-3.33112370967865,0.013869047164916992,-14.625415511619497,13.192649893862207,47.11872765164852,-88.54733331123711,200.01386904716492
1724962475919326066,3.663230299949646,-0.276944637298584,0.10378643870353699,-4.323405813557833,3.6751498183688214,47.118636632303,-88.54730276944638,200.10378643870354
1724962475919715166,12.856678485870361,-3.2358083724975586,0.018945634365081787,-14.126968009658984,13.257639173307917,47.11872856678486,-88.54733235808374,200.01894563436508
1724962475920104503,11.606664657592773,2.505761981010437,-0.22116496413946152,12.182607454750524,11.876128220958769,47.11871606664658,-88.5472749423802,199.77883503586054
1724962476028568029,3.693071484565735,-0.2975461483001709,0.10456287860870361,-4.606299461748383,3.706513738820317,47.11863693071485,-88.54730297546149,200.1045628786087
1724962476029141664,13.009379863739014,-3.1802613735198975,0.23255592584609985,-13.737060993149557,13.394480546165534,47.11873009379864,-88.54733180261374,200.2325559258461
1724962476030043840,11.56574010848999,2.6425975561141968,-0.2207988202571869,12.870292653979645,11.865850926913827,47.11871565740108,-88.54727357402444,199.7792011797428
1724962476116446256,3.681976079940796,-0.29595625400543213,0.11413922905921936,-4.595539341352913,3.6956143902132634,47.1186368197608,-88.54730295956254,200.11413922905922
1724962476117202281,12.920746326446533,-3.402550458908081,0.44378606230020523,-14.753325143572628,13.368619275261342,47.11872920746327,-88.5473340255046,200.4437860623002
1724962476117535114,11.482083797454834,2.673825979232788,-0.21949049830436707,13.10881085324015,11.791343001449873,47.11871482083797,-88.54727326174022,199.78050950169563
1724962476220691442,3.6895493268966675,-0.2719016671180725,0.1255272626876831,-4.214798464101536,3.7016836501601675,47.11863689549327,-88.54730271901668,200.12552726268768
1724962476221158504,12.893004894256592,-3.281330108642578,0.4616359993815422,-14.27890176441446,13.312017513552698,47.118728930048945,-88.5473328133011,200.46163599938154
1724962476221790313,11.421957969665527,2.5866199731826782,-0.21157041192054749,12.759995663732754,11.713090488238944,47.1187142195797,-88.54727413380027,199.78842958807945
1724962476316824913,3.6862679719924927,-0.2749090790748596,0.12151551246643066,-4.265025319106271,3.6985013968992106,47.11863686267972,-88.5473027490908,200.12151551246643
1724962476317995786,12.937922477722168,-3.2961478233337402,0.4578012153506279,-14.292983570007843,13.359042273516197,47.11872937922478,-88.54733296147825,200.45780121535063
1724962476318785429,11.479816436767578,2.8305907249450684,-0.21666406840085983,13.851188732958395,11.825623560411524,47.11871479816437,-88.54727169409276,199.78333593159914
1724962476421035051,3.687356114387512,-0.2989075779914856,0.12816721200942993,-4.634425411858976,3.7016709319881445,47.118636873561144,-88.54730298907579,200.12816721200943
1724962476421675682,13.084795951843262,-3.4046157598495483,0.4439605847001076,-14.584751784806254,13.527763842348703,47.11873084795952,-88.5473340461576,200.4439605847001
1724962476422087669,10.881438255310059,2.9608771800994873,-0.3871092349290848,15.221846923952443,11.283720385561072,47.11870881438255,-88.54727039122821,199.61289076507092
1724962476524332523,3.693880081176758,-0.28272944688796997,0.11560586094856262,-4.376883061402652,3.7064876513132545,47.11863693880081,-88.54730282729447,200.11560586094856
1724962476524909496,13.12854528427124,-3.4067883491516113,0.22811058163642883,-14.547096260838664,13.565284463457827,47.118731285452846,-88.5473340678835,200.22811058163643
1724962476525470256,11.524799823760986,3.3301502466201782,-0.23168476670980453,16.116922147163542,11.998524470698515,47.11871524799824,-88.54726669849754,199.7683152332902
1724962476623549461,3.6413509845733643,-0.2961600422859192,0.11388042569160461,-4.6497721598438355,3.655149314987817,47.11863641350985,-88.54730296160044,200.1138804256916
1724962476624084949,13.074908256530762,-3.4004392623901367,0.23752016574144363,-14.578169373441542,13.511943935756783,47.118730749082566,-88.54733400439262,200.23752016574144
1724962476624532222,11.299633502960205,2.8971070051193237,-0.21040166914463043,14.380276893625828,11.667013977994156,47.11871299633503,-88.54727102892996,199.78959833085537
1724962476724158048,3.630359649658203,-0.2694525122642517,0.14297166466712952,-4.244823333404347,3.643152033491004,47.118636303596496,-88.54730269452513,200.14297166466713
1724962476724678039,10.975895881652832,3.0881553888320923,-0.3796314001083374,15.714368510633243,11.408379118455192,47.118709758958815,-88.54726911844612,199.62036859989166
1724962476725096464,12.992355346679688,-3.274133801460266,0.23821895569562912,-14.144293341687687,13.400671545676866,47.11872992355347,-88.54733274133802,200.23821895569563
1724962476828686952,3.621352434158325,-0.300716757774353,0.13929641246795654,-4.74694495886061,3.636485598942637,47.11863621352434,-88.54730300716759,200.13929641246796
1724962476829147815,13.192126750946045,-3.34724497795105,0.2390902414917946,-14.23723532203745,13.612252616632611,47.11873192126751,-88.5473334724498,200.2390902414918
1724962476829473257,10.898351192474365,3.076200842857361,-0.386516697704792,15.76240744046588,11.330775149905163,47.11870898351192,-88.54726923799157,199.6134833022952
1724962476829878807,12.89335823059082,-0.40728525817394257,0.4558020383119583,-1.8093012484369826,12.90783960397708,47.118728933582304,-88.54730407285258,200.45580203831196
1724962476923265933,3.6155593395233154,-0.3170970678329468,0.13510355353355408,-5.012213280161135,3.6319516596755412,47.11863615559339,-88.54730317097068,200.13510355353355
1724962476923892498,10.847604274749756,2.9983866214752197,-0.38917335867881775,15.451332806188075,11.26109660452818,47.11870847604275,-88.5472700161338,199.61082664132118
1724962476924209117,13.148305892944336,-3.435371518135071,0.23549654334783554,-14.642816789880333,13.591732190709806,47.11873148305893,-88.54733435371519,200.23549654334784
1724962476924501419,12.783900260925293,-0.4570399969816208,0.4566568061709404,-2.047521818156096,12.800215891880455,47.11872783900261,-88.54730457039997,200.45665680617094
1724962477026980876,3.648577332496643,-0.2981049418449402,0.1363976001739502,-4.670943804456328,3.663275503274891,47.11863648577332,-88.54730298104943,200.13639760017395
1724962477027361631,12.82312297821045,-0.3502543866634369,0.4572327435016632,-1.5646040082197057,12.836051683886906,47.11872823122978,-88.54730350254387,200.45723274350166
1724962477027732372,13.07325029373169,-3.324237585067749,0.2373456507921219,-14.266693589393658,13.491358779696087,47.11873073250294,-88.54733324237586,200.23734565079212
1724962477028098344,11.098541736602783,3.236925482749939,-0.20914608985185623,16.259494898984844,11.562830853510318,47.118710985417366,-88.54726763074518,199.79085391014814
1724962477128805398,3.655479907989502,-0.2924158275127411,0.09757480025291443,-4.573569824434957,3.668454881218971,47.11863655479908,-88.54730292415829,200.09757480025291
1724962477129142761,10.895538330078125,3.0671223402023315,-0.39505860954523087,15.722048812322178,11.325902447793979,47.118708955383305,-88.54726932877661,199.60494139045477
1724962477129377841,13.098576545715332,-0.2787342369556427,0.47464296221733093,-1.2190550162518154,13.11013677428262,47.11873098576546,-88.54730278734237,200.47464296221733
1724962477129832744,13.015848159790039,-3.408080577850342,0.23577550053596497,-14.672965570016082,13.456704894976461,47.1187301584816,-88.54733408080578,200.23577550053596
1724962477233366727,3.632554769515991,-0.2898062765598297,0.10508054494857788,-4.561412696224129,3.6456115745363684,47.1186363255477,-88.54730289806277,200.10508054494858
1724962477234479188,10.856111526489258,3.0497459173202515,-0.38076508790254593,15.69134494198118,11.282778456034219,47.11870856111526,-88.54726950254083,199.61923491209745
1724962477234863519,13.086585998535156,-0.23131594061851501,0.47596919536590576,-1.0126435662911986,13.097281658282297,47.11873086585999,-88.5473023131594,200.4759691953659
1724962477235211372,13.04701042175293,-3.3963887691497803,0.0036111772060394287,-14.59135161755625,13.481837807106904,47.11873047010422,-88.5473339638877,200.00361117720604
1724962477332027435,3.5832722187042236,-0.2902580201625824,0.06625765562057495,-4.631054177271808,3.59561949996583,47.11863583272219,-88.54730290258021,200.06625765562057
1724962477332433223,10.786961555480957,3.03910231590271,-0.38111476600170135,15.73457157479093,11.213381780302225,47.118707869615555,-88.54726960897685,199.6188852339983
1724962477332794904,13.081113815307617,-0.19853004813194275,0.47460807859897614,-0.8695024591206538,13.091226285467473,47.11873081113816,-88.54730198530049,200.47460807859898
1724962477431981086,3.631784677505493,-0.29751256108283997,0.10818636417388916,-4.683162000858607,3.645555918808394,47.11863631784678,-88.54730297512562,200.1081863641739
1724962477432390451,10.627500057220459,3.1025463342666626,-0.39959175884723663,16.274408000310807,11.078322291585085,47.11870627500057,-88.54726897453666,199.60040824115276
1724962477432762145,12.768601894378662,-0.03883552551269531,0.231800876557827,-0.17426378112967522,12.770764823672275,47.11872768601894,-88.54730038835527,200.23180087655783
1724962477433096885,12.747309684753418,-3.5405232906341553,-0.0036112070083618164,-15.522458293105077,13.229861012548364,47.11872747309685,-88.54733540523291,199.99638879299164
1724962477529914379,3.605402708053589,-0.31600648164749146,0.12397438287734985,-5.009062122901054,3.621347598794294,47.11863605402708,-88.54730316006483,200.12397438287735
1724962477530331134,12.864312648773193,-0.08628368377685547,0.2328125238418579,-0.384289229030261,12.86670845518502,47.11872864312649,-88.54730086283685,200.23281252384186
1724962477530654907,10.611901760101318,3.106125831604004,-0.39976607263088226,16.31486379312538,11.064370274020382,47.1187061190176,-88.5472689387417,199.60023392736912
1724962477531188249,12.842119693756104,-3.5150378942489624,-0.0030878186225891113,-15.3076020878877,13.314486064485868,47.11872842119694,-88.54733515037896,199.9969121813774
1724962477630210161,3.656508207321167,-0.3728752136230469,0.049175649881362915,-5.822653122623707,3.675800108776692,47.11863656508207,-88.54730372875214,200.04917564988136
1724962477630707502,12.721839427947998,-3.5133217573165894,0.20942345261573792,-15.438268261239555,13.199715390243528,47.11872721839428,-88.54733513321759,200.20942345261574
1724962477631044149,12.771990776062012,-0.14374232292175293,0.452475443482399,-0.6448079148228172,12.78081156523977,47.11872771990776,-88.54730143742323,200.4524754434824
1724962477727689504,3.6157034635543823,-0.38331523537635803,0.09964531660079956,-6.051552012955179,3.637330242795018,47.118636157034636,-88.54730383315236,200.0996453166008
1724962477728020906,12.85042667388916,-0.15423178672790527,0.24226824939250946,-0.687635235203411,12.853635557681843,47.11872850426674,-88.54730154231787,200.2422682493925
1724962477728833198,10.518219947814941,2.9064594507217407,-0.37912943214178085,15.446869025195353,10.91898331052933,47.11870518219948,-88.54727093540549,199.62087056785822
1724962477729161262,12.655045986175537,-3.699910879135132,-0.004343867301940918,-16.297149006286464,13.184822649354947,47.11872655045986,-88.5473369991088,199.99565613269806
1724962477828337192,3.606537342071533,-0.42602887749671936,0.091621994972229,-6.736949731367168,3.632768475168794,47.11863606537342,-88.54730426028878,200.09162199497223
1724962477828797578,12.720932006835938,-0.31265270709991455,0.4550913795828819,-1.4079215921038426,12.732908976411107,47.11872720932007,-88.54730312652708,200.45509137958288
1724962477829085588,12.703983306884766,-3.633972406387329,0.000628054141998291,-15.963169220972798,13.21351382889666,47.11872703983307,-88.54733633972407,200.000628054142
1724962477829493045,10.54080867767334,3.2332139015197754,-0.37152864784002304,17.052504990815056,11.031788306909272,47.118705408086775,-88.547267667861,199.62847135215998
1724962477929156303,3.616918444633484,-0.4189061224460602,0.07911241054534912,-6.6064774116823815,3.6419555390003033,47.11863616918445,-88.54730418906124,200.07911241054535
1724962477929777860,12.793201446533203,-0.21022379398345947,0.4620278850197792,-0.9414259774293137,12.803267827459983,47.118727932014465,-88.54730210223795,200.46202788501978
1724962477930145025,12.776540756225586,-3.84035861492157,-0.005652278661727905,-16.72966942450244,13.34122857666976,47.11872776540756,-88.54733840358615,199.99434772133827
1724962478032299041,3.588564872741699,-0.43070703744888306,0.07925039529800415,-6.844020812319426,3.615188380034785,47.11863588564873,-88.54730430707038,200.079250395298
1724962478032838106,12.892882347106934,-0.23075240850448608,0.24660462141036987,-1.0253508364360107,12.897304979323128,47.11872892882347,-88.54730230752409,200.24660462141037
1724962478132235527,3.6118812561035156,-0.43877023458480835,0.09446892142295837,-6.926335518397065,3.6396606852925637,47.11863611881256,-88.54730438770235,200.09446892142296
1724962478132690191,12.874979972839355,-0.16439896821975708,0.22831672430038452,-0.7315627038807891,12.878053612575211,47.11872874979973,-88.54730164398968,200.22831672430038
1724962478133013248,10.410472393035889,2.799140155315399,-0.38227786868810654,15.049605257105581,10.786994828224875,47.11870410472393,-88.54727200859845,199.6177221313119
1724962478235730648,3.6080135107040405,-0.4601125419139862,0.08359858393669128,-7.267427596084518,3.638193750734788,47.118636080135104,-88.54730460112543,200.0835985839367
1724962478236292123,12.8628568649292,-0.09187102317810059,0.22166746854782104,-0.4092195410088878,12.865094771480248,47.11872862856865,-88.54730091871023,200.22166746854782
1724962478236658334,31.867856979370117,5.015549302101135,-0.5645504295825958,8.944175744027135,32.26507028423986,47.11891867856979,-88.54724984450698,199.4354495704174
1724962478237045288,10.157498836517334,2.5926183462142944,-0.9211490154266357,14.318559666945072,10.523543510225032,47.118701574988364,-88.54727407381654,199.07885098457336
1724962478335860967,3.5699002742767334,-0.45778340101242065,0.07764574885368347,-7.307399787123827,3.599969787767481,47.118635699002745,-88.54730457783401,200.07764574885368
1724962478336328983,12.654453754425049,0.4341981112957001,0.005704641342163086,1.96515501448804,12.661901925290206,47.118726544537544,-88.5472956580189,200.00570464134216
1724962478336691141,10.62147855758667,2.765756070613861,-0.39394672960042953,14.595292525758108,10.982732238253543,47.118706214785576,-88.5472723424393,199.60605327039957
1724962478432496309,3.563574433326721,-0.46129322052001953,0.08851611614227295,-7.3757392956158165,3.594396928550672,47.11863563574433,-88.54730461293221,200.08851611614227
1724962478432943105,12.839268684387207,-0.05295628309249878,0.22840192914009094,-0.23631831289799704,12.841409274648944,47.11872839268685,-88.54730052956283,200.2284019291401
1724962478433277606,10.804235458374023,2.8894012570381165,-0.5985317379236221,14.972363163263724,11.1999278437614,47.118708042354584,-88.54727110598743,199.40146826207638
1724962478532768487,3.6074153184890747,-0.4395713806152344,0.10016301274299622,-6.947365383602676,3.6354780851832085,47.11863607415319,-88.54730439571381,200.100163012743
1724962478533475160,12.988075733184814,0.05773448944091797,0.2405691146850586,0.2546890592187488,12.990431787325456,47.118729880757336,-88.54729942265512,200.24056911468506
1724962478637785196,3.5600745677948,-0.4854273498058319,0.08463382720947266,-7.764575659991319,3.594013567713256,47.11863560074568,-88.5473048542735,200.08463382720947
1724962478638197660,12.91796064376831,-0.0896385908126831,0.21828210353851318,-0.39757285585288415,12.920115686310051,47.11872917960644,-88.54730089638592,200.2182821035385
1724962478638589382,31.756959915161133,6.027933359146118,-0.5629448294639587,10.747711981757593,32.32889405031477,47.118917569599155,-88.54723972066641,199.43705517053604
1724962478734800577,3.5767152309417725,-0.48795104026794434,0.09308859705924988,-7.7685809601203974,3.611046046210417,47.11863576715231,-88.5473048795104,200.09308859705925
1724962478735256433,12.859612941741943,0.025151193141937256,0.22207269072532654,0.11206055623986236,12.86155487777039,47.118728596129415,-88.54729974848807,200.22207269072533
1724962478837487220,3.5755752325057983,-0.48496195673942566,0.09472775459289551,-7.724000298015634,3.6095567165905065,47.11863575575232,-88.54730484961958,200.0947277545929
1724962478838260412,13.102773666381836,0.13154709339141846,0.21871894598007202,0.5752095116428396,13.105259263652117,47.118731027736665,-88.54729868452907,200.21871894598007
1724962478838636636,31.018871307373047,6.7465715408325195,-0.5559988021850586,12.270662211458605,31.748948634670935,47.11891018871307,-88.5472325342846,199.44400119781494
1724962478939783334,3.6113566160202026,-0.4805668294429779,0.10042175650596619,-7.579874705526875,3.644574819483544,47.11863611356616,-88.5473048056683,200.10042175650597
1724962478940305948,12.812103748321533,0.14047706127166748,0.23214900493621826,0.6281888108092392,12.81497676248346,47.118728121037485,-88.54729859522939,200.23214900493622
1724962478940601110,30.300439834594727,6.698064088821411,-0.5430839955806732,12.465062871697395,31.03668244084908,47.11890300439835,-88.54723301935911,199.45691600441933
1724962478940890073,10.150625705718994,2.4662200212478638,-0.9184471964836121,13.656111976129704,10.486228524285346,47.11870150625706,-88.54727533779979,199.0815528035164
1724962479040316104,3.526431679725647,-0.5156844258308411,0.05814799666404724,-8.319625563596668,3.5644118741151636,47.1186352643168,-88.54730515684426,200.05814799666405
1724962479040828227,12.81697130203247,0.07412970066070557,0.23441550135612488,0.3313787263597496,12.819329124291958,47.11872816971302,-88.547299258703,200.23441550135612
1724962479041137933,29.949503898620605,7.0553107261657715,-0.5419670343399048,13.255688966765689,30.774078726788098,47.11889949503899,-88.54722944689274,199.4580329656601
1724962479041555166,10.121174812316895,2.4017699360847473,-0.9147866666316986,13.34945186532057,10.442390198264265,47.118701211748125,-88.54727598230065,199.0852133333683
1724962479138563156,3.2085235118865967,-0.3732876777648926,0.04192867875099182,-6.636100938324363,3.230437250714214,47.11863208523512,-88.54730373287678,200.041928678751
1724962479139156818,12.770912170410156,0.3125194311141968,0.24311715364456177,1.401816188469225,12.777048642372401,47.11872770912171,-88.5472968748057,200.24311715364456
1724962479139501571,28.791688919067383,6.4497082233428955,-0.514357328414917,12.626537822334342,29.5097382306231,47.11888791688919,-88.54723550291777,199.48564267158508
1724962479139877557,9.788127422332764,2.362588405609131,-0.8859962224960327,13.57008568363636,10.108128002573897,47.11869788127422,-88.54727637411595,199.11400377750397
1724962479244148015,3.556398868560791,-0.48994898796081543,0.04244634509086609,-7.844004467813334,3.590240189084273,47.11863556398869,-88.54730489948989,200.04244634509087
1724962479244492053,12.53806734085083,1.5214422941207886,0.21912837028503418,6.918777497434373,12.631941123228588,47.11872538067341,-88.54728478557706,200.21912837028503
1724962479244910240,13.358162879943848,-1.053805485367775,0.44581330567598343,-4.510636648519549,13.40707913870947,47.1187335816288,-88.54731053805486,200.44581330567598
1724962479245200634,10.237977504730225,2.3980584144592285,-0.9254777431488037,13.182825063786451,10.555727194257372,47.11870237977505,-88.54727601941586,199.0745222568512
1724962479340582132,3.4175912141799927,-0.4683188498020172,0.07609280943870544,-7.8027495946353325,3.4503684394522907,47.11863417591214,-88.5473046831885,200.0760928094387
1724962479341023206,12.911285400390625,0.4063502550125122,0.22013238072395325,1.8026456184164945,12.919553764938323,47.118729112854005,-88.54729593649746,200.22013238072395
1724962479341448783,29.853787422180176,7.923910140991211,-0.5416877865791321,14.86492127629323,30.89223852409138,47.11889853787422,-88.5472207608986,199.45831221342087
1724962479341723680,10.192604064941406,2.362673282623291,-0.9212361872196198,13.050824283361983,10.503336554529943,47.11870192604065,-88.54727637326718,199.07876381278038
1724962479446235656,3.4801570177078247,-0.5018291771411896,0.07661044597625732,-8.205336733299882,3.5169865725310787,47.11863480157018,-88.54730501829178,200.07661044597626
1724962479446833133,12.431425094604492,1.7913870066404343,0.018788635730743408,8.19996064898251,12.559846746802092,47.11872431425095,-88.54728208612994,200.01878863573074
1724962479447166919,13.35089635848999,-0.8359559178352356,0.4585360735654831,-3.582853000367945,13.384898625035076,47.11873350896359,-88.54730835955918,200.45853607356548
1724962479549252033,3.423872470855713,-0.4799058437347412,0.0672929584980011,-7.9788618858494935,3.457996624896816,47.11863423872471,-88.54730479905844,200.067292958498
1724962479550303459,12.823694705963135,0.5978041887283325,0.23028352856636047,2.669034052951899,12.839686377140877,47.118728236947064,-88.54729402195812,200.23028352856636
1724962479551018953,10.084235668182373,2.346988558769226,-0.9122301042079926,13.101689214822848,10.393860114002813,47.11870084235668,-88.54727653011442,199.087769895792
1724962479551423788,29.127779960632324,8.256074905395508,-0.5291569530963898,15.825027706316313,30.279866997058058,47.118891277799605,-88.54721743925096,199.4708430469036
1724962479648122549,3.4156785011291504,-0.4231393039226532,0.07169288396835327,-7.061907090922705,3.4425348746543913,47.11863415678501,-88.54730423139304,200.07169288396835
1724962479648656606,12.352150440216064,2.3391279578208923,0.20876330137252808,10.723129905253856,12.573413308119209,47.1187235215044,-88.54727660872042,200.20876330137253
1724962479648972272,13.377844333648682,-0.7250174880027771,0.4699380621314049,-3.1021323456655536,13.405715615195103,47.118733778443335,-88.54730725017488,200.4699380621314
1724962479752515316,3.4922560453414917,-0.5148209631443024,0.09628069400787354,-8.386021702796294,3.5313117792621567,47.11863492256045,-88.54730514820965,200.09628069400787
1724962479752831220,13.368042469024658,-0.6042464375495911,0.240920752286911,-2.58805442461624,13.38386028094364,47.11873368042469,-88.54730604246438,200.2409207522869
1724962479753144264,12.331704139709473,1.9926301538944244,0.02281850576400757,9.178855128729117,12.491678134011554,47.1187233170414,-88.54728007369847,200.022818505764
1724962479850375175,3.4883919954299927,-0.5192870199680328,0.07686924934387207,-8.466955203170812,3.5276687208951487,47.11863488391995,-88.54730519287021,200.07686924934387
1724962479850826978,13.37877607345581,-0.4797135591506958,0.2355843484401703,-2.0535355457452673,13.389446377940226,47.11873378776073,-88.5473047971356,200.23558434844017
1724962479851110935,12.45753002166748,2.0301981568336487,0.023184865713119507,9.25609581608057,12.621897493433998,47.11872457530022,-88.54727969801844,200.02318486571312
1724962479952501773,3.5494179725646973,-0.6126908957958221,0.08955135941505432,-9.793729321965884,3.603023386508816,47.11863549417973,-88.54730612690896,200.08955135941505
1724962479953137159,13.305509567260742,-0.4647247791290283,0.2263781726360321,-2.0003705097857534,13.315547342931485,47.118733055095674,-88.5473046472478,200.22637817263603
1724962479953891515,12.259958267211914,1.6836720705032349,0.012508302927017212,7.81957179395598,12.375034739846692,47.118722599582675,-88.5472831632793,200.01250830292702
1724962480053028106,3.57567822933197,-0.5705206990242004,0.09095638990402222,-9.065467485447071,3.622049382959604,47.1186357567823,-88.547305705207,200.09095638990402
1724962480053600072,13.244996070861816,-0.32190072536468506,0.21638411283493042,-1.3922180770182973,13.250674061285434,47.11873244996071,-88.54730321900726,200.21638411283493
1724962480154269456,3.556041717529297,-0.6785487830638885,0.10426715016365051,-10.803071117592925,3.6217030229450677,47.118635560417175,-88.54730678548783,200.10426715016365
1724962480155194520,13.127636909484863,-0.4788717031478882,0.8966469466686249,-2.0891168417429005,13.166933761598226,47.1187312763691,-88.54730478871704,200.89664694666862
1724962480254982233,3.1083332300186157,-0.6323508732020855,0.1024923324584961,-11.499173928047316,3.1736584211112233,47.1186310833323,-88.54730632350874,200.1024923324585
1724962480255817651,11.927024841308594,3.578305721282959,-0.0047102272510528564,16.700118043166995,12.452237372713363,47.11871927024841,-88.54726421694279,199.99528977274895
1724962480256412982,13.082414627075195,-1.1639972031116486,0.6953760758042336,-5.084456722802171,13.152490632970002,47.11873082414627,-88.54731163997204,200.69537607580423
1724962480359174251,3.521843433380127,-0.9485423862934113,0.09162193536758423,-15.073854408881632,3.6484939916187913,47.118635218434335,-88.54730948542387,200.09162193536758
1724962480359616279,12.10144567489624,2.8554702401161194,0.23289448022842407,13.276724199422999,12.435953423584964,47.11872101445675,-88.54727144529761,200.23289448022842
1724962480452777385,3.640154242515564,-1.051800787448883,0.09869632124900818,-16.116333468894908,3.7903494257931203,47.118636401542425,-88.54731051800788,200.098696321249
1724962480453604698,12.405750274658203,2.462738126516342,0.24182364344596863,11.2281445449038,12.650146150598767,47.118724057502746,-88.54727537261874,200.24182364344597
1724962480454053163,4.132355809211731,1.0292808711528778,-0.9543830156326294,13.986538906162524,4.364244560765952,47.118641323558094,-88.5472897071913,199.04561698436737
1724962480553802490,12.021597862243652,2.652715563774109,0.22870761156082153,12.443618321980082,12.312920944900782,47.11872021597862,-88.54727347284437,200.22870761156082
1724962480554368495,3.694130063056946,-1.1621483266353607,0.11388036608695984,-17.46322271082969,3.874294051006271,47.11863694130063,-88.54731162148327,200.11388036608696
1724962480554813861,13.217501640319824,0.6648185439407825,0.24346786737442017,2.8794566266003914,13.236450049415389,47.118732175016405,-88.54729335181457,200.24346786737442
1724962480555294275,4.111700057983398,0.9993247985839844,-0.941108375787735,13.660538679511278,4.334790928621983,47.11864111700058,-88.54729000675202,199.05889162421227
1724962480555763244,9.112448692321777,1.808626264333725,-0.82100710272789,11.226092131344119,9.326408890723389,47.11869112448692,-88.54728191373736,199.1789928972721
1724962480556292533,2.8944605588912964,0.21333667263388634,-0.5143482238054276,4.21537223797017,2.947536014741739,47.11862894460559,-88.54729786663329,199.48565177619457
1724962480661418437,13.26359224319458,0.10103362798690796,0.2452767789363861,0.43643444450738433,13.266244671571569,47.118732635922434,-88.54729898966373,200.2452767789364
1724962480662042617,12.096689701080322,3.018939256668091,0.21348291635513306,14.01291232222773,12.46954172835754,47.11872096689701,-88.54726981060745,200.21348291635513
1724962480662653923,3.917293906211853,-1.176312804222107,0.7121780663728714,-16.71433412932598,4.151638346393384,47.11863917293906,-88.54731176312805,200.71217806637287
1724962480663055896,2.827655792236328,0.07880314439535141,-0.45737726986408234,1.596346782650213,2.8654914381171293,47.11862827655792,-88.54729921196856,199.54262273013592
1724962480663621902,9.583960056304932,1.7185308039188385,-0.8624932169914246,10.165854864631216,9.77494414481344,47.11869583960056,-88.54728281469197,199.13750678300858
1724962480760092735,12.58426570892334,1.3409897089004517,0.24704232811927795,6.082531906486162,12.65792347678099,47.11872584265709,-88.54728659010291,200.24704232811928
1724962480760726451,2.7662495374679565,-0.09447179734706879,-0.4081124458462,-1.9559812967370842,2.7977879105625996,47.11862766249538,-88.54730094471797,199.5918875541538
1724962480761428117,3.8713016510009766,-1.2151749432086945,0.66136634349823,-17.426714108078755,4.1110864812063195,47.11863871301651,-88.54731215174944,200.66136634349823
1724962480761998891,4.056812167167664,0.9529243111610413,-0.9479150772094727,13.218842049963955,4.273679058619445,47.11864056812167,-88.54729047075689,199.05208492279053
1724962480762756824,9.26497745513916,1.6563862413167953,-0.8335574865341187,10.136213687617474,9.448716352395047,47.11869264977455,-88.54728343613759,199.16644251346588
1724962480859431266,12.591159343719482,1.3615902662277222,0.2514161467552185,6.171901614571447,12.66706089631173,47.11872591159344,-88.54728638409735,200.25141614675522
1724962480860243797,3.4564881324768066,-0.7007754668593407,0.11931559443473816,-11.460917423224664,3.5288287966378085,47.118634564881326,-88.54730700775468,200.11931559443474
1724962480860946893,9.182092189788818,1.6002638936042786,-0.8267303109169006,9.886267185823185,9.35709060114003,47.118691820921896,-88.54728399736108,199.1732696890831
1724962480861635446,3.7790017127990723,0.8247636705636978,-0.9542580842971802,12.311694804952797,3.983929912669969,47.118637790017125,-88.54729175236331,199.04574191570282
1724962480959425687,11.852548122406006,1.6452309489250183,0.22220659255981445,7.902627386328442,11.96825207116845,47.11871852548123,-88.54728354769051,200.22220659255981
1724962480960148334,13.071182250976562,-0.036164700984954834,0.46634436398744583,-0.1585227263167791,13.079548554505424,47.11873071182251,-88.54730036164702,200.46634436398745
1724962480960611104,2.7350614070892334,-0.4058896005153656,-0.35226092860102654,-8.441221626654123,2.7873634549829194,47.11862735061407,-88.54730405889602,199.64773907139897
1724962480960993528,3.99421763420105,0.8990864455699921,-0.923995316028595,12.685673801097698,4.197129768069257,47.118639942176344,-88.54729100913555,199.0760046839714
1724962480961346864,3.9916242361068726,-1.238006591796875,0.5813998356461525,-17.23133348255598,4.219449031863954,47.11863991624236,-88.54731238006592,200.58139983564615
1724962480961854457,8.828412055969238,1.5420053377747536,-0.7952089607715607,9.907562433885367,8.997277209411758,47.11868828412056,-88.54728457994663,199.20479103922844
1724962480962185382,5.303666114807129,1.1391318887472153,-0.8603896498680115,12.121939709965716,5.4924280666126295,47.11865303666115,-88.54728860868111,199.139610350132
1724962481063438653,12.49377727508545,1.3410096168518066,0.46956488490104675,6.1263421877988895,12.574309864682942,47.118724937772754,-88.54728658990383,200.46956488490105
1724962481064118385,3.436606526374817,0.2603820562362671,-0.461796710267663,4.332862301543951,3.4772574586800222,47.118634366065265,-88.54729739617945,199.53820328973234
1724962481064581394,8.829711437225342,1.5250518545508385,-0.8000897169113159,9.799343826895088,8.996095307345525,47.118688297114375,-88.54728474948146,199.19991028308868
1724962481064998388,3.4677704572677612,-1.084902971982956,0.5872255638241768,-17.37245752591004,3.6806630198545927,47.11863467770457,-88.54731084902973,200.58722556382418
1724962481065793991,5.376100778579712,1.1187203526496887,-0.865082710981369,11.755003298004972,5.558989378089951,47.118653761007785,-88.54728881279648,199.13491728901863
1724962481166440248,12.507610321044922,1.4816403985023499,0.25637200474739075,6.755724449343996,12.597670452047945,47.11872507610321,-88.54728518359602,200.2563720047474
1724962481167161941,3.517038941383362,-0.749918170273304,0.09421011805534363,-12.036599859794814,3.5973345304067927,47.11863517038942,-88.54730749918171,200.09421011805534
1724962481167680263,3.970520496368408,0.8604367971420288,-0.9276471138000488,12.227291538248043,4.1672429328873095,47.11863970520496,-88.54729139563203,199.07235288619995
1724962481168348312,8.998087882995605,1.470015749335289,-0.8098511099815369,9.2784328687373,9.153272129339566,47.118689980878834,-88.54728529984251,199.19014889001846
1724962481168834447,5.417130470275879,1.0921225249767303,-0.8707143366336823,11.398347615974265,5.594298668963996,47.118654171304705,-88.54728907877475,199.12928566336632
1724962481260554552,12.463866710662842,1.4814085364341736,0.2487676739692688,6.778163272714739,12.554060298907341,47.11872463866711,-88.54728518591465,200.24876767396927
1724962481261291503,2.790419340133667,-0.4382448196411133,-0.34966323152184486,-8.925587529774992,2.8461839348876556,47.1186279041934,-88.5473043824482,199.65033676847816
1724962481261809110,4.021379351615906,-1.2903724312782288,0.6002964898943901,-17.790296333045504,4.265783489206312,47.11864021379352,-88.54731290372432,200.6002964898944
1724962481262242794,4.114202380180359,0.8574792966246605,-0.944897323846817,11.773011044075824,4.307523989699248,47.118641142023804,-88.54729142520704,199.05510267615318
1724962481262785673,9.383248805999756,1.711432471871376,-0.8451492190361023,10.33668600287055,9.57541834404685,47.11869383248806,-88.54728288567529,199.1548507809639
1724962481263332366,5.550416946411133,1.0876848697662354,-0.8929280042648315,11.087438639542308,5.726037641836338,47.11865550416947,-88.54728912315132,199.10707199573517
1724962481365428686,13.109787940979004,0.2439703345298767,0.24897664785385132,1.066139071005084,13.114421479910796,47.11873109787941,-88.54729756029666,200.24897664785385
1724962481366212368,3.5132235288619995,-0.784886259585619,0.12860429286956787,-12.593596715411131,3.602127852864241,47.11863513223529,-88.5473078488626,200.12860429286957
1724962481366671800,11.954473972320557,2.9591050148010254,0.23296916484832764,13.903033970144856,12.317468290005065,47.118719544739726,-88.54727040894986,200.23296916484833
1724962481367172718,4.049091458320618,0.8277470469474792,-0.9391485452651978,11.553662804953504,4.238196173096403,47.118640490914586,-88.54729172252954,199.0608514547348
1724962481367574453,9.35089111328125,1.3593031913042068,-0.8402685225009918,8.270933918439109,9.48645987543499,47.118693508911136,-88.5472864069681,199.159731477499
1724962481367967605,12.914831638336182,-2.417342960834503,0.23256705701351166,-10.60170557704956,13.141176152569955,47.11872914831638,-88.54732417342962,200.2325670570135
1724962481463967800,12.385467529296875,1.4744164943695068,0.2712412476539612,6.788774211137499,12.475867975117602,47.118723854675295,-88.54728525583506,200.27124124765396
1724962481464689493,2.7042635679244995,-0.47478455677628517,-0.35352890007197857,-9.957868965014717,2.768292705503358,47.11862704263568,-88.54730474784557,199.64647109992802
1724962481465466260,8.925830364227295,1.3487783670425415,-0.8036631047725677,8.592930080132245,9.0628651739026,47.11868925830364,-88.54728651221633,199.19633689522743
1724962481466408491,3.6986615657806396,0.7099260538816452,-0.9389442801475525,10.86528377961235,3.881457038456649,47.118636986615655,-88.54729290073946,199.06105571985245
1724962481467130422,3.4846667051315308,-1.1014882028102875,0.5962600633502007,-17.541522039132474,3.702931861367268,47.11863484666705,-88.54731101488204,200.5962600633502
1724962481467563867,5.344933032989502,1.0262356027960777,-0.8626423478126526,10.868612808839083,5.510500926397555,47.11865344933033,-88.54728973764398,199.13735765218735
1724962481468034505,13.034985065460205,-2.6732335090637207,0.23871063441038132,-11.5896041403893,13.308418231244927,47.11873034985066,-88.5473267323351,200.23871063441038
1724962481566259622,12.249131679534912,0.3674660921096802,0.4604185223579407,1.718321277319936,12.263288443446415,47.118722491316795,-88.54729632533909,200.46041852235794
1724962481567071914,3.4281376600265503,0.23559874296188354,-0.4466610848903656,3.9314703189303692,3.4651321343540378,47.1186342813766,-88.54729764401257,199.55333891510963
1724962481567728042,4.039889097213745,-1.3091856837272644,0.5355592891573906,-17.95568212447852,4.280361529645093,47.118640398890975,-88.54731309185685,200.5355592891574
1724962481568274021,8.510197162628174,1.2639956623315811,-0.7663604617118835,8.448218878640203,8.637618256120891,47.11868510197163,-88.54728736004338,199.23363953828812
1724962481666866779,12.281527519226074,0.30893754959106445,0.442138135433197,1.4409515166459774,12.293365964855152,47.11872281527519,-88.54729691062451,200.4421381354332
1724962481667542934,2.703820586204529,-0.4784339554607868,-0.3575682155787945,-10.034470476359278,2.7690070135182863,47.118627038205865,-88.54730478433956,199.6424317844212
1724962481667952299,3.819821000099182,0.7032886072993279,-0.9121270775794983,10.432214481306817,3.989689604920345,47.11863819821,-88.54729296711393,199.0878729224205
1724962481668344497,3.507983088493347,-1.1245279610157013,0.5873244777321815,-17.773904000229525,3.7303429502399417,47.11863507983089,-88.54731124527962,200.58732447773218
1724962481766595602,12.227535724639893,0.353971004486084,0.4471908211708069,1.6581740248378005,12.24082942450801,47.11872227535725,-88.54729646028996,200.4471908211708
1724962481767337799,3.429826021194458,0.2421610951423645,-0.451730340719223,4.038636964877544,3.4679113068804774,47.11863429826021,-88.54729757838905,199.54826965928078
1724962481767992973,4.247980952262878,-1.37111234664917,0.5229071639478207,-17.888419331901098,4.494298959796731,47.11864247980952,-88.54731371112348,200.52290716394782
1724962481768489122,8.730668067932129,1.2368977218866348,-0.7867112755775452,8.06358764721735,8.852874986010981,47.11868730668068,-88.54728763102278,199.21328872442245
1724962481769028663,5.267550230026245,1.0087275505065918,-0.852802574634552,10.840806141929688,5.430643509594779,47.118652675502304,-88.54728991272451,199.14719742536545
1724962481873129129,12.214974880218506,0.4611266851425171,0.45004984736442566,2.1619424434709655,12.231957897623436,47.118722149748805,-88.54729538873316,200.45004984736443
1724962481874109029,2.999325156211853,-0.6227375082671642,0.13451194763183594,-11.729435163971402,3.0662431183687575,47.11862999325156,-88.54730622737509,200.13451194763184
1724962481874428987,8.912031173706055,1.2390905022621155,-0.8034016191959381,7.915415064356886,9.033554066680033,47.118689120311736,-88.54728760909498,199.19659838080406
1724962481875221014,3.6759504079818726,0.6910984627902508,-0.9368036389350891,10.647625581132601,3.8558824599740027,47.11863675950408,-88.54729308901538,199.0631963610649
1724962481875732183,5.338223695755005,0.9950915947556496,-0.861954003572464,10.559242675029845,5.498163712745208,47.11865338223696,-88.54729004908405,199.13804599642754
1724962481971936225,12.355295658111572,0.2874321937561035,0.43643438816070557,1.3326821168446639,12.366342346891717,47.11872355295658,-88.54729712567807,200.4364343881607
1724962481972630977,3.774718403816223,-0.8974721170961857,0.10525307059288025,-13.37424827444442,3.8813700465097676,47.11863774718404,-88.54730897472118,200.10525307059288
1724962481973141908,3.952309012413025,0.8101854138076305,-0.9156450629234314,11.584598484809169,4.1370947312823185,47.118639523090124,-88.54729189814587,199.08435493707657
1724962481973703861,8.842849254608154,1.19695582985878,-0.7966906130313873,7.708626180211682,8.95898443637722,47.11868842849255,-88.5472880304417,199.2033093869686
1724962481974150896,5.264034986495972,0.9851368181407452,-0.8497521281242371,10.599994189144859,5.4224198997091495,47.118652640349865,-88.54729014863183,199.15024787187576
1724962482071600198,12.374754428863525,0.21439385414123535,0.24770709872245789,0.9925557917185807,12.379090059698592,47.11872374754429,-88.54729785606146,200.24770709872246
1724962482072442770,3.7182918787002563,-0.9278828068636358,0.10042184591293335,-14.011728846960366,3.8336334652152106,47.11863718291879,-88.54730927882808,200.10042184591293
1724962482073659420,4.047114610671997,0.7638325402513146,-0.9339438080787659,10.688002042711622,4.223130101963494,47.11864047114611,-88.54729236167461,199.06605619192123
1724962482074487209,9.155511856079102,1.2129862308502197,-0.8270498812198639,7.546993357712741,9.272472402173166,47.11869155511856,-88.5472878701377,199.17295011878014
1724962482074768304,5.446692228317261,0.9459350411780179,-0.8887042999267578,9.852371551596967,5.599200359412799,47.11865446692229,-88.5472905406496,199.11129570007324
1724962482173038005,12.19564437866211,0.357296347618103,0.4215758740901947,1.6781170474381037,12.208158284869542,47.118721956443785,-88.54729642703653,200.4215758740902
1724962482173565149,2.7049643993377686,-0.533386948518455,-0.35786199755966663,-11.154938795856904,2.780179715024185,47.118627049644,-88.54730533386949,199.64213800244033
1724962482173975229,3.5425024032592773,-1.149849385023117,0.5211467929184437,-17.98274416384,3.7607274382896954,47.11863542502403,-88.54731149849385,200.52114679291844
1724962482174287080,3.691999912261963,0.5553353596478701,-0.9410317242145538,8.554067167975981,3.8502988740870214,47.118636919999126,-88.5472944466464,199.05896827578545
1724962482272241592,12.207944869995117,2.0284626856446266,0.2595873475074768,9.434031531700096,12.37804364214631,47.1187220794487,-88.54727971537315,200.25958734750748
1724962482272909641,3.766128897666931,-0.23979711532592773,0.007246941328048706,-3.6432211974325925,3.773762320088426,47.11863766128898,-88.54730239797117,200.00724694132805
1724962482273385524,13.020188808441162,-0.6770027875900269,0.03600713610649109,-2.9764930671063534,13.037827499077894,47.118730201888084,-88.54730677002789,200.0360071361065
1724962482375986099,12.156214237213135,0.4021989107131958,0.24090513586997986,1.894989386227837,12.165251490589528,47.118721562142376,-88.5472959780109,200.24090513586998
1724962482376671552,3.502979040145874,0.24713432788848877,-0.4628571607172489,4.035517029243489,3.542057916374242,47.118635029790404,-88.54729752865673,199.53714283928275
1724962482377013683,9.24576997756958,1.1017671823501587,-0.8326859474182129,6.795575400206181,9.34834313069747,47.11869245769978,-88.54728898232818,199.1673140525818
1724962482377298116,3.7760320901870728,-1.2203215956687927,0.523570641875267,-17.909568960577584,4.002715248429729,47.1186377603209,-88.54731220321597,200.52357064187527
1724962482377725362,5.4943718910217285,0.9058197066187859,-0.8887042999267578,9.361754344772365,5.639009412162471,47.11865494371891,-88.54729094180294,199.11129570007324
1724962482476655721,12.037736892700195,0.38261914253234863,0.43489471077919006,1.8205318868487934,12.05166545816682,47.11872037736893,-88.54729617380858,200.4348947107792
1724962482477123498,3.4770455360412598,0.24619579315185547,-0.45663779601454735,4.050127321755044,3.5155335448576146,47.11863477045536,-88.54729753804207,199.54336220398545
1724962482477473497,8.808583736419678,1.0184504687786102,-0.7954414188861847,6.595266595461689,8.90287121381368,47.11868808583736,-88.54728981549532,199.20455858111382
1724962482478061914,3.5156850814819336,-1.1280314326286316,0.5277947410941124,-17.789191109413238,3.7297538516475095,47.118635156850814,-88.54731128031433,200.5277947410941
1724962482478329420,5.342101573944092,0.8682381361722946,-0.8585124611854553,9.23141843630476,5.47986590469608,47.11865342101574,-88.54729131761864,199.14148753881454
1724962482577081203,12.036823749542236,0.48911726474761963,0.43734708428382874,2.3269382446402935,12.054693448957952,47.1187203682375,-88.54729510882736,200.43734708428383
1724962482577642917,3.472071409225464,0.2477947473526001,-0.4573327638208866,4.082163156075486,3.5108169084189633,47.11863472071409,-88.54729752205253,199.5426672361791
1724962482577905416,8.87459421157837,1.0062277913093567,-0.8014260828495026,6.468739619515752,8.967340773855708,47.118688745942116,-88.5472899377221,199.1985739171505
1724962482578137636,3.528861880302429,-1.1322658956050873,0.526844285428524,-17.789288231470263,3.7433216706143058,47.118635288618805,-88.54731132265896,200.52684428542852
1724962482578373908,5.375236749649048,0.8564637824892998,-0.8632575869560242,9.053126956189908,5.511071945359694,47.1186537523675,-88.54729143536218,199.13674241304398
1724962482678662538,3.7290526628494263,-0.1885589361190796,0.015529125928878784,-2.8946863239070177,3.7338491384155934,47.11863729052663,-88.54730188558936,200.01552912592888
1724962482679341077,11.951944828033447,2.296085074543953,0.4558580219745636,10.874589591716747,12.179031093568058,47.118719519448284,-88.54727703914926,200.45585802197456
1724962482679928541,12.537439346313477,-0.5284606218338013,0.032291293144226074,-2.413622895413735,12.54861341818016,47.11872537439346,-88.54730528460622,200.03229129314423
1724962482680336952,8.73271131515503,1.0384562313556671,-0.7871035039424896,6.781520075963071,8.82939240175657,47.11868732711315,-88.54728961543769,199.2128964960575
1724962482776520013,11.990271091461182,0.25505495071411133,0.4428693652153015,1.2186020264965962,12.001157742037211,47.118719902710914,-88.5472974494505,200.4428693652153
1724962482777358531,3.416348099708557,0.09896403551101685,0.029699474573135376,1.659267782000635,3.4179102208069794,47.118634163481,-88.54729901035965,200.02969947457314
1724962482778020858,8.593550205230713,1.0565551817417145,-0.7742335200309753,7.009194704465896,8.692804583414127,47.11868593550205,-88.54728943444819,199.22576647996902
1724962482778402090,5.290993690490723,0.8602288365364075,-0.844120442867279,9.234553245857382,5.426522570310371,47.118652909936905,-88.54729139771165,199.15587955713272
1724962482879259824,12.248641014099121,0.44297289848327637,0.44255679845809937,2.0712029215907863,12.264635673387257,47.11872248641014,-88.54729557027102,200.4425567984581
1724962482879995107,3.8079946041107178,-0.13900238275527954,0.031058311462402344,-2.0905269565709097,3.8106573167970486,47.118638079946045,-88.54730139002383,200.0310583114624
1724962482880313873,8.72696828842163,1.1614296436309814,-0.7859704792499542,7.58066989006809,8.838927758414703,47.11868726968289,-88.54728838570357,199.21402952075005
1724962482880682229,5.283365488052368,0.8974600415676832,-0.8535065352916718,9.640539736749261,5.426588137341833,47.118652833654885,-88.54729102539959,199.14649346470833
1724962482979725122,12.532724857330322,0.650761604309082,0.43052688241004944,2.9724132456976133,12.556991535063883,47.118725327248576,-88.54729349238396,200.43052688241005
1724962482980202198,3.7807658910751343,-0.25991976261138916,0.025170177221298218,-3.932777229161877,3.7897734159095138,47.118637807658914,-88.54730259919764,200.0251701772213
1724962482980605125,8.620218753814697,1.0738553702831268,-0.7783589065074921,7.100984161740463,8.72165003352256,47.11868620218754,-88.54728926144631,199.2216410934925
1724962482981082201,5.2267746925354,0.9104143027216196,-0.8419303894042969,9.880808969501867,5.371859516939278,47.118652267746924,-88.54729089585697,199.1580696105957
1724962483077787637,12.627190113067627,1.0299875736236572,0.4401882290840149,4.663236810733704,12.676772863406368,47.11872627190113,-88.54728970012427,200.44018822908401
1724962483078542947,3.4287149906158447,0.1484333872795105,-0.44564189575612545,2.478858609708028,3.460739177774915,47.11863428714991,-88.54729851566613,199.55435810424387
1724962483078928232,4.342836260795593,-1.1732897758483887,0.5328314565122128,-15.118477408229973,4.529982897014109,47.11864342836261,-88.54731173289777,200.5328314565122
1724962483079248905,8.65565538406372,1.2497719675302505,-0.7805667817592621,8.21603609071287,8.780181353439218,47.11868655655384,-88.54728750228033,199.21943321824074
1724962483181989908,3.820369243621826,0.03536581993103027,0.045618414878845215,0.5303818068488285,3.820805273578733,47.118638203692434,-88.54729964634181,200.04561841487885
1724962483182809114,12.154108047485352,1.1854225993156433,0.4491136968135834,5.570591251693143,12.220035690683641,47.118721541080475,-88.54728814577402,200.44911369681358
1724962483183271408,8.504444599151611,1.4084972143173218,-0.7650966644287109,9.403905178803452,8.654179062666696,47.11868504444599,-88.54728591502787,199.2349033355713
1724962483283888339,3.820034146308899,0.10887664556503296,0.09857136011123657,1.6325728255903749,3.8228564341274485,47.118638200341465,-88.54729891123355,200.09857136011124
1724962483284441947,12.041188716888428,1.386551558971405,0.2710539400577545,6.568719199415357,12.123787410699185,47.11872041188717,-88.54728613448442,200.27105394005775
1724962483284731149,8.428588390350342,1.5700839310884476,-0.7590974867343903,10.552156132217352,8.60711884424615,47.1186842858839,-88.5472842991607,199.2409025132656
1724962483386288881,3.8600388765335083,0.15289640426635742,0.0916752815246582,2.268303955663576,3.8641534384688034,47.11863860038876,-88.54729847103596,200.09167528152466
1724962483386872529,12.354325294494629,1.6057705283164978,0.443296879529953,7.405581513644429,12.466128693191028,47.11872354325295,-88.54728394229473,200.44329687952995
1724962483488876819,3.8658887147903442,0.09051495790481567,0.09706699848175049,1.3412640871116082,3.868166298770272,47.11863865888715,-88.54729909485043,200.09706699848175
1724962483489797830,12.176939487457275,1.5345233976840973,0.26073789596557617,7.182484462375663,12.276017334202031,47.118721769394874,-88.54728465476603,200.26073789596558
1724962483584407091,3.8763294219970703,-0.0118635892868042,0.1073252260684967,-0.1753544138579992,3.877833059421403,47.11863876329422,-88.5473001186359,200.1073252260685
1724962483585001230,12.270415306091309,1.728842943906784,0.25289469957351685,8.019910887876378,12.394189987156423,47.118722704153065,-88.54728271157057,200.25289469957352
1724962483690176963,3.9369994401931763,-0.010199368000030518,0.10780906677246094,-0.14843269389273392,3.938488468190218,47.118639369994405,-88.54730010199368,200.10780906677246
1724962483690747022,12.554437160491943,1.814246155321598,0.4645046219229698,8.222908360303855,12.693350466784883,47.11872554437161,-88.54728185753845,200.46450462192297
1724962483691044092,11.119980812072754,2.455559730529785,-0.400445356965065,12.452448242151151,11.394915679151847,47.118711199808125,-88.5472754444027,199.59955464303493
1724962483786936759,3.8750555515289307,-0.007240474224090576,0.10385113954544067,-0.10705604769304695,3.8764536642512653,47.11863875055552,-88.54730007240475,200.10385113954544
1724962483787544488,12.722674369812012,1.5637671649456024,0.47761309891939163,7.007183461992085,12.827311687906116,47.1187272267437,-88.54728436232836,200.4776130989194
1724962483787953138,11.290619373321533,2.208579421043396,-0.4130059704184532,11.06797968673206,11.51201471610774,47.118712906193736,-88.5472779142058,199.58699402958155
1724962483892818927,3.893143057823181,0.06388688087463379,0.07800006866455078,0.9401452921681174,3.89444840933044,47.11863893143058,-88.5472993611312,200.07800006866455
1724962483893361330,12.499315738677979,1.82953579723835,0.02208578586578369,8.327300221082385,12.632520847023244,47.118724993157386,-88.54728170464203,200.02208578586578
1724962483990811824,3.8713146448135376,-0.005256772041320801,0.11287879943847656,-0.07780061667647109,3.872963508240522,47.118638713146446,-88.54730005256772,200.11287879943848
1724962483991633653,12.27244234085083,1.7166450321674347,0.2647457420825958,7.962756134318004,12.394748947999076,47.11872272442341,-88.54728283354969,200.2647457420826
1724962484089186668,3.9655492305755615,0.09674263000488281,0.10298097133636475,1.3974975051512106,3.9680656392045823,47.11863965549231,-88.5472990325737,200.10298097133636
1724962484089870452,12.109857559204102,1.7307444214820862,0.2578261196613312,8.133648338152552,12.235628331421468,47.11872109857559,-88.5472826925558,200.25782611966133
1724962484192695140,3.960678458213806,0.013544917106628418,0.08799844980239868,0.1959420757868499,3.961679068438778,47.11863960678458,-88.54729986455084,200.0879984498024
1724962484193439006,12.517865180969238,1.8007310181856155,0.25117942690849304,8.186005319558198,12.649216260040774,47.11872517865181,-88.54728199268982,200.2511794269085
1724962484194022178,8.796882152557373,1.8923512995243073,-0.7943374514579773,12.140240138104192,9.033111370595545,47.118687968821526,-88.54728107648701,199.20566254854202
1724962484288952827,3.946024179458618,0.05425715446472168,0.10079151391983032,0.787757482398471,3.9476840796802524,47.118639460241795,-88.54729945742847,200.10079151391983
1724962484289389848,12.229137420654297,1.699721336364746,0.036530524492263794,7.912816471360031,12.346748120608943,47.118722291374205,-88.54728300278664,200.03653052449226
1724962484391029834,3.9508047103881836,0.09996026754379272,0.08851614594459534,1.4493451896640241,3.9530602098634633,47.1186395080471,-88.54729900039733,200.0885161459446
1724962484391611337,12.416850090026855,1.6421580612659454,0.0333903431892395,7.533782911231602,12.525013539769088,47.118724168500904,-88.5472835784194,200.03339034318924
1724962484391937255,8.6915922164917,1.7685403376817703,-0.7843435704708099,11.501366754724188,8.904308228061602,47.11868691592217,-88.54728231459663,199.2156564295292
1724962484488863468,4.0034462213516235,0.15388518571853638,0.10685113072395325,2.2012617853419685,4.007827274443748,47.11864003446222,-88.54729846114815,200.10685113072395
1724962484489374637,12.03607988357544,1.628447026014328,0.2567819654941559,7.705166510564202,12.148456513407261,47.11872036079884,-88.54728371552974,200.25678196549416
1724962484590359210,3.9957422018051147,0.11354267597198486,0.10875579714775085,1.6276740731753554,3.9988342683795373,47.11863995742202,-88.54729886457325,200.10875579714775
1724962484591036558,12.114559173583984,1.8236751854419708,0.25974610447883606,8.560788315977707,12.25380770173323,47.118721145591735,-88.54728176324815,200.25974610447884
1724962484691033363,3.981915235519409,-0.10129714012145996,0.1020084023475647,-1.4572502766172186,3.9845094764108517,47.11863981915236,-88.5473010129714,200.10200840234756
1724962484692898035,12.077626705169678,1.5948845446109772,0.24752402305603027,7.522544276735383,12.184990426014153,47.118720776267054,-88.54728405115456,200.24752402305603
1724962484790979385,3.916594386100769,-0.031003117561340332,0.09110432863235474,-0.453534502694012,3.9177765093519734,47.11863916594386,-88.54730031003118,200.09110432863235
1724962484791499614,12.149147033691406,1.6296177506446838,0.032657623291015625,7.639730965811956,12.257997152056609,47.11872149147034,-88.5472837038225,200.03265762329102
1724962484791766643,8.792401790618896,1.6298389062285423,-0.7922457158565521,10.5016604180041,8.977213230297457,47.118687924017905,-88.54728370161095,199.20775428414345
1724962484893096685,3.9386931657791138,0.0774431824684143,0.09679830074310303,1.1264131655017855,3.940643502233193,47.11863938693166,-88.54729922556818,200.0967983007431
1724962484893812656,12.060931205749512,1.6294351816177368,0.2513419985771179,7.69409046969592,12.173097114586934,47.11872060931206,-88.5472837056482,200.25134199857712
1724962484894112110,8.44794750213623,1.565221905708313,-0.7608695924282074,10.496638752250416,8.625349798682997,47.11868447947502,-88.54728434778094,199.2391304075718
1724962485003529548,3.928035616874695,-0.03212082386016846,0.1161234974861145,-0.4685157675255431,3.9298829780834477,47.11863928035617,-88.54730032120824,200.11612349748611
1724962485004259347,12.160589694976807,1.6241336464881897,0.02951750159263611,7.607242496831884,12.268603144373502,47.11872160589695,-88.54728375866354,200.02951750159264
1724962485004711866,8.773746967315674,1.6097121015191078,-0.7913741171360016,10.396387591924691,8.955226512463593,47.11868773746967,-88.54728390287899,199.208625882864
1724962485096701860,3.923175573348999,0.11030489206314087,0.0995590090751648,1.6105168066564874,3.925988505436986,47.118639231755736,-88.54729889695109,200.09955900907516
1724962485097423076,12.075098514556885,1.5965651273727417,0.02841845154762268,7.531938662635174,12.18022298443608,47.11872075098515,-88.54728403434873,200.02841845154762
1724962485097826242,8.802168369293213,1.5288417944684625,-0.7927686274051666,9.85335904891134,8.96905833019818,47.118688021683695,-88.54728471158207,199.20723137259483
1724962485198491811,3.905495285987854,0.05909830331802368,0.12268027663230896,0.8669386839509958,3.9078685352251803,47.11863905495286,-88.54729940901697,200.1226802766323
1724962485199071168,12.187845706939697,1.647515058517456,0.03370437026023865,7.698401089534453,12.298740782242092,47.11872187845707,-88.54728352484942,200.03370437026024
1724962485199581623,8.762552261352539,1.5468375012278557,-0.7885416150093079,10.011180501430882,8.932906932613863,47.11868762552261,-88.547284531625,199.2114583849907
1724962485304094314,3.896258592605591,0.10903126001358032,0.1149156391620636,1.6029226520598236,3.8994774573315683,47.118638962585926,-88.54729890968741,200.11491563916206
1724962485304754018,12.268299102783203,1.5941386222839355,0.026298820972442627,7.403512368225982,12.371464442433362,47.11872268299103,-88.54728405861378,200.02629882097244
1724962485305392742,8.964025497436523,1.614983208477497,-0.8081080317497253,10.213003998830995,9.144121744231908,47.11868964025498,-88.54728385016793,199.19189196825027
1724962485400427818,3.934999465942383,-0.05225706100463867,0.10948050022125244,-0.7608471299575259,3.9368690068784833,47.11863934999466,-88.54730052257062,200.10948050022125
1724962485401027679,12.046506404876709,1.4382990002632141,0.2378418743610382,6.80862896133454,12.134396949749638,47.11872046506405,-88.54728561701,200.23784187436104
1724962485401641845,9.013559818267822,1.4675398282706738,-0.809415340423584,9.247451171384425,9.168047062399168,47.118690135598186,-88.54728532460173,199.19058465957642
1724962485511378765,3.9207491874694824,0.08406198024749756,0.11474314332008362,1.2282496658571989,3.923328509888601,47.118639207491874,-88.5472991593802,200.11474314332008
1724962485511916875,12.264520645141602,1.4762415885925293,0.000732719898223877,6.863492502449956,12.353046442876883,47.118722645206454,-88.54728523758412,200.00073271989822
1724962485512259006,9.193664073944092,1.5502004884183407,-0.8313786387443542,9.570967558885975,9.36043648019595,47.11869193664074,-88.54728449799512,199.16862136125565
1724962485512569189,5.436223268508911,1.1073290556669235,-0.8813518583774567,11.513327644125749,5.617426649353537,47.11865436223268,-88.54728892670946,199.11864814162254
1724962485610402822,3.929120421409607,0.10704445838928223,0.12669190764427185,1.5605729253872802,3.9326195648031357,47.11863929120422,-88.54729892955542,200.12669190764427
1724962485610977888,12.218783378601074,1.5539275705814362,0.22533440589904785,7.2477019490141465,12.319258652300181,47.11872218783379,-88.5472844607243,200.22533440589905
1724962485611321449,8.88818883895874,1.5477460753172636,-0.8009031713008881,9.878158511822523,9.057420418665048,47.11868888188839,-88.54728452253926,199.1990968286991
1724962485611644744,5.327139139175415,1.1100715845823288,-0.8603896796703339,11.770875513252554,5.509168787749648,47.118653271391395,-88.54728889928415,199.13961032032967
1724962485708168506,3.9359785318374634,0.08061695098876953,0.11802154779434204,1.173371566824996,3.938572734077142,47.11863935978532,-88.5472991938305,200.11802154779434
1724962485708680391,12.189027786254883,1.4953453242778778,0.001831740140914917,6.994076681386406,12.28040957656565,47.11872189027786,-88.54728504654676,200.00183174014091
1724962485709008216,9.079885959625244,1.5547141768038273,-0.8147318363189697,9.716312986895229,9.2479864390291,47.118690798859596,-88.54728445285824,199.18526816368103
1724962485709259748,5.385426759719849,1.1021330952644348,-0.8743123412132263,11.565936391941225,5.566142363790343,47.1186538542676,-88.54728897866906,199.12568765878677
1724962485808369398,3.894706130027771,0.02400308847427368,0.12613117694854736,0.3531096332172321,3.8968219180930794,47.1186389470613,-88.54729975996912,200.12613117694855
1724962485808946371,12.15711784362793,1.5294227600097656,-0.0038205087184906006,7.170409348979285,12.252945067981793,47.11872157117844,-88.54728470577241,199.9961794912815
1724962485809281349,9.08001708984375,1.3880347684025764,-0.8106355667114258,8.691348713934287,9.221197367596385,47.118690800170896,-88.54728611965233,199.18936443328857
1724962485908760309,3.9346715211868286,-0.0371055006980896,0.12119203805923462,-0.540305729614822,3.9367123730226568,47.11863934671521,-88.54730037105502,200.12119203805923
1724962485909203767,12.52611255645752,1.6601036190986633,0.026351124048233032,7.549495546394847,12.635669122960042,47.11872526112557,-88.54728339896381,200.02635112404823
1724962485909938097,9.227236270904541,1.2790016867220402,-0.8207891881465912,7.891573497305343,9.351546899048975,47.11869227236271,-88.54728720998314,199.1792108118534
1724962486008309841,3.9326106309890747,-0.14818906784057617,0.11206862330436707,-2.1580048603285573,3.936997047385873,47.11863932610631,-88.54730148189068,200.11206862330437
1724962486008987665,12.456419467926025,1.4261160343885422,0.022033482789993286,6.53126706959357,12.537809951456055,47.11872456419468,-88.54728573883966,200.02203348279
1724962486110891342,3.9900825023651123,-0.2654152512550354,0.162020742893219,-3.8056365474335765,4.002181199347011,47.11863990082502,-88.54730265415252,200.16202074289322
1724962486111518144,12.450906753540039,1.208898864686489,0.02663898468017578,5.545649944801314,12.509485404519806,47.11872450906753,-88.54728791101137,200.02663898468018
1724962486208455562,3.9962226152420044,-0.38830968737602234,0.14131516218185425,-5.549960560398888,4.017530283513018,47.118639962226155,-88.54730388309689,200.14131516218185
1724962486209130048,12.550573825836182,0.9546601548790932,0.009926408529281616,4.349830609624997,12.586833513742219,47.11872550573826,-88.54729045339846,200.00992640852928
1724962486314251184,3.9958343505859375,-0.5877483263611794,0.1495974361896515,-8.367649344805292,4.041598649714915,47.11863995834351,-88.54730587748327,200.14959743618965
1724962486409055233,4.032061219215393,-0.6984262261539698,0.15736201405525208,-9.827157383305474,4.095128773597715,47.118640320612194,-88.54730698426226,200.15736201405525
1724962486507780551,4.057327151298523,-0.810973584651947,0.21942675113677979,-11.303253831688458,4.143395934107898,47.11864057327151,-88.54730810973585,200.21942675113678
1724962486508304595,12.210335731506348,3.606124758720398,0.23434805870056152,16.453651429004946,12.7338663988662,47.118722103357314,-88.54726393875242,200.23434805870056
1724962486614134788,3.8947757482528687,-0.9010434150695801,0.28107750415802,-13.026025031270509,4.007513185051629,47.11863894775748,-88.54730901043416,200.28107750415802
1724962486614798069,12.29752779006958,3.5438371896743774,0.023237168788909912,16.075646509074186,12.797988581822775,47.118722975277905,-88.54726456162811,200.0232371687889
1724962486707033634,3.7934893369674683,-0.9162414520978928,0.29039502143859863,-13.578592245555173,3.913360322881687,47.11863793489337,-88.54730916241452,200.2903950214386
1724962486707691192,12.39647388458252,2.7094491720199585,0.025644630193710327,12.329032347199954,12.689142494036144,47.11872396473885,-88.5472729055083,200.0256446301937
1724962486708061218,5.573455333709717,1.202027678489685,-0.9096665382385254,12.170572761686396,5.773713545674348,47.118655734553336,-88.54728797972322,199.09033346176147
1724962486708400011,3.686219334602356,0.8687836527824402,-0.9366493225097656,13.261695651065041,3.9013215673020647,47.11863686219335,-88.54729131216348,199.06335067749023
1724962486708717584,9.529659271240234,2.132130056619644,-0.8619702756404877,12.611445339770686,9.803232995311475,47.11869529659271,-88.54727867869944,199.1380297243595
1724962486813578844,4.379339218139648,-0.954494446516037,0.8732571452856064,-12.295554670585837,4.566426357421995,47.11864379339218,-88.54730954494447,200.8732571452856
1724962486814146041,12.283673763275146,1.0956309475004673,0.004396229982376099,5.096956324026439,12.33243964601218,47.11872283673763,-88.54728904369053,200.00439622998238
1724962486814583539,3.9180887937545776,0.7086069509387016,-0.7504967451095581,10.251431324524278,4.051763686480727,47.11863918088794,-88.54729291393049,199.24950325489044
1724962486815014839,12.089266777038574,3.4435490369796753,0.23546531796455383,15.899258306009713,12.572344454892113,47.118720892667774,-88.54726556450964,200.23546531796455
1724962486815462350,8.727899551391602,1.6238364651799202,-0.7918389737606049,10.539445143098229,8.912916717057104,47.118687278995516,-88.54728376163536,199.2081610262394
1724962486909652948,12.17817735671997,2.398496091365814,0.02676987648010254,11.141821842862624,12.412151459691058,47.118721781773566,-88.54727601503909,200.0267698764801
1724962486910802841,4.5596923828125,-0.6455354169011116,0.4055395722389221,-8.058059967180489,4.622983121860143,47.11864559692383,-88.54730645535417,200.40553957223892
1724962486911433458,3.7816269397735596,0.5507916361093521,-0.639665275812149,8.28682468534984,3.8746929430741974,47.1186378162694,-88.54729449208365,199.36033472418785
1724962486911956071,9.002858638763428,1.655356489121914,-0.8111585080623627,10.418609187845755,9.189648899758753,47.118690028586386,-88.54728344643512,199.18884149193764
1724962487016672372,4.179987907409668,-0.07212811708450317,0.16693830490112305,-0.9885738157169494,4.183941893598484,47.11864179987907,-88.54730072128118,200.16693830490112
1724962487017449617,12.172150135040283,2.089327096939087,0.2110746204853058,9.739800064329149,12.35196660954757,47.11872172150135,-88.54727910672904,200.2110746204853
1724962487018101692,8.797659873962402,1.675633892416954,-0.791374146938324,10.783601246100012,8.990708606099238,47.11868797659874,-88.54728324366108,199.20862585306168
1724962487018957853,24.684478759765625,-0.4865162968635559,-0.4315281957387924,-1.1291193182026382,24.69304368303251,47.1188468447876,-88.54730486516297,199.5684718042612
1724962487117501020,4.04029905796051,0.09075707197189331,0.14286813139915466,1.2868163376917723,4.043842804417475,47.11864040299058,-88.54729909242928,200.14286813139915
1724962487118257999,12.21116828918457,2.574313133955002,0.015177428722381592,11.904566016048452,12.479581301180849,47.11872211168289,-88.54727425686866,200.01517742872238
1724962487119108915,9.381229400634766,1.77488574385643,-0.8429703414440155,10.713468317810998,9.584794388385864,47.118693812294005,-88.54728225114256,199.15702965855598
1724962487119670867,29.261850357055664,0.8279487192630768,-0.5111111700534821,1.6207216396575406,29.278022816245663,47.11889261850357,-88.54729172051282,199.48888882994652
1724962487219653129,4.058189630508423,0.08734822273254395,0.1778734028339386,1.2330404254840794,4.063024949051672,47.11864058189631,-88.54729912651779,200.17787340283394
1724962487220305442,12.196204662322998,2.723600685596466,0.026377320289611816,12.588482465844736,12.496643734334288,47.11872196204662,-88.54727276399315,200.0263773202896
1724962487220708608,9.286232471466064,1.815138727426529,-0.8325988054275513,11.059904807886904,9.498529511704099,47.118692862324714,-88.54728184861273,199.16740119457245
1724962487316612243,4.091383576393127,0.09150940179824829,0.15839719772338867,1.28128501715314,4.095471061067764,47.11864091383576,-88.54729908490599,200.1583971977234
1724962487317259550,12.29165506362915,2.1815047711133957,-0.003925204277038574,10.063976325557181,12.483739931481242,47.11872291655064,-88.54727818495229,199.99607479572296
1724962487318015813,9.081519603729248,1.8626711964607239,-0.8193511366844177,11.590936575477816,9.306711480658949,47.11869081519604,-88.54728137328804,199.18064886331558
1724962487410674571,4.070354223251343,0.05834561586380005,0.1607266068458557,0.8212377660258979,4.073944127719322,47.11864070354223,-88.54729941654385,200.16072660684586
1724962487411390781,11.885091304779053,2.9068825244903564,0.022452116012573242,13.743719245982625,12.235434828057215,47.11871885091305,-88.54727093117476,200.02245211601257
1724962487514577627,4.034830093383789,0.08177453279495239,0.1620207130908966,1.1610635734311214,4.038909712801185,47.118640348300936,-88.54729918225468,200.1620207130909
1724962487515320062,12.029284954071045,2.450992152094841,-0.006542026996612549,11.516493956285675,12.276444999835569,47.11872029284954,-88.54727549007849,199.9934579730034
1724962487515775203,25.406765937805176,2.425970435142517,-0.4441986382007599,5.454363188791744,25.52619047959923,47.11885406765938,-88.54727574029566,199.55580136179924
1724962487615356922,4.038645386695862,0.12936455011367798,0.1640912890434265,1.834652117936077,4.044047192781733,47.11864038645387,-88.54729870635451,200.16409128904343
1724962487616013050,11.79499864578247,3.0791773796081543,0.017951250076293945,14.63097585978341,12.19030962020572,47.11871794998646,-88.54726920822621,200.0179512500763
1724962487616657972,26.0039119720459,3.1707193851470947,-0.4580209404230118,6.9518949645523636,26.200509202134327,47.118860039119724,-88.54726829280615,199.541979059577
1724962487713622331,4.104340434074402,0.09305703639984131,0.16603240370750427,1.2988352681762823,4.108751242151618,47.11864104340434,-88.54729906942964,200.1660324037075
1724962487714658975,11.690685749053955,2.5159760117530823,0.005913972854614258,12.145490400379934,11.958357058974494,47.11871690685749,-88.5472748402399,200.00591397285461
1724962487715199947,23.463080406188965,1.9300482720136642,-0.4122258424758911,4.70250297412245,23.54593719996714,47.11883463080406,-88.54728069951729,199.5877741575241
1724962487816853761,4.053985238075256,0.1659712791442871,0.15878552198410034,2.344395857921726,4.0604871158550235,47.11864053985238,-88.54729834028721,200.1587855219841
1724962487817980527,11.80710744857788,3.2460522651672363,0.017427891492843628,15.372180544293181,12.245200910636889,47.11871807107449,-88.54726753947736,200.01742789149284
1724962487818469524,12.786165237426758,-1.0709604769945145,0.22217075526714325,-4.787879619427935,12.8328616320196,47.118727861652374,-88.54731070960477,200.22217075526714
1724962487914605617,4.068790912628174,0.15818917751312256,0.16814616322517395,2.226462328524236,4.075335132081193,47.11864068790913,-88.54729841810823,200.16814616322517
1724962487915265321,11.456007480621338,3.3721201419830322,0.025487631559371948,16.401996545572658,11.942024588292483,47.11871456007481,-88.54726627879859,200.02548763155937
1724962488026930332,4.0629812479019165,0.1747705340385437,0.16227954626083374,2.4630792246782325,4.069974939911222,47.11864062981248,-88.54729825229467,200.16227954626083
1724962488027652025,11.577396869659424,3.5619258880615234,0.03066888451576233,17.101146309337054,12.112983731934925,47.118715773968695,-88.54726438074113,200.03066888451576
1724962488028181314,24.1588077545166,3.543063461780548,-0.42678116261959076,8.343361443709355,24.42096298213203,47.118841588077544,-88.5472645693654,199.5732188373804
1724962488028719186,12.560825824737549,-0.6811579689383507,0.2315918728709221,-3.1040385335924303,12.581413131028716,47.118725608258245,-88.5473068115797,200.23159187287092
1724962488121011257,4.048182725906372,0.2282480001449585,0.16564416885375977,3.2270814582405567,4.05799439656737,47.118640481827256,-88.54729771752001,200.16564416885376
1724962488121416807,12.537041664123535,-0.2573776841163635,0.22421269118785858,-1.1760815887491458,12.541687617348003,47.11872537041664,-88.54730257377685,200.22421269118786
1724962488121948480,24.982927322387695,5.259453773498535,-0.4448269456624985,11.888416750478866,25.534415650311267,47.11884982927322,-88.54724740546227,199.5551730543375
1724962488221818208,4.093332648277283,0.20625001192092896,0.1706264615058899,2.8845126343619736,4.102075648526745,47.11864093332648,-88.54729793749989,200.1706264615059
1724962488222315549,23.271573066711426,5.226336717605591,-0.4193115234375,12.65749278240611,23.85490579815331,47.11883271573067,-88.54724773663283,199.5806884765625
1724962488222616434,12.626797199249268,0.10835209488868713,0.22395066916942596,0.4916500413895523,12.629247863180822,47.118726267971994,-88.54729891647906,200.22395066916943
1724962488322636127,4.074069380760193,0.20947331190109253,0.17754992842674255,2.943341433875093,4.083312915358177,47.118640740693806,-88.54729790526689,200.17754992842674
1724962488323089361,12.560876846313477,0.35557594895362854,0.22743932157754898,1.6215079595924833,12.567966822391277,47.118725608768464,-88.54729644424052,200.22743932157755
1724962488323416471,22.98403549194336,5.569391250610352,-0.4134823977947235,13.621117599960439,23.652800554914702,47.11882984035492,-88.5472443060875,199.58651760220528
1724962488323735952,11.601891994476318,-3.667052149772644,0.44214844703674316,-17.540371908851117,12.175658691416364,47.11871601891995,-88.5473366705215,200.44214844703674
1724962488324054002,11.587019443511963,3.1975055932998657,-0.4413917362689972,15.427153521414542,12.028212180883523,47.118715870194436,-88.54726802494407,199.558608263731
1724962488425801277,4.077183842658997,0.20531809329986572,0.162908136844635,2.882855355461022,4.085599425705617,47.11864077183843,-88.54729794681907,200.16290813684464
1724962488426231861,12.677435398101807,0.6164661645889282,0.22450914233922958,2.7839312884979375,12.694400464776649,47.11872677435398,-88.54729383533837,200.22450914233923
1724962488426694393,11.533830642700195,-3.5259556770324707,0.4258670061826706,-16.998681500857444,12.068263149179442,47.11871533830643,-88.54733525955677,200.42586700618267
1724962488522180080,4.082701325416565,0.2063922882080078,0.16286194324493408,2.89400273787996,4.091157770331942,47.11864082701325,-88.54729793607713,200.16286194324493
1724962488522810220,12.561998844146729,0.46131570637226105,0.22489309310913086,2.1031343204453288,12.572478039138414,47.11872561998844,-88.54729538684295,200.22489309310913
1724962488523107290,11.590104103088379,-3.5935717821121216,0.4441531300544739,-17.226320393872218,12.14255093777892,47.11871590104103,-88.54733593571783,200.44415313005447
1724962488523455858,12.490405559539795,3.29197096824646,-0.6796347796916962,14.76510610189009,12.934806041503936,47.1187249040556,-88.54726708029033,199.3203652203083
1724962488625984430,4.0556254386901855,0.21624356508255005,0.16357368230819702,3.0520871626609805,4.064678994451398,47.11864055625439,-88.54729783756436,200.1635736823082
1724962488626633644,12.504314422607422,0.5391658395528793,0.22845156490802765,2.4689721197077144,12.518017778365618,47.118725043144224,-88.54729460834162,200.22845156490803
1724962488626998424,24.8690128326416,6.616675138473511,-0.45233146846294403,14.899015567385257,25.738158304656295,47.118848690128324,-88.54723383324863,199.54766853153706
1724962488627324819,11.531539916992188,-3.551800489425659,0.4257795661687851,-17.11922349720263,12.073648488043514,47.11871531539917,-88.5473355180049,200.42577956616879
1724962488627596616,12.644259929656982,3.338315963745117,-0.6796522736549377,14.789657604884415,13.095174296495982,47.118726442599296,-88.54726661684037,199.32034772634506
1724962488724970102,4.037389397621155,0.21696263551712036,0.15322083234786987,3.0760218129039845,4.046116972691178,47.118640373893975,-88.54729783037365,200.15322083234787
1724962488725587368,12.510931015014648,0.5873065292835236,0.4619925618171692,2.6876896541797612,12.533226278535343,47.11872510931015,-88.54729412693472,200.46199256181717
1724962488725838899,11.653943061828613,-3.3924235105514526,0.4269982874393463,-16.230099815955796,12.145174091002634,47.11871653943062,-88.54733392423512,200.42699828743935
1724962488726067304,25.33393669128418,6.720156669616699,-0.4610576778650284,14.856307473639344,26.21414557303951,47.118853339366915,-88.54723279843331,199.53894232213497
1724962488726466894,12.564456462860107,3.3333085775375366,-0.675343245267868,14.858108976219494,13.016627857441472,47.11872564456463,-88.54726666691423,199.32465675473213
1724962488837714433,4.005181789398193,0.1999848484992981,0.16616186499595642,2.8584918657833724,4.013612446554243,47.11864005181789,-88.54729800015153,200.16616186499596
1724962488838170528,12.580703258514404,0.12479817867279053,0.23755929619073868,0.5683445715344279,12.583564816195832,47.11872580703258,-88.54729875201822,200.23755929619074
1724962488838882207,23.855828285217285,6.284282565116882,-0.43083010613918304,14.758011705522836,24.673434400430782,47.11883855828285,-88.54723715717435,199.56916989386082
1724962488839321851,11.661373615264893,-3.503999710083008,0.44687360525131226,-16.724427753091742,12.18463559496665,47.118716613736154,-88.54733503999711,200.4468736052513
1724962488924199581,4.059058427810669,0.23810797929763794,0.15477383136749268,3.3571741470348777,4.068980912840732,47.11864059058428,-88.54729761892021,200.1547738313675
1724962488924878120,12.466503620147705,0.43791478872299194,0.4603552147746086,2.0118196368520143,12.482684358626885,47.118724665036204,-88.54729562085213,200.4603552147746
1724962488925993442,23.934473037719727,6.343869209289551,-0.4334130734205246,14.84498688582813,24.764723358642964,47.118839344730375,-88.54723656130791,199.56658692657948
1724962488926269769,11.652936935424805,-3.515086054801941,0.44450218230485916,-16.78583611701339,12.179669592551535,47.11871652936936,-88.54733515086056,200.44450218230486
1724962489027910709,4.044112682342529,0.35420000553131104,0.1520993709564209,5.0054270312254525,4.062442522676156,47.11864044112682,-88.54729645799995,200.15209937095642
1724962489028296947,12.498838901519775,0.4327579438686371,0.45784591138362885,1.983008405446353,12.514706396983359,47.11872498838902,-88.54729567242057,200.45784591138363
1724962489028613328,23.42766284942627,6.2161033153533936,-0.4273047298192978,14.859987450857856,24.242069143240666,47.1188342766285,-88.54723783896685,199.5726952701807
1724962489028986692,11.632659435272217,-3.515147089958191,0.44377025961875916,-16.813722072725415,12.16026137237154,47.11871632659435,-88.5473351514709,200.44377025961876
1724962489130388259,3.9859321117401123,0.20973622798919678,0.16435006260871887,3.01207545696529,3.9948285354707798,47.11863985932112,-88.54729790263772,200.16435006260872
1724962489131347417,12.477999687194824,0.40748074650764465,0.46485258638858795,1.8703825746175986,12.493302392861573,47.118724779996874,-88.54729592519254,200.4648525863886
1724962489131812572,24.39670181274414,6.441113710403442,-0.4422788918018341,14.789521626517496,25.236533355206177,47.11884396701813,-88.5472355888629,199.55772110819817
1724962489132111310,11.641525745391846,-3.5055989027023315,0.4444677606225014,-16.758562097818356,12.166014011889093,47.11871641525745,-88.54733505598904,200.4444677606225
1724962489132389068,12.383262634277344,3.3049641847610474,-0.6677545607089996,14.943342395841933,12.834090458049232,47.118723832626344,-88.54726695035816,199.332245439291
1724962489232220649,4.003540515899658,0.2426767349243164,0.1588631570339203,3.4687698960307505,4.014033652423259,47.11864003540516,-88.54729757323265,200.15886315703392
1724962489232894182,12.721775531768799,0.42528036236763,0.24314086139202118,1.9146461994861286,12.731203931514305,47.11872721775532,-88.54729574719639,200.24314086139202
1724962489233237504,24.42015552520752,6.443112850189209,-0.44280244410037994,14.780324445297213,25.25972630651603,47.118844201555255,-88.5472355688715,199.55719755589962
1724962489233761548,12.387577056884766,3.2630929946899414,-0.6676498651504517,14.757422767401378,12.82753279374829,47.11872387577057,-88.54726736907006,199.33235013484955
1724962489234046220,11.687033653259277,-3.5455232858657837,0.43231893330812454,-16.876348542266246,12.220654264118926,47.118716870336534,-88.54733545523287,200.43231893330812
1724962489333738088,4.044061779975891,0.23887896537780762,0.15089145302772522,3.3804803467132762,4.053919963561017,47.1186404406178,-88.54729761121035,200.15089145302773
1724962489334179401,12.589485168457031,0.4212232828140259,0.4543585553765297,1.9163068429061691,12.604721637451103,47.118725894851686,-88.54729578776718,200.45435855537653
1724962489334534883,24.502530097961426,6.489439487457275,-0.44643256068229675,14.834074819126384,25.351254566472893,47.11884502530098,-88.54723510560514,199.5535674393177
1724962489334838628,12.376049041748047,3.2652941942214966,-0.6674928665161133,14.780096059375225,12.816952944651831,47.11872376049042,-88.54726734705807,199.3325071334839
1724962489335139036,11.679498672485352,-3.5362253189086914,0.43221427500247955,-16.8448434985798,12.210748868361591,47.118716794986724,-88.5473353622532,200.43221427500248
1724962489434321880,4.030092239379883,0.238960862159729,0.1547737717628479,3.3933310646892054,4.0401362194831725,47.118640300922394,-88.54729761039138,200.15477377176285
1724962489434790611,12.454113960266113,0.40940484404563904,0.22852184623479843,1.8828096205476523,12.46293661605602,47.118724541139606,-88.54729590595157,200.2285218462348
1724962489435111761,11.660989761352539,-3.462527275085449,0.4440839886665344,-16.53786742875854,12.17230413414278,47.11871660989761,-88.54733462527275,200.44408398866653
1724962489435470819,12.406052589416504,3.2482720613479614,-0.6709470152854919,14.672364224649087,12.841790456677845,47.11872406052589,-88.5472675172794,199.3290529847145
1724962489533740282,4.029277086257935,0.2337844967842102,0.15972012281417847,3.3206611914402244,4.039212738444418,47.11864029277086,-88.54729766215505,200.15972012281418
1724962489534221887,12.468037128448486,0.4062359035015106,0.46251654624938965,1.8661615544594363,12.483224703625988,47.11872468037129,-88.54729593764097,200.4625165462494
1724962489534521818,11.644599914550781,-3.516204833984375,0.44563574343919754,-16.802222358689395,12.17205795337509,47.11871644599915,-88.54733516204834,200.4456357434392
1724962489534816026,12.390138149261475,3.2418839931488037,-0.6660797894001007,14.662751295790152,12.82454667692649,47.11872390138149,-88.54726758116007,199.3339202105999
1724962489535157680,24.626078605651855,7.191502332687378,-0.4487362951040268,16.279278014272496,25.658581752609315,47.11884626078606,-88.54722808497668,199.55126370489597
1724962489633631229,4.031151652336121,0.2214188575744629,0.1668088138103485,3.1439231402140324,4.040672609230626,47.11864031151652,-88.54729778581144,200.16680881381035
1724962489634238243,12.494665622711182,0.4122665524482727,0.46021559834480286,1.889811837629828,12.509933298406832,47.11872494665623,-88.54729587733448,200.4602155983448
1724962489634577512,11.654889106750488,-3.57436203956604,0.4461406022310257,-17.04991189378599,12.198833776943637,47.118716548891065,-88.54733574362041,200.44614060223103
1724962489634924173,12.390413761138916,3.2471779584884644,-0.6675451993942261,14.685348663545916,12.826228380141536,47.11872390413761,-88.54726752822042,199.33245480060577
1724962489635210752,24.59503173828125,7.185016393661499,-0.4481080025434494,16.28481717436188,25.626955487653813,47.118845950317386,-88.54722814983607,199.55189199745655
1724962489730754852,4.02360725402832,0.24096155166625977,0.1534796953201294,3.4271760559266036,4.033736954850464,47.118640236072544,-88.54729759038449,200.15347969532013
1724962489731183767,12.491565227508545,0.416176438331604,0.22710833698511124,1.9081945468367436,12.500559301793304,47.11872491565227,-88.54729583823563,200.2271083369851
1724962489731488227,11.70775842666626,-3.539092779159546,0.4394993484020233,-16.819337842460072,12.238870240096503,47.118717077584265,-88.5473353909278,200.43949934840202
1724962489731780767,12.38124704360962,3.242584466934204,-0.6668647825717926,14.675860076668954,12.816174976112391,47.118723812470435,-88.54726757415534,199.3331352174282
1724962489732071161,24.584586143493652,7.215092182159424,-0.44735753536224365,16.355925668295598,25.625369457012,47.118845845861436,-88.54722784907818,199.55264246463776
1724962489835811376,4.008183479309082,0.20365893840789795,0.16239452362060547,2.9087419029152146,4.01663836414254,47.11864008183479,-88.54729796341063,200.1623945236206
1724962489836316347,12.452693462371826,0.4100298285484314,0.4607740715146065,1.8858967320706017,12.467959402928678,47.11872452693463,-88.54729589970172,200.4607740715146
1724962489836672782,24.610711097717285,6.456242799758911,-0.4484221339225769,14.699441535502148,25.447421367103882,47.118846107110976,-88.54723543757201,199.55157786607742
1724962489837060451,12.404954433441162,3.2320152521133423,-0.6674405038356781,14.603315954216125,12.836443974551722,47.11872404954433,-88.54726767984748,199.33255949616432
1724962489837445020,11.641545295715332,-3.5148898363113403,0.4334520101547241,-16.80045144585293,12.168315745357024,47.11871641545296,-88.54733514889837,200.43345201015472
1724962489941059350,4.0506556034088135,0.2412557601928711,0.15270322561264038,3.40849184351153,4.060706026587737,47.118640506556034,-88.5472975874424,200.15270322561264
1724962489941691160,12.415799617767334,0.41174742579460144,0.22808581590652466,1.8994142604387563,12.424718879339592,47.118724157996176,-88.54729588252575,200.22808581590652
1724962489942076921,11.689920902252197,-3.597552537918091,0.4435608312487602,-17.10565624256691,12.23901062892797,47.118716899209026,-88.54733597552539,200.44356083124876
1724962489942442178,12.408117294311523,3.2450579404830933,-0.6685919165611267,14.656137535587789,12.842849799689162,47.11872408117294,-88.5472675494206,199.33140808343887
1724962490038097143,4.058602213859558,0.20348000526428223,0.15917372703552246,2.870148743145618,4.066815992673684,47.11864058602214,-88.54729796519996,200.15917372703552
1724962490038673877,12.430625915527344,0.36919066309928894,0.22845195978879929,1.701189513082869,12.438205364739362,47.11872430625915,-88.54729630809338,200.2284519597888
1724962490039010286,24.600152015686035,6.513321161270142,-0.44761933386325836,14.829780072729918,25.45174247105214,47.118846001520154,-88.5472348667884,199.55238066613674
1724962490039328098,12.406059741973877,3.2484681606292725,-0.6685395836830139,14.673203682450632,12.84172141447548,47.11872406059742,-88.5472675153184,199.331460416317
1724962490039649486,11.67362928390503,-3.494195818901062,0.44530438631772995,-16.663696554587947,12.193495031177259,47.11871673629284,-88.5473349419582,200.44530438631773
1724962490139222621,4.025846600532532,0.24602371454238892,0.14286810159683228,3.4970562742403892,4.03588649661886,47.11864025846601,-88.54729753976287,200.14286810159683
1724962490139712095,12.62785291671753,0.39659783244132996,0.461014561355114,1.798873908318348,12.642487633085905,47.11872627852917,-88.54729603402168,200.4610145613551
1724962490140018463,24.62395668029785,6.459639310836792,-0.44863156974315643,14.699271152829317,25.461096851955602,47.11884623956681,-88.5472354036069,199.55136843025684
1724962490140335083,12.41227912902832,3.2510054111480713,-0.668068528175354,14.677129224915054,12.848347166797932,47.11872412279129,-88.5472674899459,199.33193147182465
1724962490140632152,11.666193008422852,-3.4957973957061768,0.4298962280154228,-16.68094685800733,12.186282021538078,47.11871666193009,-88.54733495797396,200.42989622801542
1724962490234581708,4.028717875480652,0.2127079963684082,0.15373855829238892,3.0222927587016972,4.0372574795574065,47.118640287178756,-88.54729787292004,200.1537385582924
1724962490235435009,12.36547040939331,0.03130939602851868,0.4449681043624878,0.1450727193211399,12.373513459715523,47.1187236547041,-88.54729968690604,200.4449681043625
1724962490235794782,11.651205062866211,-3.5763779878616333,0.4467339888215065,-17.064050568720084,12.195926786668933,47.11871651205063,-88.54733576377988,200.4467339888215
1724962490236109733,12.387965202331543,3.2492117881774902,-0.6677021682262421,14.69692738984901,12.824386351169508,47.11872387965202,-88.54726750788213,199.33229783177376
1724962490347175121,4.02603554725647,0.2006378173828125,0.1635218858718872,2.852979688788537,4.034347179990331,47.11864026035548,-88.54729799362184,200.1635218858719
1724962490347747564,12.521588325500488,0.42374733090400696,0.2287304922938347,1.9382262857714443,12.530844090956657,47.11872521588326,-88.5472957625267,200.22873049229383
1724962490348062038,11.653239727020264,-3.478319525718689,0.44425850361585617,-16.619585417466585,12.169390637021813,47.11871653239727,-88.54733478319527,200.44425850361586
1724962490348344087,12.399301528930664,3.2439777851104736,-0.6682778894901276,14.661437370136172,12.83404322936517,47.11872399301529,-88.54726756022215,199.33172211050987
1724962490440076589,4.030467391014099,0.2142389416694641,0.15824198722839355,3.0426858202744356,4.039258129988432,47.11864030467391,-88.54729785761059,200.1582419872284
1724962490440619707,12.438757419586182,0.09145492315292358,0.22785893827676773,0.42125483419717935,12.44118040388579,47.1187243875742,-88.54729908545077,200.22785893827677
1724962490440931558,11.651394844055176,-3.5960288047790527,0.44349102675914764,-17.15205934488545,12.201766645354764,47.11871651394844,-88.54733596028805,200.44349102675915
1724962490536391258,4.021642565727234,0.25102341175079346,0.15555021166801453,3.571661844286507,4.032470402627414,47.11864021642566,-88.5472974897659,200.15555021166801
1724962490536823034,12.456624984741211,0.39631593227386475,0.46040762960910797,1.822289203529692,12.47142924904982,47.118724566249846,-88.54729603684068,200.4604076296091
1724962490537298917,24.586627960205078,6.458716630935669,-0.4477938562631607,14.718608472037559,25.424748067777784,47.1188458662796,-88.5472354128337,199.55220614373684
1724962490537783384,11.662006855010986,-3.4609479904174805,0.42921510338783264,-16.529373110246997,12.172296023498372,47.118716620068554,-88.5473346094799,200.42921510338783
1724962490538075923,12.391053199768066,3.2625815868377686,-0.6678068935871124,14.751251987249262,12.830767867020967,47.118723910532,-88.54726737418414,199.3321931064129
1724962490639837026,4.0339436531066895,0.23610913753509521,0.15115034580230713,3.3497345636339833,4.0436734967481565,47.11864033943653,-88.54729763890863,200.1511503458023
1724962490640384674,12.47007417678833,0.4021107852458954,0.23265593498945236,1.8469232879715975,12.478724768272599,47.118724700741765,-88.54729597889215,200.23265593498945
1724962490640711784,24.57499408721924,6.454085111618042,-0.44749715924263,14.715172546171024,25.412315965342483,47.118845749940874,-88.5472354591489,199.55250284075737
1724962490641033887,12.440439701080322,3.2938127517700195,-0.6697956323623657,14.829730253537193,12.88651887008551,47.118724404397014,-88.54726706187249,199.33020436763763
1724962490641355514,11.65852165222168,-3.4491182565689087,0.4446069002151489,-16.48060112548531,12.16615054809193,47.118716585216525,-88.54733449118257,200.44460690021515
1724962490742264986,4.031457901000977,0.24955064058303833,0.15399733185768127,3.5421374841928674,4.042108794673628,47.11864031457901,-88.5472975044936,200.15399733185768
1724962490742703437,12.422682762145996,0.38811030983924866,0.2285219132900238,1.7894566285873623,12.430844656996424,47.118724226827624,-88.54729611889691,200.22852191329002
1724962490743004322,12.424312591552734,3.2477242946624756,-0.6696386337280273,14.649364291146032,12.859225185311043,47.11872424312592,-88.54726752275705,199.33036136627197
1724962490743301391,24.499855995178223,5.698175430297852,-0.44220907986164093,13.093078917072235,25.15765680442502,47.11884499855995,-88.54724301824571,199.55779092013836
1724962490743594408,11.653501033782959,-3.5165553092956543,0.44356101751327515,-16.7916903829581,12.180599080668133,47.118716535010336,-88.5473351655531,200.44356101751328
1724962490842723369,4.04918372631073,0.21000677347183228,0.15322089195251465,2.968926912134247,4.057519973586627,47.11864049183726,-88.54729789993227,200.15322089195251
1724962490843161344,12.463111877441406,0.3892149329185486,0.22754456102848053,1.7887288336153997,12.471263867823561,47.11872463111877,-88.54729610785068,200.22754456102848
1724962490843487739,11.65253496170044,-3.450311541557312,0.4429158717393875,-16.494003221361616,12.160690574013191,47.11871652534962,-88.54733450311542,200.4429158717394
1724962490843746185,12.38148832321167,3.2468963861465454,-0.6678591966629028,14.694257696900031,12.817551448961131,47.11872381488323,-88.54726753103614,199.3321408033371
1724962490937375307,4.046378493309021,0.23435771465301514,0.15763360261917114,3.314747688336948,4.056223712051132,47.118640463784935,-88.54729765642286,200.15763360261917
1724962490938161373,12.440125465393066,0.396433025598526,0.22730033844709396,1.8252432519261088,12.448515822473151,47.11872440125465,-88.54729603566975,200.2273003384471
1724962490938563108,24.521389961242676,6.440031051635742,-0.4462580382823944,14.715224769727227,25.35688687150095,47.11884521389961,-88.54723559968949,199.5537419617176
1724962490939017057,11.66386079788208,-3.6089768409729004,0.4443974643945694,-17.19286680690498,12.21752232072483,47.11871663860798,-88.54733608976842,200.44439746439457
1724962490939420700,12.403311729431152,3.249845862388611,-0.667649894952774,14.682269736042768,12.839369001978222,47.118724033117296,-88.54726750154138,199.33235010504723
1724962491036940336,4.028608560562134,0.24343204498291016,0.16124427318572998,3.4579408956757374,4.039176377727799,47.11864028608561,-88.54729756567956,200.16124427318573
1724962491037506818,12.467394351959229,0.40810275077819824,0.22396837174892426,1.8748279348898855,12.476082382462913,47.11872467394352,-88.5472959189725,200.22396837174892
1724962491038051128,24.23436450958252,6.421050071716309,-0.43665920197963715,14.839893064200067,25.07438889515504,47.1188423436451,-88.5472357894993,199.56334079802036
1724962491038497447,12.404555320739746,3.2827258110046387,-0.6689582467079163,14.822884498411463,12.84899943930917,47.11872404555321,-88.5472671727419,199.33104175329208
1724962491038873910,11.64298391342163,-3.553770422935486,0.4441712498664856,-16.973682552814573,12.181364731684782,47.11871642983913,-88.54733553770424,200.44417124986649
1724962491138915538,4.044260859489441,0.20023536682128906,0.1585913896560669,2.8344563193076815,4.052319253291548,47.118640442608594,-88.54729799764634,200.15859138965607
1724962491139355659,12.474297523498535,0.09876745939254761,0.45394036173820496,0.4536399999739474,12.482944987774783,47.11872474297524,-88.54729901232541,200.4539403617382
1724962491139626026,12.371175765991211,3.2600070238113403,-0.6671788394451141,14.762768678853833,12.810884560878332,47.11872371175766,-88.54726739992977,199.3328211605549
1724962491237718582,4.045420289039612,0.13772326707839966,0.1508914828300476,1.9498383183931391,4.050575422437994,47.11864045420289,-88.54729862276734,200.15089148283005
1724962491238252878,12.582938194274902,0.4090230464935303,0.23535989224910736,1.8618104014117673,12.59178413618914,47.118725829381944,-88.54729590976955,200.2353598922491
1724962491238587141,24.57280921936035,6.46831488609314,-0.447514608502388,14.747457737780989,25.41382143089776,47.1188457280922,-88.54723531685114,199.5524853914976
1724962491239048242,11.642114639282227,-3.540472626686096,0.43955230712890625,-16.914992083564858,12.176493170252485,47.118716421146395,-88.54733540472627,200.4395523071289
1724962491239359378,12.384903907775879,3.247564196586609,-0.66780686378479,14.69327126990111,12.821017277233173,47.11872384903908,-88.54726752435803,199.3321931362152
1724962491341433763,4.031939148902893,0.2507646083831787,0.15106409788131714,3.5589006838057538,4.04255322178225,47.11864031939149,-88.54729749235392,200.15106409788132
1724962491341953277,12.496166706085205,0.4059470295906067,0.23218519240617752,1.8606405702820659,12.504914445955977,47.11872496166706,-88.54729594052971,200.23218519240618
1724962491342280864,11.634469985961914,-3.541433811187744,0.4444675147533417,-16.92980341419656,12.169642421408419,47.11871634469986,-88.54733541433812,200.44446751475334
1724962491441383361,4.077955365180969,0.2431911826133728,0.16659316420555115,3.412824368241781,4.08859574842869,47.11864077955365,-88.54729756808818,200.16659316420555
1724962491441900730,12.554495334625244,0.4105209708213806,0.45990145206451416,1.872854351760754,12.569621709511475,47.11872554495335,-88.5472958947903,200.4599014520645
1724962491442229270,24.727166175842285,6.324500799179077,-0.45069094002246857,14.34704122010611,25.527145938587687,47.11884727166176,-88.54723675499201,199.54930905997753
1724962491442520618,12.403154373168945,3.2371686697006226,-0.6681034564971924,14.627634719034038,12.836037614051103,47.118724031543735,-88.5472676283133,199.3318965435028
1724962491442856550,11.659952163696289,-3.5050246715545654,0.4295114353299141,-16.73097200174083,12.182945558483429,47.11871659952164,-88.54733505024672,200.4295114353299
