Latitude,Longitude,Timestamp
37.42753406851868,-122.16970104300084,1724965632.146178
37.427535255522805,-122.16970103608958,1724965632.235303
37.42753535733961,-122.16970017065181,1724965632.3384712
37.42753540413583,-122.16970099281922,1724965632.436129
37.42753357058272,-122.16970163147049,1724965632.5379186
37.42753538388373,-122.1697021547077,1724965632.6392167
37.42753534807553,-122.16970142831762,1724965632.7398152
37.427533848628606,-122.16970284121663,1724965632.839854
37.427535523424865,-122.16970437759105,1724965632.9449213
37.42753594132875,-122.16970666653432,1724965633.0455613
37.42753533157822,-122.16970800254066,1724965633.142841
37.42753514210327,-122.1697091404978,1724965633.243237
37.427535081454344,-122.16971018003628,1724965633.3508976
37.42750583073533,-122.16970077205322,1724965633.4482813
37.42750585724307,-122.16970156480753,1724965633.5438666
37.427505986811965,-122.16970165866033,1724965633.6433103
37.427532563917055,-122.1696941862163,1724965633.7451804
37.42753416498862,-122.16969897180289,1724965633.8448348
37.42753570483336,-122.16969902175623,1724965633.9469228
37.427535566485474,-122.16969904338636,1724965634.048454
37.42753578387395,-122.1696992363424,1724965634.1488025
37.42753568863921,-122.16969891258128,1724965634.250604
37.427536422395136,-122.16969841625314,1724965634.3513453
37.42753687392049,-122.16969873708287,1724965634.4473572
37.42753604045512,-122.16969827001942,1724965634.548414
37.42753614660482,-122.1696980703272,1724965634.649034
37.42753677584153,-122.16969791573838,1724965634.7582357
37.42753647482283,-122.16969745185345,1724965634.8601165
37.427536761113515,-122.16969755592321,1724965634.9597566
37.427536622692585,-122.16969760702273,1724965635.066693
37.42753668835423,-122.16969740839181,1724965635.1618135
37.42753676083532,-122.16969753017311,1724965635.2670922
37.42753644458595,-122.16969746746594,1724965635.3646584
37.427536356723806,-122.16969755691113,1724965635.4647052
37.427536113477544,-122.16969761184441,1724965635.5702868
37.42753601912893,-122.1696976451206,1724965635.6694384
37.42753640910748,-122.16969758589767,1724965635.7734833
37.42753595129117,-122.16969759375712,1724965635.8681395
37.42753615191192,-122.16969756859221,1724965635.9700892
37.42753633101531,-122.16969756751408,1724965636.0687087
37.42753622659705,-122.1696975767877,1724965636.1709542
37.42753625160954,-122.16969761947826,1724965636.2736356
37.42753621286044,-122.16969755691113,1724965636.3727534
37.427535905804255,-122.16969753770599,1724965636.4756668
37.42753605939142,-122.16969751067572,1724965636.5791094
37.42753600383809,-122.16969754599438,1724965636.6731832
37.42753641101722,-122.169697485896,1724965636.775963
37.42753622970012,-122.16969753883933,1724965636.8777668
37.42753619848796,-122.16969761087064,1724965636.9781942
37.42753625409714,-122.16969759205,1724965637.076959
37.42753618084807,-122.16969754306704,1724965637.1794019
37.42753609715664,-122.1696976178432,1724965637.2796984
37.42753625474912,-122.16969749020788,1724965637.3837812
37.42753592030026,-122.16969750561096,1724965637.483414
37.427536439374435,-122.16969748773981,1724965637.5891676
37.42753605585979,-122.16969757223877,1724965637.6807911
37.427536242385194,-122.16969763082331,1724965637.7827005
37.42753638902726,-122.16969763937905,1724965637.8838277
37.427536357376866,-122.16969751091072,1724965637.9855368
37.42753621568639,-122.1696975526181,1724965638.0867953
37.4275366325313,-122.1696975184146,1724965638.1889415
37.42753625328512,-122.16969753403855,1724965638.2872858
37.427536271244016,-122.16969753757398,1724965638.3877122
37.42753621586683,-122.16969758893006,1724965638.4905756
37.42753664048606,-122.16969756102435,1724965638.591647
37.42753619620013,-122.16969758701015,1724965638.6926813
37.427536373407754,-122.1696975150051,1724965638.7941973
37.427536240442166,-122.16969761977187,1724965638.8915038
37.427535985087594,-122.16969762078872,1724965638.9957566
37.42753622211163,-122.16969757436541,1724965639.0996876
37.42753586264277,-122.16969755589294,1724965639.1955004
37.42753709792538,-122.16969754516604,1724965639.2995517
37.4275359944752,-122.16969756669117,1724965639.3965461
37.42753622046504,-122.16969748897351,1724965639.498782
37.42753590538,-122.16969754580853,1724965639.5977757
37.427536202175325,-122.16969755004834,1724965639.7005796
37.427536240374494,-122.16969757869616,1724965639.8004134
37.42753609560565,-122.16969750602442,1724965639.9007928
37.42753652418292,-122.16969754483071,1724965640.0007434
37.42754415490383,-122.16969459365126,1724965640.3070579
37.42754442962326,-122.16969444532418,1724965640.3973258
37.42754412493437,-122.1696941128726,1724965640.5033937
37.42754491054025,-122.16970382858642,1724965915.079935
37.42754448884363,-122.16970360910986,1724965915.1637635
37.42754476017752,-122.16970347646904,1724965915.2658367
37.42754470158127,-122.16970379581593,1724965915.3650315
37.42754468712391,-122.16970421482782,1724965915.4665384
37.427544669852445,-122.16970452540416,1724965915.5664012
37.427544899350266,-122.16970499723008,1724965915.6687427
37.427544930990976,-122.16970509845638,1724965915.769708
37.427544716601396,-122.16970460573668,1724965915.8745248
37.42754498237786,-122.16970583242988,1724965915.9705029
37.427544993123114,-122.16970613300296,1724965916.0711365
37.427544652827926,-122.16970632495627,1724965916.1747751
37.42754494456523,-122.16970820056476,1724965916.27299
37.42754534997221,-122.16970650215848,1724965916.3750823
37.427544973127745,-122.16970586101002,1724965916.4768958
37.42754447833023,-122.16970674732242,1724965916.5779393
37.42754465962902,-122.16970775123428,1724965916.6761916
37.427544798743924,-122.1697059456753,1724965916.7797847
37.427544793745,-122.1697074283314,1724965916.879959
37.42754494950613,-122.16970732007535,1724965916.978733
37.42754447034114,-122.16970637054116,1724965917.0810454
37.427544824470566,-122.1697078569383,1724965917.1831365
37.427545108414414,-122.16970653192212,1724965917.2790666
37.4275451280919,-122.1697059315026,1724965917.3809466
37.42754502756505,-122.1697064573372,1724965917.481547
37.42754454441722,-122.1697068520296,1724965917.5845861
37.42754544339494,-122.1697067652226,1724965917.6829686
37.42754425240914,-122.16970684696885,1724965917.7848551
37.42754548883995,-122.1697067305009,1724965917.8826497
37.42754395716802,-122.16970676837674,1724965917.9852452
37.42754542807192,-122.16970589428996,1724965918.0860617
37.4275438433504,-122.16970556525146,1724965918.1867213
37.427544145742864,-122.16970531997332,1724965918.2921886
37.42754557907914,-122.16970532437588,1724965918.3888323
37.427545872623185,-122.16970520790649,1724965918.4915454
37.42754699766164,-122.16970495640402,1724965918.5886383
37.42754588336631,-122.16970514770239,1724965918.692509
37.427545853104725,-122.16970499387519,1724965918.791173
37.42754592741288,-122.1697042870498,1724965918.8973143
37.42754532695445,-122.16970381438746,1724965918.996465
37.4275439137403,-122.16970357393122,1724965919.0964139
37.427544031177696,-122.16970332199466,1724965919.1959605
37.42754508980259,-122.16970375247824,1724965919.3051865
37.42754387564855,-122.16970368859182,1724965919.4013312
37.42754363377933,-122.16970042475343,1724965919.5046217
37.427544224643945,-122.1697011126181,1724965919.602256
37.42754370461597,-122.16970115271602,1724965919.7069786
37.42754473572684,-122.1697008903792,1724965919.8044367
37.427544766179615,-122.16970142402612,1724965919.9081218
37.42754490218812,-122.16970157621893,1724965920.0078835
37.42754470365002,-122.16970167688055,1724965920.1097307
37.42754461981894,-122.16970275117586,1724965920.2066774
37.42754342077309,-122.16970410959632,1724965920.3117778
37.427543642236664,-122.1697049872897,1724965920.4103577
37.427544579029,-122.16970495186638,1724965920.5132709
37.427544708547806,-122.16970509193803,1724965920.6127627
37.42754319214523,-122.16970514780388,1724965920.7158387
37.42754394079887,-122.16970543777204,1724965920.8161533
37.42754321919741,-122.1697052263687,1724965920.916481
37.42754432071744,-122.16970543519423,1724965921.0117054
37.427543615579715,-122.16970537465639,1724965921.1143603
37.42754414248836,-122.16970528462838,1724965921.212511
37.42754341105891,-122.1697051253549,1724965921.3224175
37.42754339716656,-122.1697052103138,1724965921.420804
37.42754425389577,-122.16970506623571,1724965921.5267353
37.42754323546998,-122.16970486004695,1724965921.6221688
37.42754235582816,-122.16970477013368,1724965921.7212873
37.427542775008156,-122.16970498822569,1724965921.8213608
37.42754291324541,-122.16970483592448,1724965921.923967
37.42754358823858,-122.16970576362749,1724965922.0261428
37.427542327563295,-122.1697053235248,1724965922.1284778
37.42754228327615,-122.16970544757551,1724965922.2255769
37.42754064549649,-122.16970331109998,1724965922.328944
37.42754343781785,-122.16970564602842,1724965922.426217
37.427542099151346,-122.16970567753444,1724965922.5320158
37.42754317367397,-122.16970569126111,1724965922.6286469
37.427542475085005,-122.1697058280949,1724965922.7337086
37.427542432283374,-122.1697056073244,1724965922.8309288
37.427541819207505,-122.16970576794058,1724965922.9333284
37.42754172244326,-122.1697055972295,1724965923.0329978
37.427541629349186,-122.16970587201338,1724965923.1360705
37.42754212543876,-122.16970605790331,1724965923.234096
37.42754218853223,-122.16970629305027,1724965923.3358922
37.42754259177159,-122.16970604657278,1724965923.4377074
37.427542298888085,-122.16970651765588,1724965923.5397978
37.42754133003399,-122.16970642311688,1724965923.6397426
37.427540381960526,-122.169703934355,1724965923.7441783
37.42754135989923,-122.16970641063074,1724965923.8400586
37.42754172666549,-122.16970629270678,1724965923.9412057
37.42753537280121,-122.16970248095303,1724965924.0404854
37.42753537882581,-122.1697024933264,1724965924.1472201
37.42753522484014,-122.16970274748789,1724965924.2412663
37.42754126633363,-122.1697065758474,1724965924.3459733
37.4275412708083,-122.16970681384188,1724965924.4440584
37.42753512698461,-122.16970267708287,1724965924.5503879
37.42754096250186,-122.16970695465088,1724965924.6473694
37.42754102478549,-122.16970683081868,1724965924.7510536
37.42754126400711,-122.16970704945717,1724965924.8471167
37.42754125305024,-122.16970741319165,1724965924.9489753
37.427541037359894,-122.1697074407273,1724965925.048993
37.42753950647318,-122.1697066059749,1724965925.1527
37.42754117264014,-122.16970775095648,1724965925.251499
37.42754110778407,-122.16970763558069,1724965925.353006
37.42754118228658,-122.16970819272746,1724965925.4539585
37.427539844616796,-122.16970875522469,1724965925.5555465
37.42754122253082,-122.16970802416155,1724965925.6534529
37.4275401170839,-122.16970798972964,1724965925.7570157
37.427541063339056,-122.16970759444841,1724965925.8546584
37.42753898598351,-122.16970196853103,1724965925.9593487
37.42753882647702,-122.1697011358849,1724965926.0598402
37.42753861014222,-122.16970173631682,1724965926.1629148
37.42753867398757,-122.16970157791614,1724965926.2607355
37.427538802479546,-122.1697015324198,1724965926.3624818
37.42753848545469,-122.16970126427579,1724965926.4648993
37.427538413170154,-122.16970082119335,1724965926.5635953
37.42753814799299,-122.1697014194013,1724965926.6623518
37.42753819735198,-122.16970301704382,1724965926.7664294
37.42753803053092,-122.16969936684947,1724965926.862299
37.42753652473493,-122.16970495666327,1724965926.9656277
37.42753830609563,-122.16970315211063,1724965927.0656998
37.427537861222106,-122.16970482058171,1724965927.168588
37.42753549493983,-122.16970508351633,1724965927.2660406
37.42753598779424,-122.1697050409615,1724965927.3683243
37.427538133345436,-122.16970524958067,1724965927.4658852
37.42753524802664,-122.16970335370613,1724965927.5722456
37.427535134131624,-122.16970359394541,1724965927.6706753
37.42753585720999,-122.16970246726115,1724965927.7714255
37.427535137521524,-122.16970114274932,1724965927.871865
37.42753514561914,-122.16970105726179,1724965927.9707725
37.42753546160105,-122.16970002755015,1724965928.072167
37.42753468228841,-122.1696998452038,1724965928.1779745
37.42753565403825,-122.16970269018792,1724965928.2748685
37.42753149161795,-122.16969900681586,1724965928.3756382
37.427534745406604,-122.1696998779985,1724965928.4790637
37.42753438311502,-122.16970003715913,1724965928.5800486
37.42753479976553,-122.16970100061803,1724965928.6803997
37.427529375586126,-122.16970094291023,1724965928.777803
37.427534836351384,-122.16970004430947,1724965928.8806417
37.427529481865804,-122.16969991589299,1724965928.9805567
37.427529754243714,-122.16969988107265,1724965929.080759
37.427529719460175,-122.16969887610375,1724965929.1810331
37.427532827102986,-122.16969858098973,1724965929.281879
37.42752943191067,-122.16970035801442,1724965929.3833685
37.42753115767608,-122.16969920696062,1724965929.483929
37.42753108347214,-122.16970012200757,1724965929.5853176
37.427532876005515,-122.16969842976599,1724965929.6852005
37.427532417221435,-122.16969872985989,1724965929.7902386
37.42753031092414,-122.16969895365033,1724965929.8919442
37.427530242089624,-122.16969994481488,1724965929.9867814
37.42753011641499,-122.16970017607011,1724965930.090955
37.42753132034902,-122.16969899941974,1724965930.1920376
37.42752959003804,-122.1697003113662,1724965930.2947233
37.427529788714686,-122.16970037535287,1724965930.3954694
37.427529472177454,-122.16970026447957,1724965930.49491
37.427529314583914,-122.16970020254547,1724965930.5956216
37.42752913922586,-122.1696973581707,1724965930.6975553
37.427529080928224,-122.16969747599803,1724965930.7980268
37.42752884518344,-122.16969782071854,1724965930.9010408
37.427528704261995,-122.16969723067818,1724965930.9993494
37.427528260393906,-122.16969740155356,1724965931.103912
37.427532330047775,-122.16969811049356,1724965931.1993284
37.42753251037995,-122.16969978919171,1724965931.3079193
37.4275323917138,-122.16970102029659,1724965931.4093137
37.4275322657094,-122.16970290160957,1724965931.5101676
37.427531590328435,-122.16970318621787,1724965931.6070821
37.427530663680955,-122.16970252335219,1724965931.7182653
37.427532751428615,-122.169701883923,1724965931.8087497
37.42753246254183,-122.16970185082761,1724965931.911397
37.42753347983233,-122.16969903816236,1724965932.0025582
37.4275331285524,-122.1696995472315,1724965932.1021101
37.42753401617255,-122.16969617560751,1724965932.2109756
37.427532739235424,-122.16969627184316,1724965932.3111694
37.42753258784802,-122.16969686360076,1724965932.4104865
37.42753226873835,-122.1696971690719,1724965932.5172067
37.427531668985594,-122.16969754744035,1724965932.616205
37.42753160799091,-122.16969874379288,1724965932.716384
37.42753186560214,-122.16969872580054,1724965932.8145487
37.427531821457855,-122.16969860618092,1724965932.9173868
37.42753122793915,-122.16969888110114,1724965933.0199873
37.427531662969585,-122.16969872607596,1724965933.1214113
37.42753245856984,-122.16969876585196,1724965933.224154
37.427531947946655,-122.16969890111238,1724965933.322097
37.427532429312535,-122.16969892295799,1724965933.423354
37.42753190144474,-122.16969888822116,1724965933.5272756
37.42753152389884,-122.16969874428784,1724965933.626962
37.42753191937677,-122.1696988258123,1724965933.7365465
37.427531554691036,-122.16969885071323,1724965933.8385124
37.42753170261878,-122.16969901012638,1724965933.9375823
37.42753258290507,-122.1696992231448,1724965934.0272152
37.42753127503397,-122.1696992452578,1724965934.132667
37.427532142470845,-122.16969909595464,1724965934.229112
37.4275313927807,-122.16969916893413,1724965934.332137
37.42753234673387,-122.1696992818674,1724965934.435844
37.42753237235858,-122.16969928302905,1724965934.5433335
37.42753231080428,-122.16969958489872,1724965934.6364248
37.42753253148269,-122.16970232945748,1724965934.737086
37.42753215936744,-122.16970252692943,1724965934.833424
37.427532227925944,-122.16969967337083,1724965934.9371288
37.427532505806454,-122.1696996686495,1724965935.0369716
37.42753244434661,-122.16970368609694,1724965935.137707
37.427532587990875,-122.16970321156666,1724965935.235285
37.427532374249,-122.16969987220106,1724965935.3420763
37.42753252118213,-122.16969911301092,1724965935.442682
37.42753229156829,-122.1696991200057,1724965935.5427496
37.427532538791944,-122.1696998741506,1724965935.6467159
37.42753260205084,-122.16969884988289,1724965935.7446353
37.427532391221824,-122.16970304846755,1724965935.8414857
37.42753231301261,-122.16969785027906,1724965935.9490826
37.427532268601965,-122.16969911201024,1724965936.0480008
37.42753473895767,-122.16969634928157,1724965936.1474128
37.427534750920955,-122.16969641852764,1724965936.2342503
37.427532054388514,-122.16969894036312,1724965936.3380938
37.427534436670506,-122.16969754124955,1724965936.4381492
37.427534433283846,-122.16969640677249,1724965936.5397074
37.427534384004325,-122.1696966373523,1724965936.6402342
37.42753431224507,-122.16969862352605,1724965936.740168
37.42753408095243,-122.16969974343979,1724965936.850668
37.42753415021659,-122.16970118221083,1724965936.9534104
37.42753175158787,-122.1697030755695,1724965937.0534
37.42753162457272,-122.16970468609921,1724965937.1557171
37.42753380022006,-122.16970551545081,1724965937.2587082
37.42753392249193,-122.16970606570953,1724965937.362169
37.42753330679099,-122.16970589028787,1724965937.4564643
37.42753355276761,-122.16970589949484,1724965937.5575562
37.427533325445886,-122.16970601787376,1724965937.6550465
37.42753554940624,-122.1696970481255,1724965937.7587988
37.42753439686452,-122.16970005406861,1724965937.8591251
37.427533767780346,-122.16969982039647,1724965937.9606562
37.42753373176159,-122.16970161237172,1724965938.0602434
37.42753312520012,-122.1697018782978,1724965938.1631877
37.427532984003754,-122.1696992924333,1724965938.2621603
37.427533580268914,-122.16970096540373,1724965938.3633049
37.427533165444345,-122.16970250339087,1724965938.4625506
37.42753277721227,-122.16970267020385,1724965938.566084
37.42753261103133,-122.16970249602232,1724965938.6641157
37.42753260022914,-122.16970268910495,1724965938.7726846
37.42753289204068,-122.16970248070649,1724965938.8745408
37.427532752254585,-122.1697021819729,1724965938.972578
37.42753229996126,-122.16970229988473,1724965939.0743775
37.42753252243773,-122.16970228525275,1724965939.1749043
37.42753224285264,-122.16970212844268,1724965939.2742105
37.42753223170351,-122.16970303479012,1724965939.3735867
37.42753226632594,-122.16970195141732,1724965939.4719265
37.42753218386649,-122.16970268132731,1724965939.5743241
37.42753223999017,-122.16970226784156,1724965939.676444
37.42753245630026,-122.16970215752585,1724965939.7801776
37.42753212304687,-122.1697022180094,1724965939.8789325
37.427531979575555,-122.16970207675965,1724965939.9971254
37.4275317678916,-122.16970211015975,1724965940.0837612
37.427531615364565,-122.16970223393604,1724965940.185458
37.42753162579189,-122.16970227906806,1724965940.2838295
37.42753110495511,-122.16970246761757,1724965940.385438
37.42753190271429,-122.1697024485855,1724965940.484078
37.42753144911487,-122.16970256097464,1724965940.5845048
37.42753151370349,-122.16970256835899,1724965940.6870039
37.42753083923875,-122.1697025576338,1724965940.7841237
37.42753102617015,-122.16970244289746,1724965940.8904421
37.42753089179212,-122.16970247309783,1724965940.9860575
37.42753097402494,-122.1697023231913,1724965941.085899
37.42753097086064,-122.169702772125,1724965941.187818
37.42753094485356,-122.16970200144203,1724965941.2895396
37.427530596116,-122.16970273924713,1724965941.3905537
37.427530607839756,-122.16970251899282,1724965941.490328
37.42753071632884,-122.16970273948822,1724965941.5907166
37.42753046036312,-122.1697026138415,1724965941.6916623
37.427530592959236,-122.16970209058552,1724965941.7909284
37.42753051971232,-122.1697025260105,1724965941.8924253
37.42753035923589,-122.16970258012691,1724965941.9958444
37.427530416252154,-122.16970249253025,1724965942.0942392
37.427530470072966,-122.16970200524648,1724965942.197627
37.42753026277454,-122.16970245300945,1724965942.2970614
37.42753038683264,-122.16970230856703,1724965942.3988643
37.42753045152976,-122.16970219385189,1724965942.4999785
37.42753046303118,-122.16970254345635,1724965942.5995715
37.42753037929895,-122.16970225108521,1724965942.7044744
37.42753006253616,-122.16970238315832,1724965942.8036492
37.42753041070444,-122.16970268252459,1724965942.905216
37.42753004754282,-122.1697031930981,1724965943.0061584
37.42753006596463,-122.16970388772005,1724965943.1062002
37.427530219152196,-122.16970480243972,1724965943.2046087
37.42753011227529,-122.1697055207553,1724965943.3073058
37.4275305735942,-122.1697062880788,1724965943.4049132
37.42752992091639,-122.16970696120944,1724965943.5098782
37.42753030029249,-122.16970781945453,1724965943.6067703
37.42753023154598,-122.1697084799232,1724965943.7087667
37.427529941996475,-122.16970869839182,1724965943.809478
37.427529875498124,-122.16970857332147,1724965943.91
37.427532748680775,-122.16970862389807,1724965944.0109158
37.427508803479974,-122.16970132668551,1724965944.112775
37.42753095286305,-122.16969601813993,1724965944.2017038
37.42753245206078,-122.16969685169292,1724965944.3065617
37.42753119352722,-122.16970307095792,1724965944.4149861
37.42753180985652,-122.16970302525756,1724965944.51276
37.42753156097553,-122.16970292140057,1724965944.6172073
37.427531522369286,-122.1697029931632,1724965944.7149744
37.42753122933652,-122.16970295392186,1724965944.8136845
37.42753104216451,-122.16970289985056,1724965944.9159038
37.427531016044625,-122.16970319419951,1724965945.0157704
37.42753054866242,-122.16970285809839,1724965945.116195
37.42753094450339,-122.16970297258256,1724965945.2185364
37.42753057926019,-122.16970298590608,1724965945.3232753
37.42753116904858,-122.16970289333828,1724965945.4241428
37.427530681118895,-122.16970283827537,1724965945.5258677
37.427530654153706,-122.16970283674065,1724965945.6198218
37.42753076074594,-122.1697026444375,1724965945.7233233
37.427532403450414,-122.1697031668986,1724965945.830265
37.427532613764896,-122.16970317227752,1724965945.929642
37.42753270375051,-122.16970342905726,1724965946.0304399
37.42753302333603,-122.16970319023284,1724965946.130612
37.42753300633524,-122.16970312893511,1724965946.230821
37.427533188550285,-122.16970336169207,1724965946.3310754
37.42753316965908,-122.16970334372937,1724965946.4307199
37.42753319853831,-122.16970307195938,1724965946.5352247
37.42753315750247,-122.16970310593727,1724965946.6321712
37.427533153511106,-122.16970337707357,1724965946.7361844
37.42753320453713,-122.16970319429221,1724965946.8335545
37.427532640388506,-122.16970336733797,1724965946.9401195
37.42753277897592,-122.16970304428868,1724965947.0384889
37.4275328020808,-122.16970339751377,1724965947.1395879
37.427532652594536,-122.16970358257937,1724965947.2394733
37.42753275685383,-122.16970336800534,1724965947.3452153
37.427532806617776,-122.16970343276881,1724965947.4391866
37.427532652193904,-122.16970341573406,1724965947.5435748
37.427532362438185,-122.16970355374468,1724965947.6420867
37.42753269016749,-122.16970336131259,1724965947.745076
37.42753240558676,-122.16970379299876,1724965947.8489351
37.42753264379014,-122.1697043585928,1724965947.9470737
37.427532510243466,-122.16970422072862,1724965948.0476422
37.42752928035886,-122.16970342813688,1724965948.1502867
37.42752924705543,-122.16970356412256,1724965948.2464056
37.42752908046741,-122.16970365790083,1724965948.349134
37.427529082296594,-122.1697037020271,1724965948.4472013
37.42752890184842,-122.16970380478942,1724965948.549596
37.427528966749605,-122.16970395480674,1724965948.6508818
37.427532227702415,-122.16970532122942,1724965948.7505846
37.4275288654806,-122.16970392495081,1724965948.8474476
37.42752868588096,-122.16970422963367,1724965948.9551773
37.427528620456684,-122.16970427476636,1724965949.0535731
37.42752901044382,-122.1697045209223,1724965949.154906
37.42752872958485,-122.16970440718326,1724965949.2538702
37.4275284840239,-122.16970452960395,1724965949.3597658
37.42752888145239,-122.16970452805714,1724965949.4551544
37.42752858583318,-122.16970457642492,1724965949.5616171
37.42752845035421,-122.16970452874736,1724965949.6587374
37.42752740785688,-122.16970329652499,1724965949.7620294
37.42752870107085,-122.16970331053783,1724965949.8625708
37.427528390490565,-122.16970342497785,1724965949.964302
37.42752838744443,-122.16970342843551,1724965950.0633607
37.42752822903779,-122.16970347952659,1724965950.1664221
37.42753108852674,-122.16970489745647,1724965950.2665799
37.42752857428663,-122.16970493028131,1724965950.3676329
37.427528933462206,-122.16970607852394,1724965950.466173
37.4275280299528,-122.16970725342917,1724965950.5701826
37.42753173767573,-122.1697106687602,1724965950.6669686
37.427529326921615,-122.16971021861653,1724965950.7706637
37.42750593109591,-122.16970120488547,1724965950.868697
37.4275057569363,-122.1697017495623,1724965950.9703414
37.42752514499828,-122.1697010327163,1724965951.0766664
37.4275247530874,-122.16970300038598,1724965951.1724598
37.42752459200837,-122.16970462540579,1724965951.2712371
37.42752454757189,-122.16970506206569,1724965951.3759015
37.42752465222324,-122.16970520221273,1724965951.4785583
37.427524731217645,-122.16970521822648,1724965951.5748014
37.427524820639356,-122.16970561817203,1724965951.6747146
37.427524306670364,-122.16970560684294,1724965951.7757933
37.42752482501201,-122.16970553296778,1724965951.8794284
37.42752422818938,-122.16970555249269,1724965951.9836328
37.42752441593065,-122.1697057173871,1724965952.0815127
37.42752413461625,-122.16970581441501,1724965952.1834023
37.427523919752964,-122.16970583208621,1724965952.283159
37.427524095808074,-122.1697061011144,1724965952.3806517
37.4275241674997,-122.16970610061199,1724965952.4861279
37.42752674613284,-122.1697075909755,1724965952.5818806
37.427524321152376,-122.16970624639771,1724965952.6819134
37.427524438186964,-122.16970640296815,1724965952.7840981
37.42752412605137,-122.16970656359561,1724965952.8854647
37.42752427069669,-122.16970645971834,1724965952.9860334
37.427527194081435,-122.16970792683507,1724965953.0913901
37.42752631546887,-122.16969955544218,1724965953.185534
37.427525188335764,-122.16970626418447,1724965953.2872422
37.427526197731794,-122.16970002432515,1724965953.387646
37.42752880959099,-122.1697060449718,1724965953.4904037
37.427528701483354,-122.16970049661428,1724965953.5941708
37.42753061287516,-122.16969994342091,1724965953.6949499
37.42752950160223,-122.16970444376935,1724965953.7990308
37.42752987826315,-122.1697017532847,1724965953.8961663
37.42752964740003,-122.16970503283395,1724965953.9997208
37.42753034916842,-122.16970003767496,1724965954.095191
37.42753114998226,-122.16970379081818,1724965954.1943529
37.427530672014875,-122.16970175445915,1724965954.2962337
37.42752916900306,-122.1697007276998,1724965954.3953795
37.427530692747105,-122.1697006483835,1724965954.4968598
37.427529833355194,-122.16969886496746,1724965954.5958107
37.42753560570609,-122.16969895260713,1724965954.697321
37.42753600170282,-122.16970009352677,1724965954.7997115
37.427533937164235,-122.1696996594082,1724965954.901108
37.42753395058399,-122.16969962848087,1724965955.003003
37.42753409869971,-122.16970086934559,1724965955.0999897
37.42753393768625,-122.16970013191892,1724965955.2016385
37.42753385403241,-122.16970036290277,1724965955.3004503
37.427533847254864,-122.16969998258816,1724965955.4032176
37.42753378407546,-122.1697001222042,1724965955.5027435
37.42753512281393,-122.16970091692922,1724965955.604766
37.42753406851868,-122.16970104300084,1724965955.7101607
37.427535255522805,-122.16970103608958,1724965955.8114765
37.42753535733961,-122.16970017065181,1724965955.9151604
37.42753540413583,-122.16970099281922,1724965956.025571
37.42753357058272,-122.16970163147049,1724965956.1221719
37.42753538388373,-122.1697021547077,1724965956.2159038
37.42753534807553,-122.16970142831762,1724965956.3194478
37.427533848628606,-122.16970284121663,1724965956.415541
37.427535523424865,-122.16970437759105,1724965956.5199418
37.42753594132875,-122.16970666653432,1724965956.6212902
37.42753533157822,-122.16970800254066,1724965956.7196407
37.42753514210327,-122.1697091404978,1724965956.8200426
37.427535081454344,-122.16971018003628,1724965956.925017
37.42750583073533,-122.16970077205322,1724965957.0194082
37.42750585724307,-122.16970156480753,1724965957.1238036
37.427505986811965,-122.16970165866033,1724965957.2205877
37.427532563917055,-122.1696941862163,1724965957.3213856
37.42753416498862,-122.16969897180289,1724965957.4249644
37.42753570483336,-122.16969902175623,1724965957.527634
37.427535566485474,-122.16969904338636,1724965957.625462
37.42753578387395,-122.1696992363424,1724965957.728534
37.42753568863921,-122.16969891258128,1724965957.8274512
37.427536422395136,-122.16969841625314,1724965957.9300194
37.42753687392049,-122.16969873708287,1724965958.0240252
37.42753604045512,-122.16969827001942,1724965958.1268651
37.42753614660482,-122.1696980703272,1724965958.2261188
37.42753677584153,-122.16969791573838,1724965958.3373487
37.42753647482283,-122.16969745185345,1724965958.4385602
37.427536761113515,-122.16969755592321,1724965958.537916
37.427536622692585,-122.16969760702273,1724965958.6411364
37.42753668835423,-122.16969740839181,1724965958.7398903
37.42753676083532,-122.16969753017311,1724965958.8447924
37.42753644458595,-122.16969746746594,1724965958.943533
37.427536356723806,-122.16969755691113,1724965959.045062
37.427536113477544,-122.16969761184441,1724965959.1450522
37.42753601912893,-122.1696976451206,1724965959.2477329
37.42753640910748,-122.16969758589767,1724965959.3483021
37.42753595129117,-122.16969759375712,1724965959.443333
37.42753615191192,-122.16969756859221,1724965959.5463955
37.42753633101531,-122.16969756751408,1724965959.6437268
37.42753622659705,-122.1696975767877,1724965959.749929
37.42753625160954,-122.16969761947826,1724965959.8481858
37.42753621286044,-122.16969755691113,1724965959.9490435
37.427535905804255,-122.16969753770599,1724965960.050031
37.42753605939142,-122.16969751067572,1724965960.1518486
37.42753600383809,-122.16969754599438,1724965960.2515717
37.42753641101722,-122.169697485896,1724965960.3553646
37.42753622970012,-122.16969753883933,1724965960.4551022
37.42753619848796,-122.16969761087064,1724965960.5569885
37.42753625409714,-122.16969759205,1724965960.655089
37.42753618084807,-122.16969754306704,1724965960.7554345
37.42753609715664,-122.1696976178432,1724965960.8564024
37.42753625474912,-122.16969749020788,1724965960.95858
37.42753592030026,-122.16969750561096,1724965961.0603275
37.427536439374435,-122.16969748773981,1724965961.1627526
37.42753605585979,-122.16969757223877,1724965961.2582972
37.427536242385194,-122.16969763082331,1724965961.3582509
37.42753638902726,-122.16969763937905,1724965961.456101
37.427536357376866,-122.16969751091072,1724965961.5594022
37.42753621568639,-122.1696975526181,1724965961.6603832
37.4275366325313,-122.1696975184146,1724965961.7638378
37.42753625328512,-122.16969753403855,1724965961.8617258
37.427536271244016,-122.16969753757398,1724965961.9666245
37.42753621586683,-122.16969758893006,1724965962.0626976
37.42753664048606,-122.16969756102435,1724965962.1644385
37.42753619620013,-122.16969758701015,1724965962.2657762
37.427536373407754,-122.1696975150051,1724965962.3663793
37.427536240442166,-122.16969761977187,1724965962.4687107
37.427535985087594,-122.16969762078872,1724965962.5677533
37.42753622211163,-122.16969757436541,1724965962.6678152
37.42753586264277,-122.16969755589294,1724965962.7710242
37.42753709792538,-122.16969754516604,1724965962.8716002
37.4275359944752,-122.16969756669117,1724965962.97503
37.42753622046504,-122.16969748897351,1724965963.0739448
37.42753590538,-122.16969754580853,1724965963.1787095
37.427536202175325,-122.16969755004834,1724965963.2776494
37.427536240374494,-122.16969757869616,1724965963.3803823
37.42753609560565,-122.16969750602442,1724965963.476878
37.42753652418292,-122.16969754483071,1724965963.5787985
37.42754415490383,-122.16969459365126,1724965963.879381
37.42754442962326,-122.16969444532418,1724965963.9742112
37.42754412493437,-122.1696941128726,1724965964.0763266
37.42754392568952,-122.16969406500012,1724965964.17555
37.42754405800207,-122.16969406269904,1724965964.2787068
37.4275441206584,-122.16969404781047,1724965964.381007
37.427544048423286,-122.16969407897147,1724965964.4808552
37.427544018701965,-122.1696941468576,1724965964.5843875
37.42754416028933,-122.16969420495221,1724965964.6810815
37.42754442359758,-122.16969425431463,1724965964.7831523
37.42754414420367,-122.16969433237743,1724965964.8843215
37.42754408880395,-122.16969462955312,1724965964.9852602
37.42754450685165,-122.16969114735203,1724965965.0855079
37.42754472935285,-122.16969144315543,1724965965.188491
37.42754517915638,-122.16969103107414,1724965965.286265
37.42754512194575,-122.16969142079367,1724965965.388586
37.427545164986924,-122.16969126699719,1724965965.4866555
37.427545090186875,-122.16969134087773,1724965965.591957
37.42754522090011,-122.16969163648021,1724965965.7030628
37.427543236523476,-122.16969153823898,1724965965.7935274
37.427543244860615,-122.16969172694249,1724965965.8954737
37.42754334512108,-122.16969206490337,1724965965.9969282
37.42754317476191,-122.16969216947092,1724965966.0914052
37.42754323476848,-122.16969270718238,1724965966.198418
37.42754325806993,-122.1696929230021,1724965966.2988133
37.42754292569303,-122.16969327272938,1724965966.4085765
37.427543253352525,-122.16969327428427,1724965966.5015254
37.42754270227135,-122.1696932226538,1724965966.5978932
37.42754293686471,-122.16969337973374,1724965966.7006354
37.42754296588786,-122.16969356834036,1724965966.8073175
37.42754303482551,-122.16969353643658,1724965966.9099302
37.42754258672117,-122.16969337247569,1724965967.009424
37.42754257489216,-122.16969377644074,1724965967.107192
37.427542355555296,-122.1696940801415,1724965967.2120984
37.42754236181403,-122.1696938694704,1724965967.3115792
37.42754246742882,-122.16969348763178,1724965967.412819
37.42754246651156,-122.16969372758707,1724965967.513037
37.42754226715498,-122.16969324915901,1724965967.6160011
37.42754221255009,-122.16969349673555,1724965967.714254
37.42754219419167,-122.1696939749335,1724965967.8156977
37.42754195590021,-122.16969437913475,1724965967.9145427
37.427541874684586,-122.16969454718871,1724965968.0176735
37.42754218592007,-122.1696945408973,1724965968.116776
37.42754193930655,-122.16969555735217,1724965968.2209318
37.427541846933224,-122.16969585600062,1724965968.3191278
37.427541995564525,-122.16969644030222,1724965968.423587
37.4275418177973,-122.16969666899178,1724965968.5196815
37.42754096203048,-122.16969619877571,1724965968.6252072
37.42754151465837,-122.169696988304,1724965968.7202687
37.427541309574735,-122.16969724253322,1724965968.828327
37.4275414834097,-122.16969720749736,1724965968.9235787
37.42754138369705,-122.16969757028333,1724965969.0283484
37.427541219148736,-122.16969768511532,1724965969.1283193
37.427540851185945,-122.1696982497387,1724965969.2305782
37.427540759748155,-122.16969888180674,1724965969.3285682
37.427540968501944,-122.16969765158593,1724965969.4337504
37.427540780342845,-122.16969773281208,1724965969.5338857
37.42754080798902,-122.16969811619347,1724965969.6341355
37.42754097294764,-122.1696978970166,1724965969.7343342
37.4275400648906,-122.16969891265933,1724965969.833037
37.42754008605352,-122.16969884682749,1724965969.93294
37.427541027896254,-122.16969899191707,1724965970.035402
37.42754035043586,-122.16969891034749,1724965970.1338885
37.42754011842356,-122.16969892771422,1724965970.2379043
37.42754003906611,-122.16969915325825,1724965970.336252
37.427540730069786,-122.16969950332908,1724965970.4409187
37.42754050814756,-122.1696997268818,1724965970.5389009
37.42754032703239,-122.16969990045625,1724965970.640839
37.42753560570609,-122.16969895260713,1724967087.2255874
37.427536001702805,-122.16969817964358,1724967087.3181741
37.42753591352488,-122.16969855647058,1724967087.4152195
37.42753579826577,-122.16969962848087,1724967087.5122344
37.427535721257584,-122.16969905854658,1724967087.617859
37.42753567722264,-122.16969908948441,1724967087.7153223
37.42753553571004,-122.16969928330766,1724967087.8162646
37.42753540209741,-122.16969933725547,1724967087.9173925
37.427535280219274,-122.16969920166711,1724967088.0166485
37.42753524736441,-122.16969895743135,1724967088.1164544
37.42753524947028,-122.16969891232364,1724967088.2191195
37.42753524174689,-122.1696988564333,1724967088.3219616
37.42753526412245,-122.1696988685878,1724967088.4234817
37.4275353071746,-122.16969888673987,1724967088.5250175
37.427535290610955,-122.16969908163183,1724967088.6282873
37.427535288175534,-122.16969939183561,1724967088.7267168
37.42753530668609,-122.16969990363748,1724967088.8261445
37.42753541426865,-122.16970069448442,1724967088.930194
37.42753552636475,-122.16970176174273,1724967089.0306473
37.42753570663136,-122.16970314928723,1724967089.1358726
37.427535879640494,-122.16970466324008,1724967089.2315083
37.42753609579821,-122.16970620567616,1724967089.3299608
37.4275359330386,-122.16970767344009,1724967089.4322982
37.427529906262436,-122.16970695233202,1724967089.5283237
37.42752388944534,-122.16970593198639,1724967089.6307995
37.42751783702184,-122.16970466321027,1724967089.7298384
37.427518045889144,-122.16970266805002,1724967089.8294148
37.42751831035615,-122.16970042640385,1724967089.931802
37.42752445603654,-122.16970007634448,1724967090.0371335
37.427530648375416,-122.16969957206017,1724967090.1365333
37.42753677092411,-122.16969908759641,1724967090.2432594
37.427536561818634,-122.16969903717381,1724967090.3400555
37.42753656553973,-122.16969892606387,1724967090.4398437
37.42753662849638,-122.1696988691292,1724967090.5353477
37.42753653914683,-122.16969871445582,1724967090.6360621
37.42753656448691,-122.16969848125278,1724967090.737759
37.42753663412056,-122.1696982818842,1724967090.846146
37.427536644606086,-122.16969808900426,1724967090.9460418
37.4275366220447,-122.16969785277233,1724967091.0488172
37.427536672145266,-122.16969772017299,1724967091.150644
37.42753666456494,-122.16969758778592,1724967091.249916
37.4275366615637,-122.16969751067286,1724967091.3506684
37.42753667915804,-122.16969751379536,1724967091.4541028
37.427536598280106,-122.16969751399294,1724967091.5527518
37.42753649643709,-122.16969751495728,1724967091.6558216
37.427536461869025,-122.16969756230304,1724967091.754561
37.42753639152345,-122.16969723450318,1724967091.855791
37.42753626922277,-122.1696972597614,1724967091.9584777
37.427536228260394,-122.16969726209763,1724967092.0606537
37.42753627176795,-122.16969725323156,1724967092.1584046
37.42753621398459,-122.16969723956498,1724967092.259764
37.42753618248499,-122.16969721004132,1724967092.3623278
37.42753623479885,-122.16969720267213,1724967092.463428
37.42753623330586,-122.16969719649488,1724967092.5638502
37.42753617898108,-122.1696971851272,1724967092.6668448
37.42753621392014,-122.16969717896855,1724967092.7635996
37.42753624580168,-122.16969752743664,1724967092.8703163
37.42753624916961,-122.16969752382228,1724967092.971907
37.42753625997782,-122.16969753845521,1724967093.0684774
37.42753629891896,-122.16969755473006,1724967093.17141
37.427536265127685,-122.1696975541446,1724967093.2698417
37.427536202355554,-122.16969758053405,1724967093.3717241
37.427536207365364,-122.16969757080776,1724967093.4722028
37.42753621686317,-122.16969754975581,1724967093.5719595
37.42753625391862,-122.16969752889378,1724967093.675455
37.42753628646717,-122.16969753472812,1724967093.773691
37.42753631551288,-122.16969753732414,1724967093.8757982
37.42753634236851,-122.16969756715837,1724967093.974968
37.427536364648496,-122.16969756821833,1724967094.0743437
37.427536319910885,-122.16969758119399,1724967094.1730266
37.42753636740141,-122.16969757042915,1724967094.2757642
37.42753636958138,-122.1696975510722,1724967094.377979
37.42753634602474,-122.16969753071119,1724967094.4761875
37.42753631772273,-122.16969754631505,1724967094.5773897
37.427536402682655,-122.16969718471049,1724967094.6795068
37.42753631541642,-122.1696971984296,1724967094.7786148
37.427536339440955,-122.16969719462291,1724967094.8810043
37.42753633328058,-122.16969721106248,1724967094.9807303
37.42753628712473,-122.16969721743422,1724967095.0800517
37.42753620344985,-122.16969758338826,1724967095.180394
37.427536299290374,-122.1696975771648,1724967095.2846413
37.42753644419391,-122.16969758319699,1724967095.3856227
37.42753639500051,-122.16969720687209,1724967095.4857457
37.42753644207599,-122.16969718050905,1724967095.5879414
37.427536439965614,-122.16969717479766,1724967095.6894
37.42753634532012,-122.16969717362875,1724967095.7974427
37.42753617380994,-122.16969718033477,1724967095.889279
37.42753622632681,-122.1696975339102,1724967095.9918447
37.42753628707039,-122.16969754508163,1724967096.092409
37.42753787573922,-122.16969685189065,1724967096.388757
37.42753952122881,-122.16969623094583,1724967096.485187
37.427541098140786,-122.16969553778112,1724967096.5900176
37.42754263186679,-122.16969484957623,1724967096.688752
37.42754413863061,-122.16969415314985,1724967096.788241
37.42754413178153,-122.16969414674128,1724967096.8881762
37.42754405554153,-122.16969407347074,1724967096.9897647
37.42754403429505,-122.16969408026773,1724967097.090473
37.42754408121501,-122.16969410825816,1724967097.1915753
37.4275441543341,-122.16969414658128,1724967097.2930298
37.427544159043165,-122.16969420349467,1724967097.3935487
37.427544167119294,-122.169694313611,1724967097.4959593
37.42754418631126,-122.16969442282367,1724967097.5960317
37.42754413498708,-122.16969457678063,1724967097.6983912
37.427544120777874,-122.16969465010578,1724967097.798847
37.427544159961336,-122.16969481219937,1724967097.8975618
37.42754420004725,-122.1696948578576,1724967097.9964044
37.42754414971553,-122.16969489824899,1724967098.1016762
37.42754419647093,-122.16969494852209,1724967098.2017233
37.42754415091315,-122.16969501087824,1724967098.3025768
37.42754403915688,-122.16969501775128,1724967098.4027212
37.42754399209579,-122.16969518225966,1724967098.508384
37.42754402390644,-122.1696953849152,1724967098.6020627
37.42754398249747,-122.16969560683779,1724967098.707979
37.427543908893966,-122.16969591980435,1724967098.810102
37.427543866959105,-122.16969625585712,1724967098.9184139
37.42753977145488,-122.16970620021388,1724967106.7943356
37.427539804057986,-122.16970662340394,1724967106.8829098
37.42753972273376,-122.16970805677158,1724967106.9827275
37.42753967723824,-122.16970854501973,1724967107.080614
37.427539744048374,-122.1697076216603,1724967107.1807885
37.42753977376235,-122.169708246555,1724967107.2826812
37.427539872903736,-122.16970888019445,1724967107.3890069
37.427538723627244,-122.16970886378176,1724967107.4850342
37.42753757915842,-122.16970884110134,1724967107.585266
37.42753760562453,-122.16970939680412,1724967107.6829207
37.42753755845499,-122.16970884176986,1724967107.787446
37.42753624454545,-122.16970703136295,1724967107.887063
37.42753639497464,-122.16970558926201,1724967107.9886076
37.42753762944157,-122.16970539868535,1724967108.0890195
37.427537628328366,-122.16970573249496,1724967108.192478
37.42753777777653,-122.16970713092792,1724967108.2920032
37.42753915941272,-122.16970974785538,1724967108.3939602
37.42754002923361,-122.16971020008415,1724967108.5000732
37.42753865443133,-122.16970969908387,1724967108.5994937
37.427537344190675,-122.16970815184716,1724967108.6971903
37.42753590651305,-122.16970562110124,1724967108.7966044
37.42753444974909,-122.16970400456293,1724967108.8972325
37.42753330686322,-122.16970458070766,1724967108.9960313
37.42753333282932,-122.16970356090637,1724967109.0981634
37.42753339254803,-122.1697024917534,1724967109.2000833
37.42753338989952,-122.16970231615252,1724967109.309435
37.42753334053685,-122.16970243632089,1724967109.4093091
37.42753331449753,-122.16970263312366,1724967109.5088315
37.4275332635523,-122.16970268978412,1724967109.6010795
37.427534615827334,-122.16970442148174,1724967109.7042432
37.42753602897503,-122.1697062818601,1724967109.8045611
37.42753603150179,-122.16970501509878,1724967109.9073584
37.42753599661627,-122.16970364583015,1724967110.0052185
37.42753747676438,-122.16970569936824,1724967110.1059985
37.427537502691166,-122.16970465477706,1724967110.2127638
37.427536054241116,-122.16970294664172,1724967110.3145015
37.42753594408182,-122.1697027901268,1724967110.407654
37.42753748804461,-122.16970342549004,1724967110.5102997
37.42753751247754,-122.16970204609821,1724967110.6084309
37.427537631670205,-122.16970203294153,1724967110.7101834
37.42753917503646,-122.16970261931547,1724967110.816221
37.42753919097949,-122.16970266311785,1724967110.9242682
37.42753780735561,-122.16970222415424,1724967111.019909
37.427536403457104,-122.1697017280646,1724967111.1200597
37.427536368238144,-122.1697016673033,1724967111.218335
37.42753647005579,-122.16970156588988,1724967111.3201852
37.42753820850757,-122.16970229099473,1724967111.420575
37.427539648246295,-122.16970276549547,1724967111.5246563
37.42754094779571,-122.16970326574027,1724967111.6217234
37.42753947785811,-122.16970286197949,1724967111.7284214
37.42753925139245,-122.1697029197403,1724967111.8258626
37.42753767434683,-122.1697025829446,1724967111.9282432
37.42753609912891,-122.16970177269607,1724967112.0247664
37.427534720345136,-122.16970093791866,1724967112.1266773
37.4275360212584,-122.16970338974727,1724967112.222923
37.42753464877872,-122.16970254144884,1724967112.3216085
37.42753600376053,-122.1697029737844,1724967112.4237666
37.42753737919161,-122.16970393933153,1724967112.5247896
37.42753904192796,-122.16970465479231,1724967112.6258693
37.42753931502642,-122.16970266592128,1724967112.7286816
37.427540998926766,-122.16970354781411,1724967112.8282537
37.42754125489763,-122.16970364404722,1724967112.9289062
37.427541684201636,-122.16970392674398,1724967113.029634
37.42754170860638,-122.16970441655131,1724967113.129927
37.4275418147492,-122.16970455663973,1724967113.2325091
37.427541956349664,-122.16970460063108,1724967113.3330386
37.42754213510935,-122.16970450459934,1724967113.4331167
37.427542176435864,-122.16970408073982,1724967113.538125
37.427542278357286,-122.16970362601357,1724967113.6327786
37.427542172602,-122.16970321626266,1724967113.734099
37.42754227265193,-122.16970307927966,1724967113.837772
37.427542103334616,-122.16970283568402,1724967113.9377978
37.42754195896815,-122.1697025417136,1724967114.037544
37.42754189298536,-122.16970221337672,1724967114.1417189
37.42754192543982,-122.16970205639635,1724967114.2405875
37.427541715955414,-122.16970169424937,1724967114.342313
37.42754180037787,-122.16970150318387,1724967114.4464588
37.427541838951676,-122.16970114604646,1724967114.545149
37.42754213109811,-122.16970109108625,1724967114.6455271
37.42754240620788,-122.16970109242529,1724967114.7502072
37.42754257475956,-122.16970110795953,1724967114.8488774
37.42754259855637,-122.16970115905863,1724967114.9497683
37.427542683963125,-122.16970146862901,1724967115.054699
37.42754252026936,-122.16970154609264,1724967115.1579401
37.427542363986014,-122.16970162777052,1724967115.257813
37.42754226460053,-122.16970140917643,1724967115.3573008
37.42754226172948,-122.16970139133561,1724967115.4567845
37.42754253097639,-122.16970132507116,1724967115.559662
37.42754249084902,-122.1697011053138,1724967115.6584032
37.42754265803101,-122.1697011652387,1724967115.76092
37.42754274872018,-122.16970142985086,1724967115.8599496
37.42754296793892,-122.16970120658057,1724967115.9643753
37.42754277209209,-122.16970096709116,1724967116.0630782
37.427543086021366,-122.16970321569902,1724967116.164486
37.427543316721476,-122.16970519055494,1724967116.2648692
37.42754356643016,-122.1697051477969,1724967116.365248
37.427543574785204,-122.16970762847943,1724967116.467495
37.42754369106624,-122.16971015093353,1724967116.5673115
37.42754352833915,-122.16971038602189,1724967116.6687675
37.427543386332864,-122.16971059159106,1724967116.7564223
37.42754338981921,-122.16971010816042,1724967116.8609116
37.427543485418916,-122.16970734752776,1724967116.9740486
37.42754351196406,-122.16970453627525,1724967117.0597384
37.42754352855892,-122.16970168961261,1724967117.1621337
37.42754348392593,-122.16969878546396,1724967117.2727623
37.427543481792775,-122.16969864022136,1724967117.3630245
37.42754349959292,-122.16969849312389,1724967117.4639997
37.42754368223202,-122.1696983873653,1724967117.5657332
37.42754389834703,-122.16969828434348,1724967117.6674268
37.427544059786484,-122.16969827435254,1724967117.7789733
37.42754390228124,-122.16969844120307,1724967117.8797214
37.427543902161595,-122.16969874244504,1724967117.982871
37.42754373593382,-122.16969909845773,1724967118.0802486
37.427543590545454,-122.16969943747553,1724967118.1878617
37.42754347697331,-122.16969980223226,1724967118.288799
37.42754363375784,-122.16970007705946,1724967118.3926957
37.42754364484294,-122.16970022844228,1724967118.4860675
37.427543617563266,-122.16970057606177,1724967118.5879762
37.42754375295095,-122.16970070404243,1724967118.6880052
37.427543946044445,-122.16970075710455,1724967118.7888267
37.42754394505112,-122.16970071653269,1724967118.8849404
37.427544048216355,-122.16970066442359,1724967118.986544
37.42754410116519,-122.16970050660439,1724967119.0909903
37.427544015728365,-122.16970052129685,1724967119.193906
37.42754383360568,-122.16970060640969,1724967119.2920978
37.42754382268858,-122.16970066791525,1724967119.3922389
37.42754366302525,-122.16970072934538,1724967119.4924912
37.42754370079863,-122.16970063661593,1724967119.5974157
37.42754384056304,-122.16970049813024,1724967119.6954105
37.42754379558956,-122.16970034461754,1724967119.7991614
37.427543648734826,-122.16970024724367,1724967119.90013
37.427543559802665,-122.16970020458892,1724967120.0039601
37.427543390756256,-122.16970016261581,1724967120.1032653
37.42754315602649,-122.16970020596754,1724967120.2046332
37.42754312493892,-122.16970022388864,1724967120.3049474
37.42754318769494,-122.1697002392323,1724967120.4032993
37.42754315481126,-122.16970027410517,1724967120.50419
37.42754309070663,-122.16970040954216,1724967120.6076303
37.42754301259662,-122.16970065444947,1724967120.7145152
37.42753707968628,-122.16970105766006,1724967120.8120341
37.427531098298196,-122.1697015384018,1724967120.9081886
37.427525211935624,-122.16970206170197,1724967121.0067692
37.427525321415686,-122.16970145800913,1724967121.1090212
37.42752540893778,-122.16970075264497,1724967121.208299
37.42753147207392,-122.16969990866615,1724967121.3141055
37.42753752361766,-122.1696989445885,1724967121.412454
37.427543546067746,-122.16969789927356,1724967121.5118785
37.427543545704935,-122.16969792476736,1724967121.6116889
37.42754350422376,-122.16969801336352,1724967121.715863
37.427543385864375,-122.16969805057342,1724967121.816794
37.42754320330067,-122.16969818645474,1724967121.9160168
37.42754304373402,-122.16969838910826,1724967122.0145602
37.42754300984865,-122.1696985428192,1724967122.1181107
37.427542988350616,-122.16969874939646,1724967122.2178848
37.42754305325009,-122.16969906679395,1724967122.3214386
37.42754320507445,-122.16969944802959,1724967122.418166
37.42754336012539,-122.16969992824909,1724967122.5247393
37.42754335700858,-122.16970053737924,1724967122.6235468
37.42754345952462,-122.16970103846457,1724967122.7251463
37.427543410655595,-122.16970152818611,1724967122.8209915
37.42754338435484,-122.16970186817781,1724967122.9224553
37.427543230987006,-122.16970177493899,1724967123.0212152
37.42754313794278,-122.16970182994916,1724967123.128896
37.42754295402464,-122.16970194169387,1724967123.2245378
37.42754273954696,-122.16970197011838,1724967123.3287597
37.42754255125123,-122.16970201077912,1724967123.421752
37.427542513220494,-122.16970203181786,1724967123.5341785
37.427542510943844,-122.16970210368056,1724967123.6308367
37.4275423595068,-122.1697021505742,1724967123.7375555
37.42754248306718,-122.16970213416627,1724967123.8290908
37.42754243823375,-122.16970217690854,1724967123.9371667
37.42754229413407,-122.1697023815679,1724967124.0339684
37.42754217321769,-122.16970226516301,1724967124.1341352
37.427542375642055,-122.1697034452985,1724967124.23512
37.42754225591773,-122.16970267536766,1724967124.336127
37.42754223429684,-122.16970183384768,1724967124.4354181
37.42754240643709,-122.16970101688936,1724967124.5411253
37.4275425830763,-122.16970028883198,1724967124.6426742
37.42754258410677,-122.16969827938003,1724967124.7396598
37.427542640766,-122.16969826931906,1724967124.837836
37.42754256077697,-122.16969825049397,1724967124.9393327
37.42754236381609,-122.169698306686,1724967125.0372977
37.42754219871611,-122.16969833247099,1724967125.1425068
37.42754206905079,-122.16969839181205,1724967125.240263
37.42754197994226,-122.16969847080071,1724967125.3422198
37.427541989812354,-122.16969857742517,1724967125.4438093
37.42754209805589,-122.1696984343725,1724967125.5424862
37.42754213333824,-122.16969834771916,1724967125.6437755
37.42754212614738,-122.16969821020993,1724967125.7428648
37.42754212561247,-122.16969804205272,1724967125.8433058
37.42754216550289,-122.16969792070212,1724967125.9444222
37.42754211195191,-122.16969812261271,1724967126.0549767
37.42754206485214,-122.16969816805931,1724967126.1566768
37.42754200279816,-122.1696981926087,1724967126.2512403
37.4275419458511,-122.16969827480189,1724967126.3516943
37.427541909393476,-122.16969831825193,1724967126.4541085
37.427541898795795,-122.16969834357347,1724967126.5606651
37.427541852397844,-122.16969842984446,1724967126.6591508
37.427541640614656,-122.16969869815057,1724967126.7608964
37.427541525840375,-122.16969877955786,1724967126.8630037
37.427541410227896,-122.16969894087156,1724967126.9602334
37.42754122561504,-122.16969900868406,1724967127.0586686
37.42754109236909,-122.16969906779144,1724967127.163678
37.42754119835597,-122.16969891495634,1724967127.2621353
37.42754122051093,-122.169698899864,1724967127.3676262
37.42754134045955,-122.16969880254979,1724967127.4591653
37.4275413937446,-122.16969871324305,1724967127.559606
37.42754142992424,-122.1696986680704,1724967127.6596293
37.4275414851302,-122.16969867185473,1724967127.7673368
37.42754161777012,-122.1696986596135,1724967127.8652163
37.42754150561537,-122.1696987050547,1724967127.969095
37.4275413690855,-122.16969881966224,1724967128.0679412
37.42754129293572,-122.16969884870737,1724967128.1654208
37.42754106646341,-122.16969897143524,1724967128.2680266
37.42754085314146,-122.16969909875203,1724967128.3697324
37.427540710049925,-122.16969915709495,1724967128.4702232
37.427540724996184,-122.16969912260957,1724967128.5739412
37.42754065578165,-122.16969916375855,1724967128.6716347
37.42754065692492,-122.16969910363512,1724967128.7757883
37.42754061211835,-122.16969907775356,1724967128.8727672
37.42754063307676,-122.16969909222934,1724967128.9762847
37.427540660206496,-122.16969917720506,1724967129.0716493
37.427540708442,-122.16969922689566,1724967129.1774175
37.42754078092567,-122.16969922568687,1724967129.2804449
37.42754092962054,-122.1696992889767,1724967129.3795507
37.4275409519379,-122.16969927976369,1724967129.4784281
37.42754090890746,-122.16969937477994,1724967129.5838072
37.42754111033809,-122.16969961155142,1724967129.6818478
37.427541143667945,-122.16969996447554,1724967129.7816775
37.42754090972419,-122.16970048753738,1724967129.8835495
37.42754084811167,-122.1697010512092,1724967129.9881668
37.42754100838422,-122.16970151979879,1724967130.0830233
37.42754064663141,-122.16970191628594,1724967130.1851256
37.42754072893016,-122.16970218097418,1724967130.2920883
37.42754078026016,-122.16970229392754,1724967130.3966749
37.427540635208395,-122.1697024115194,1724967130.4886777
37.42754034503915,-122.1697025328728,1724967130.5875497
37.42754033095087,-122.16970257647881,1724967130.6891234
37.427540009726506,-122.16970269367886,1724967130.7881837
37.427539866894485,-122.16970274074191,1724967130.888982
37.427539910165514,-122.16970289033047,1724967130.987402
37.427539905733354,-122.16970302378425,1724967131.090822
37.42753991403139,-122.1697031785565,1724967131.1896257
37.42753997806943,-122.16970327788327,1724967131.2929134
37.42753996888827,-122.16970342244304,1724967131.3952365
37.4275399720923,-122.16970345333615,1724967131.4925714
37.42753996526127,-122.16970334993184,1724967131.5944293
37.42754007734043,-122.16970253406757,1724967131.6973689
37.42754010591354,-122.16970177777372,1724967131.7949684
37.42754023509338,-122.16970137010988,1724967131.911565
37.427540323239754,-122.16970097752841,1724967132.0008895
37.42754046084178,-122.16970070352535,1724967132.1032686
37.4275405917206,-122.16970181632293,1724967132.2018383
37.42754079205391,-122.1697027830822,1724967132.299566
37.42754086296876,-122.16970269441399,1724967132.4016712
37.42754089220846,-122.16970256886316,1724967132.5040224
37.42754092750756,-122.16970250255481,1724967132.6053662
37.42754084527112,-122.16970181733171,1724967132.7106035
37.427540673987785,-122.16970124142566,1724967132.8093317
37.427540679284164,-122.16970132793543,1724967132.914453
37.42754056613651,-122.16970077688963,1724967133.0106945
37.427540558469396,-122.16970022649367,1724967133.1126177
37.42754053776168,-122.169699627579,1724967133.2113261
37.42754058484812,-122.1696990850499,1724967133.3163126
37.42754058864977,-122.16969849399386,1724967133.4180863
37.42754078813629,-122.1696986359071,1724967133.5194163
37.42754076523785,-122.16969886053216,1724967133.622845
37.42754076760731,-122.1696993611042,1724967133.719986
37.42754079885577,-122.1696999663471,1724967133.8204985
37.42754080303616,-122.16970059421692,1724967133.922743
37.427540785856415,-122.16970118043999,1724967134.020452
37.427540765971024,-122.16970161195152,1724967134.1264725
37.42754072560046,-122.16970181612064,1724967134.2220526
37.42754065775754,-122.16970187476902,1724967134.3282118
37.4275405910001,-122.16970197557272,1724967134.4204664
37.42754052702006,-122.16970209743471,1724967134.5173604
37.427540598376346,-122.1697022455031,1724967134.619586
37.4275407120576,-122.1697023941043,1724967134.7278192
37.42754083201052,-122.1697025791531,1724967134.828805
37.427540982294836,-122.1697027521336,1724967134.9310246
37.427541049873106,-122.16970286545828,1724967135.0278752
37.427541018067394,-122.16970295097948,1724967135.1310132
37.42754094525741,-122.16970300960914,1724967135.2289422
37.427540905882985,-122.16970302164457,1724967135.3358653
37.427540807511235,-122.16970315979852,1724967135.4316504
37.42754069887735,-122.16970319185315,1724967135.5352159
37.4275407083483,-122.1697032589762,1724967135.634876
37.42754072049525,-122.169703294587,1724967135.738324
37.42754068880125,-122.16970335998477,1724967135.8372676
37.427540697876076,-122.16970327248883,1724967135.9409196
37.427540723473726,-122.16970332192798,1724967136.0362878
37.42754069653196,-122.16970334995935,1724967136.1397774
37.42754073253974,-122.16970336242294,1724967136.2404416
37.42754072024413,-122.16970335274432,1724967136.342587
37.42754066182811,-122.1697034974362,1724967136.4439
37.42754069488107,-122.16970354555653,1724967136.5469606
37.42754072657313,-122.16970366741864,1724967136.6435087
37.427540699791614,-122.16970377478333,1724967136.7441454
37.42754066090955,-122.1697038682441,1724967136.8439946
37.42754062641859,-122.16970383983023,1724967136.946545
37.42754055187631,-122.16970388645652,1724967137.0452151
37.42754045603257,-122.16970386966258,1724967137.151004
37.427540349585115,-122.16970391250574,1724967137.2461503
37.42754028892488,-122.16970404309923,1724967137.3483026
37.427540210050985,-122.16970412093917,1724967137.446895
37.42754017473342,-122.16970419452917,1724967137.5514457
37.4275400708855,-122.16970434279017,1724967137.6491358
37.42753998267857,-122.16970438224172,1724967137.751368
37.42753988173994,-122.16970443024528,1724967137.8543024
37.427539810570536,-122.1697044880434,1724967137.9551415
37.42753967414184,-122.16970473040503,1724967138.0523424
37.42753963818259,-122.16970500889971,1724967138.1584637
37.427539575282196,-122.16970549129042,1724967138.2566452
37.42753949285882,-122.16970605339836,1724967138.3573647
37.427539419101464,-122.16970665374355,1724967138.4548042
37.4275393736747,-122.16970699850388,1724967138.5598495
37.427539306997346,-122.16970743376709,1724967138.6582177
37.427539322952605,-122.16970778081456,1724967138.7611673
37.42753944810821,-122.16970792952486,1724967138.8587441
37.427539565268894,-122.16970824728547,1724967138.9621184
37.42753976091506,-122.16970852627634,1724967139.0591314
37.42754000264472,-122.16970831298295,1724967139.161216
37.42753991447351,-122.16970734390537,1724967139.263155
37.427540144331424,-122.16970682935973,1724967139.3623912
37.42753958215366,-122.16970442788588,1724967139.467331
37.42753894768403,-122.16970217594069,1724967139.5699706
37.42753829836389,-122.16970012132501,1724967139.6664748
37.42753834641424,-122.16969944003064,1724967139.770671
37.427537577467234,-122.16969763289495,1724967139.86824
37.42753786927683,-122.1696977003172,1724967139.972875
37.427538007130856,-122.16969799042292,1724967140.0717375
37.427538181443346,-122.16969865278593,1724967140.17488
37.427537873312644,-122.16969877823345,1724967140.2745306
37.42753793664674,-122.16969980621465,1724967140.3735402
37.42753790117364,-122.16970038386665,1724967140.4752345
37.42753791493969,-122.1697009277784,1724967140.57341
37.42753773301765,-122.16970124654667,1724967140.6749558
37.42753770281815,-122.16970137379612,1724967140.779077
37.42753783311525,-122.16970134688195,1724967140.8803148
37.42753754481128,-122.16970154989977,1724967140.9801774
37.42753734691357,-122.16970153757072,1724967141.0758567
37.42753742240084,-122.16970146948873,1724967141.1796353
37.42753722867362,-122.16970145431019,1724967141.2781928
37.42753699720652,-122.1697014311518,1724967141.3806639
37.42753701134744,-122.16970145167093,1724967141.4826257
37.4275371788594,-122.16970144179608,1724967141.5817575
37.42753718557594,-122.16970146284964,1724967141.6814492
37.427536915698525,-122.16970149661515,1724967141.7852564
37.42753667715165,-122.16970117744214,1724967141.894057
37.42753656002167,-122.16970088922285,1724967141.9914184
37.42753620876408,-122.16970061189407,1724967142.0864375
37.42753492215515,-122.16970029674216,1724967142.18643
37.4275350588906,-122.1696996959549,1724967142.291307
37.42753468735105,-122.16969943739237,1724967142.389119
37.42753454369756,-122.16969912737541,1724967142.4870298
37.42753442563033,-122.16969860675165,1724967142.5885472
37.42753474074845,-122.16969832301787,1724967142.6896627
37.42753413795684,-122.16969806083517,1724967142.7904406
37.427534173777296,-122.16969787424603,1724967142.8930988
37.427533589957896,-122.16969790817168,1724967142.9990141
37.427533092625154,-122.16969811566288,1724967143.0929744
37.427533010648844,-122.16969814543691,1724967143.1933255
37.42753293492141,-122.16969842089723,1724967143.294331
37.427532162403274,-122.16969887941221,1724967143.3978941
37.427532104846975,-122.16969890275605,1724967143.5009208
37.42753243738759,-122.16969901668679,1724967143.597956
37.42753228411599,-122.16969903974497,1724967143.69915
37.42753265706089,-122.16969910746506,1724967143.8018544
37.42753322719287,-122.16969917139801,1724967143.9005709
37.427532605212754,-122.16969945722273,1724967144.0028617
37.427532239281724,-122.16969966492604,1724967144.1039884
37.427532414884205,-122.16969987884094,1724967144.2030327
37.42753203789963,-122.16969964808101,1724967144.3047159
37.42753189836916,-122.1696990413207,1724967144.4060833
37.42753281709284,-122.16969848112228,1724967144.5067377
37.42753274916485,-122.16969809563373,1724967144.6003616
37.42753274546565,-122.16969807052702,1724967144.7096233
37.42753298452854,-122.16969871044265,1724967144.8096857
37.427533213768605,-122.16969984462897,1724967144.9124346
37.42753291517372,-122.16970100156188,1724967145.0129476
37.42753274053705,-122.16970208657094,1724967145.1153908
37.42753241966927,-122.16970284051767,1724967145.2115395
37.42753179601226,-122.1697033546408,1724967145.3163495
37.42753178371927,-122.1697019232102,1724967145.411707
37.42753192638418,-122.16970119541293,1724967145.5043173
37.42753243037268,-122.16969972342667,1724967145.6225386
37.42753311946208,-122.1696982660102,1724967145.7236722
37.427533833653335,-122.16969692054784,1724967145.82073
37.42753359143455,-122.16969720547094,1724967145.9223986
37.4275336863406,-122.1696968055127,1724967146.0290678
37.427533204704275,-122.1696971036972,1724967146.1279278
37.427532707527064,-122.16969739536242,1724967146.2243736
37.427532502121835,-122.16969755676,1724967146.3262298
37.427532632075895,-122.16969770113617,1724967146.4284225
37.427532446593865,-122.169697727491,1724967146.5311768
37.42753267481653,-122.16969775193184,1724967146.62956
37.427532691285435,-122.16969776525214,1724967146.7327912
37.427532544108914,-122.16969780426518,1724967146.8329604
37.42753252335651,-122.16969779125465,1724967146.9313726
37.427532582937275,-122.16969779600397,1724967147.031994
37.427532535548785,-122.1696977792079,1724967147.1361964
37.42753269266093,-122.16969775407276,1724967147.231979
37.42753275859389,-122.16969776095776,1724967147.3372605
37.42753271222559,-122.16969781179141,1724967147.4367938
37.42753275940741,-122.16969790980286,1724967147.5392313
37.42753290109489,-122.16969797223678,1724967147.6377215
37.42753276002374,-122.16969805538108,1724967147.742828
37.42753267757504,-122.16969810293789,1724967147.8409312
37.42753263546574,-122.16969811354608,1724967147.9445035
37.42753245572949,-122.16969816871209,1724967148.0459461
37.4275323179062,-122.16969851828053,1724967148.142054
37.427532344149384,-122.1696987437173,1724967148.246263
37.42753232038779,-122.16969883777688,1724967148.346604
37.42753234707736,-122.16969893869708,1724967148.4477093
37.42753237378584,-122.16969905429305,1724967148.5475016
37.42753238508748,-122.16969908945227,1724967148.6441882
37.42753242806379,-122.16969899066787,1724967148.7545242
37.42753248671503,-122.16969901527168,1724967148.8528748
37.42753304713137,-122.16969874497605,1724967148.9553246
37.427533630824044,-122.16969837502799,1724967149.0524979
37.427534183557384,-122.16969782399906,1724967149.149419
37.4275347769066,-122.1696980522316,1724967149.2523656
37.42753525216259,-122.16969777500961,1724967149.354018
37.42753513687597,-122.1696977859595,1724967149.4520204
37.42753501210553,-122.1696977937155,1724967149.5557747
37.4275348919582,-122.16969780948827,1724967149.6458273
37.42753469631565,-122.16969733665687,1724967149.7444139
37.42753460415733,-122.16969737589281,1724967149.8426344
37.42753454452308,-122.16969735324972,1724967149.9497151
37.42753447353242,-122.16969740436944,1724967150.0467737
37.42753438579723,-122.16969767621849,1724967150.150162
37.42753432943124,-122.16969812548962,1724967150.2589066
37.42753427214046,-122.16969885368188,1724967150.359746
37.427533984213945,-122.16970002979154,1724967150.4604995
37.42753354365727,-122.16970152779933,1724967150.5659342
37.42753306516886,-122.16970305872036,1724967150.663973
37.42753265459081,-122.16970442255383,1724967150.7648368
37.42753210376868,-122.16970553628325,1724967150.8610518
37.42753221559193,-122.1697062819264,1724967150.9656322
37.42753244443691,-122.1697067125339,1724967151.0626597
37.42753317035763,-122.16970496254841,1724967151.1665564
37.42753387133241,-122.16970309245812,1724967151.2654707
37.42753460518569,-122.16970148079714,1724967151.368356
37.42753464098446,-122.16970043596544,1724967151.4680994
37.42753492622103,-122.16969852746129,1724967151.5742805
37.42753476073651,-122.16969859807104,1724967151.6684086
37.4275343702031,-122.16969958119411,1724967151.7710161
37.4275339902175,-122.16970034336164,1724967151.8686562
37.42753379930763,-122.16970055492807,1724967151.97296
37.42753337118814,-122.16970153572804,1724967152.0742784
37.42753294683721,-122.16970249729859,1724967152.1758666
37.42753280919155,-122.1697025678857,1724967152.2791
37.4275327265536,-122.1697025036021,1724967152.3792338
37.4275326311034,-122.16970242953828,1724967152.4792707
37.427532613384685,-122.16970238738436,1724967152.5832741
37.42753254190937,-122.16970227525191,1724967152.683781
37.42753240984195,-122.16970238606864,1724967152.784443
37.42753231265622,-122.16970233995752,1724967152.8813107
37.427532289437266,-122.16970241624604,1724967152.9818332
37.427532232947755,-122.1697024127638,1724967153.0836182
37.427532275637276,-122.16970241858043,1724967153.1871774
37.42753225390596,-122.1697022552243,1724967153.285544
37.427532196555866,-122.16970228029275,1724967153.3927517
37.42753211336089,-122.16970216605924,1724967153.4886134
37.42753198843576,-122.16970215927813,1724967153.5905256
37.4275318223341,-122.16970218358658,1724967153.690048
37.42753161871575,-122.1697022335082,1724967153.791469
37.42753160334348,-122.16970230787338,1724967153.891171
37.427531539588145,-122.16970239803636,1724967153.9918785
37.427531519255936,-122.16970246492096,1724967154.097854
37.42753136194531,-122.1697025206341,1724967154.1915221
37.42753134618831,-122.16970251569008,1724967154.2985198
37.427531144003886,-122.16970252059255,1724967154.3952396
37.42753104898589,-122.16970247303587,1724967154.494068
37.42753094041731,-122.16970251378908,1724967154.595362
37.42753096154029,-122.1697025138806,1724967154.6973183
37.42753087552945,-122.16970257315053,1724967154.7985425
37.42753081873897,-122.16970258232953,1724967154.9017992
37.42753076719977,-122.16970266558891,1724967154.9991195
37.42753066510026,-122.16970263393222,1724967155.101644
37.42753059472139,-122.16970267927104,1724967155.1993034
37.42753057944065,-122.16970263662373,1724967155.3012638
37.42753052971988,-122.16970264885053,1724967155.4016745
37.42753046970454,-122.16970259945894,1724967155.5009534
37.427530471646506,-122.16970263816779,1724967155.6029556
37.427530405609566,-122.16970257181256,1724967155.706275
37.42753037903363,-122.16970268686899,1724967155.8069701
37.4275303974924,-122.16970275298448,1724967155.9068844
37.42753040684821,-122.1697027631697,1724967156.006533
37.42753038869341,-122.16970278603999,1724967156.111159
37.42753038381506,-122.16970289765653,1724967156.209318
37.42753038858942,-122.16970281390293,1724967156.323883
37.42753030779204,-122.1697028703817,1724967156.4125106
37.42753034691899,-122.16970327183537,1724967156.5202706
37.42753032172477,-122.16970377471634,1724967156.615317
37.427530296503264,-122.16970427664897,1724967156.7173696
37.4275303290812,-122.16970499775981,1724967156.813026
37.42753049581956,-122.16970589427243,1724967156.9158373
37.42753046784641,-122.16970668467975,1724967157.0136163
37.42753056422137,-122.16970743307778,1724967157.1172075
37.42753072214096,-122.16970822699062,1724967157.2161028
37.427530728752615,-122.16970884064216,1724967157.3160377
37.42753054296144,-122.16970910431557,1724967157.4213223
37.427530410599054,-122.16970921979637,1724967157.5265796
37.42753057845318,-122.16970658594545,1724967157.608605
37.427530888490686,-122.16970526335489,1724967157.7201884
37.42753114903511,-122.16970400627918,1724967157.8186014
37.427531520550644,-122.16970281252502,1724967157.9195998
37.42753188968271,-122.1697017541568,1724967158.024714
37.427531983653,-122.16970332580095,1724967158.1207771
37.42753183847622,-122.16970352734222,1724967158.2229762
37.42753182925747,-122.16970367942704,1724967158.3246775
37.427531801103456,-122.16970383746212,1724967158.42997
37.427531784064215,-122.1697038092517,1724967158.526736
37.42753181346524,-122.16970378705098,1724967158.6303022
37.42753187041598,-122.16970374784205,1724967158.7315953
37.42753197674786,-122.16970372378594,1724967158.8317602
37.427532056695185,-122.16970368377908,1724967158.9384253
37.4275322119457,-122.16970374307037,1724967159.0355694
37.427532291383486,-122.16970371389583,1724967159.1319208
37.42753241647188,-122.16970364612058,1724967159.2373445
37.42753251766184,-122.16970360833842,1724967159.3394153
37.427532644647286,-122.16970357107014,1724967159.4426818
37.42753277057348,-122.16970342037094,1724967159.5399067
37.427532854136885,-122.16970332411361,1724967159.6419961
37.42753296457244,-122.16970332642161,1724967159.7414756
37.42753301832622,-122.16970329072933,1724967159.8389885
37.42753311728379,-122.16970321930975,1724967159.9447036
37.42753314411708,-122.16970320245065,1724967160.0404394
37.427533173552256,-122.16970325207834,1724967160.1468208
37.42753317674961,-122.16970321859836,1724967160.2429304
37.42753307089551,-122.16970322332008,1724967160.3464375
37.42753298698304,-122.16970321778594,1724967160.4488776
37.4275329158987,-122.16970327610125,1724967160.5581994
37.42753281571539,-122.1697033172024,1724967160.6490357
37.42753272617872,-122.16970335194503,1724967160.7550051
37.42753275942457,-122.1697033650312,1724967160.847115
37.42753273406817,-122.16970343932027,1724967160.951005
37.42753264613964,-122.16970345199537,1724967161.0496619
37.42753265365425,-122.16970340774202,1724967161.1515772
37.427532583400826,-122.16970349274071,1724967161.2578485
37.4275325508353,-122.1697036487397,1724967161.354212
37.42753252244521,-122.16970380973862,1724967161.4543612
37.42753253311742,-122.16970408022009,1724967161.5537286
37.427532497498454,-122.16970437419464,1724967161.6549397
37.42753246427235,-122.16970462608086,1724967161.7575107
37.42753242332457,-122.169704780245,1724967161.8602707
37.42753242004491,-122.16970498169118,1724967161.9618068
37.42753239579677,-122.16970504525233,1724967162.062389
37.42753233892272,-122.16970514326115,1724967162.159976
37.42753235493041,-122.1697051260353,1724967162.2571423
37.42753228596741,-122.16970524428203,1724967162.3624067
37.42753220784194,-122.16970533576746,1724967162.4611006
37.42753217721237,-122.16970539960653,1724967162.5626292
37.42753221597886,-122.1697054212545,1724967162.6638782
37.42753211567739,-122.16970560513853,1724967162.7649295
37.42753207088006,-122.16970562755596,1724967162.8666036
37.427532047594084,-122.16970558968927,1724967162.9683726
37.42753177440652,-122.16970556599456,1724967163.0783741
37.42753154696128,-122.16970561403916,1724967163.1821718
37.42753133549815,-122.16970553166416,1724967163.2734933
37.427531366548344,-122.16970563504039,1724967163.3752565
37.42753122991836,-122.16970568852707,1724967163.47044
37.427531346422136,-122.16970578524295,1724967163.576612
37.42753148573368,-122.16970603574725,1724967163.682689
37.42753175592042,-122.1697062301327,1724967163.776404
37.42753175892982,-122.16970654710104,1724967163.8742437
37.42753187244972,-122.1697071903355,1724967163.9752057
37.42753194838654,-122.16970816100685,1724967164.07147
37.42753211797272,-122.16970917388387,1724967164.1738076
37.42752688187087,-122.16970812570591,1724967164.27286
37.427521625148664,-122.16970691789246,1724967164.3732681
37.427520279900826,-122.16970532850404,1724967164.474413
37.42752014510757,-122.16970474430606,1724967164.577377
37.42751990900148,-122.16970398693174,1724967164.6791663
37.4275249144952,-122.16970345194343,1724967164.7831457
37.42753008146767,-122.16970479655403,1724967164.8821187
37.42753137476707,-122.16970633935432,1724967164.9803329
37.42753148376378,-122.16970658397861,1724967165.081173
37.427531512637394,-122.16970679171752,1724967165.1811576
37.42753167464244,-122.16970728936714,1724967165.2875922
37.42753076527845,-122.16970697029707,1724967165.3878396
37.427531149065345,-122.1697055669916,1724967165.4877174
37.427530218210414,-122.16970518284695,1724967165.588821
37.42753064501027,-122.16970536053633,1724967165.6888986
37.42753099540055,-122.16970724403045,1724967165.7902231
37.42753041990475,-122.16970708869992,1724967165.887348
37.42753046433259,-122.1697070216294,1724967165.990168
37.42753137051392,-122.16970548262043,1724967166.0898776
37.42753083776143,-122.16970292887488,1724967166.1890695
37.427530378260315,-122.16970052161474,1724967166.2950752
37.42753226453071,-122.16969967494823,1724967166.3927474
37.42753228055107,-122.16969980068464,1724967166.4924603
37.42753283339011,-122.16970025720171,1724967166.592239
37.427533374149206,-122.16970107547593,1724967166.698084
37.427533980811425,-122.16970154392824,1724967166.7951462
37.42753413098533,-122.16970109055926,1724967166.8968735
37.42753423949955,-122.16970043983656,1724967167.004059
37.427534330908145,-122.16969971895828,1724967167.102566
37.42753451184609,-122.16969919966976,1724967167.2052531
37.427534682628036,-122.16969904351689,1724967167.309125
37.42753489224199,-122.16969912379983,1724967167.408967
37.42753502556569,-122.1696993670765,1724967167.5053449
37.42753508388031,-122.16969964571386,1724967167.6078987
37.42753509374008,-122.16969986205025,1724967167.703326
37.42753521330589,-122.16969982443806,1724967167.8032901
37.42753526909229,-122.16969980674673,1724967167.9054236
37.42753535920038,-122.16969958248235,1724967168.0083566
37.42753548071438,-122.16969948770303,1724967168.1071956
37.42753569692371,-122.16969913668161,1724967168.2090871
37.42753573801155,-122.16969889341638,1724967168.3141193
37.42753576232006,-122.16969883643391,1724967168.407979
37.427535721257584,-122.16969905854658,1724967168.511372
37.42753567722264,-122.16969908948441,1724967168.6119473
37.42753553571004,-122.16969928330766,1724967168.709131
37.42753540209741,-122.16969933725547,1724967168.817149
37.427535280219274,-122.16969920166711,1724967168.913168
37.42753524736441,-122.16969895743135,1724967169.011752
37.42753524947028,-122.16969891232364,1724967169.1148615
37.42753524174689,-122.1696988564333,1724967169.2172046
37.42753526412245,-122.1696988685878,1724967169.3213391
37.4275353071746,-122.16969888673987,1724967169.4195905
37.427535290610955,-122.16969908163183,1724967169.522724
37.427535288175534,-122.16969939183561,1724967169.6249175
37.42753530668609,-122.16969990363748,1724967169.722966
37.42753541426865,-122.16970069448442,1724967169.8243408
37.42753552636475,-122.16970176174273,1724967169.926727
37.42753570663136,-122.16970314928723,1724967170.0302227
37.427535879640494,-122.16970466324008,1724967170.128348
37.42753609579821,-122.16970620567616,1724967170.2289848
37.4275359330386,-122.16970767344009,1724967170.3317962
37.427529906262436,-122.16970695233202,1724967170.4246693
37.42752388944534,-122.16970593198639,1724967170.5267916
37.42751783702184,-122.16970466321027,1724967170.6256714
37.427518045889144,-122.16970266805002,1724967170.7259526
37.42751831035615,-122.16970042640385,1724967170.8305426
37.42752445603654,-122.16970007634448,1724967170.9291146
37.427530648375416,-122.16969957206017,1724967171.0308573
37.42753677092411,-122.16969908759641,1724967171.1331108
37.427536561818634,-122.16969903717381,1724967171.233993
37.42753656553973,-122.16969892606387,1724967171.3345103
37.42753662849638,-122.1696988691292,1724967171.4307237
37.42753653914683,-122.16969871445582,1724967171.5306838
37.42753656448691,-122.16969848125278,1724967171.6324458
37.42753663412056,-122.1696982818842,1724967171.754095
37.427536644606086,-122.16969808900426,1724967171.8429904
37.4275366220447,-122.16969785277233,1724967171.947091
37.427536672145266,-122.16969772017299,1724967172.0507863
37.42753666456494,-122.16969758778592,1724967172.1483676
37.4275366615637,-122.16969751067286,1724967172.2498212
37.42753667915804,-122.16969751379536,1724967172.3516433
37.427536598280106,-122.16969751399294,1724967172.4494336
37.42753649643709,-122.16969751495728,1724967172.5514698
37.427536461869025,-122.16969756230304,1724967172.65734
37.42753639152345,-122.16969723450318,1724967172.758497
37.42753626922277,-122.1696972597614,1724967172.8521187
37.427536228260394,-122.16969726209763,1724967172.9552386
37.42753627176795,-122.16969725323156,1724967173.0602646
37.42753621398459,-122.16969723956498,1724967173.1567693
37.42753618248499,-122.16969721004132,1724967173.2618344
37.42753623479885,-122.16969720267213,1724967173.3586967
37.42753623330586,-122.16969719649488,1724967173.463492
37.42753617898108,-122.1696971851272,1724967173.5589309
37.42753621392014,-122.16969717896855,1724967173.6577086
37.42753624580168,-122.16969752743664,1724967173.7613778
37.42753624916961,-122.16969752382228,1724967173.8629618
37.42753625997782,-122.16969753845521,1724967173.9648247
37.42753629891896,-122.16969755473006,1724967174.068717
37.427536265127685,-122.1696975541446,1724967174.1664793
37.427536202355554,-122.16969758053405,1724967174.269388
37.427536207365364,-122.16969757080776,1724967174.36805
37.42753621686317,-122.16969754975581,1724967174.4677746
37.42753625391862,-122.16969752889378,1724967174.5689895
37.42753628646717,-122.16969753472812,1724967174.6676154
37.42753631551288,-122.16969753732414,1724967174.7702086
37.42753634236851,-122.16969756715837,1724967174.8666565
37.427536364648496,-122.16969756821833,1724967174.9709961
37.427536319910885,-122.16969758119399,1724967175.0718458
37.42753636740141,-122.16969757042915,1724967175.1710608
37.42753636958138,-122.1696975510722,1724967175.2708275
37.42753634602474,-122.16969753071119,1724967175.3716338
37.42753631772273,-122.16969754631505,1724967175.4713633
37.427536402682655,-122.16969718471049,1724967175.5713224
37.42753631541642,-122.1696971984296,1724967175.6749842
37.427536339440955,-122.16969719462291,1724967175.7763474
37.42753633328058,-122.16969721106248,1724967175.878821
37.42753628712473,-122.16969721743422,1724967175.9774578
37.42753620344985,-122.16969758338826,1724967176.0779743
37.427536299290374,-122.1696975771648,1724967176.1797335
37.42753644419391,-122.16969758319699,1724967176.2806203
37.42753639500051,-122.16969720687209,1724967176.3863823
37.42753644207599,-122.16969718050905,1724967176.4844482
37.427536439965614,-122.16969717479766,1724967176.5818489
37.42753634532012,-122.16969717362875,1724967176.6861892
37.42753617380994,-122.16969718033477,1724967176.7908483
37.42753622632681,-122.1696975339102,1724967176.887149
37.42753628707039,-122.16969754508163,1724967176.994597
37.42753787573922,-122.16969685189065,1724967177.2847967
37.42753952122881,-122.16969623094583,1724967177.3808181
37.427541098140786,-122.16969553778112,1724967177.4799767
37.42754263186679,-122.16969484957623,1724967177.5870192
37.42754413863061,-122.16969415314985,1724967177.6856835
37.42754413178153,-122.16969414674128,1724967177.7837627
37.42754405554153,-122.16969407347074,1724967177.8905213
37.42754403429505,-122.16969408026773,1724967177.9899106
37.42754408121501,-122.16969410825816,1724967178.0864084
37.4275441543341,-122.16969414658128,1724967178.1889145
37.427544159043165,-122.16969420349467,1724967178.288853
37.427544167119294,-122.169694313611,1724967178.3951924
37.42754418631126,-122.16969442282367,1724967178.4928098
37.42754413498708,-122.16969457678063,1724967178.5931387
37.427544120777874,-122.16969465010578,1724967178.6910472
37.427544159961336,-122.16969481219937,1724967178.7999113
37.42754420004725,-122.1696948578576,1724967178.8916183
37.42754414971553,-122.16969489824899,1724967178.998663
37.42754419647093,-122.16969494852209,1724967179.0967355
37.42754415091315,-122.16969501087824,1724967179.1980526
37.42754403915688,-122.16969501775128,1724967179.2999916
37.42754399209579,-122.16969518225966,1724967179.4044042
37.42754402390644,-122.1696953849152,1724967179.4974174
37.42754398249747,-122.16969560683779,1724967179.6024144
37.427543908893966,-122.16969591980435,1724967179.7047508
37.427543866959105,-122.16969625585712,1724967179.810557
37.42754374741093,-122.16969648427077,1724967179.908886
37.427543655514256,-122.16969667380722,1724967180.0045788
37.4275436040541,-122.16969680640771,1724967180.1095939
37.427543521836775,-122.16969689041213,1724967180.2156258
37.42754346932506,-122.16969691933227,1724967180.315095
37.427543470361776,-122.1696969605599,1724967180.415976
37.42754344178437,-122.16969707953751,1724967180.5155947
37.42754333448089,-122.16969719265386,1724967180.6185513
37.4275432647235,-122.16969727841129,1724967180.718328
37.427543233513475,-122.16969727755539,1724967180.8186922
37.42754315837852,-122.16969732283793,1724967180.9200246
37.427543091112604,-122.16969721085698,1724967181.0203753
37.427543065546956,-122.169697106082,1724967181.118532
37.42754302407931,-122.16969713079719,1724967181.222291
37.427542971964385,-122.16969732083223,1724967181.3228645
37.42754272976214,-122.16969677926888,1724967181.4265542
37.427542550274836,-122.16969630928409,1724967181.5264251
37.42754233638532,-122.16969601266959,1724967181.6293294
37.427542147865324,-122.16969568988188,1724967181.7388358
37.42754196848179,-122.1696953883482,1724967181.8295958
37.427541957104346,-122.16969581270881,1724967181.9290357
37.42754184041239,-122.16969623758621,1724967182.0324225
37.427541755482764,-122.16969652377658,1724967182.1318333
37.42754164801106,-122.16969680108309,1724967182.2357452
37.42754154558009,-122.16969695452212,1724967182.336107
37.42754145876004,-122.16969713478044,1724967182.4387443
37.42754138209772,-122.16969733874664,1724967182.5364838
37.42754131731963,-122.16969768963415,1724967182.6405158
37.427541276577664,-122.16969801748886,1724967182.7373757
37.42754125611249,-122.1696985911325,1724967182.837477
37.42754113544165,-122.16969862363825,1724967182.9371576
37.427541247054435,-122.16969923753348,1724967183.0378826
37.427541203490364,-122.1696990683885,1724967183.1371086
37.42754139466123,-122.16969959983398,1724967183.239826
37.42754124679965,-122.16969935405635,1724967183.3405154
37.427541296310324,-122.16969960587734,1724967183.4422
37.42754111814677,-122.16969923702855,1724967183.5474112
37.42754108344852,-122.16969944316807,1724967183.6520338
37.42754086317265,-122.1696989660129,1724967183.7451472
37.42754088083144,-122.16969909731321,1724967183.8518207
37.42754077688169,-122.16969924430616,1724967183.9486082
37.427540665009204,-122.16969944232792,1724967184.048341
37.42754060237114,-122.16969961217258,1724967184.152344
37.42754044371725,-122.16969978751004,1724967184.2539802
37.427540374690246,-122.16969983341333,1724967184.3540888
37.42754030689651,-122.16969988941828,1724967184.4558988
37.42754030787266,-122.16969993447174,1724967184.5526242
37.42754039858351,-122.16969996469251,1724967184.6547961
37.42754041910369,-122.16970002882897,1724967184.7593365
37.42754039466221,-122.16970015805032,1724967184.858863
37.42754031749784,-122.16970028553749,1724967184.957088
37.427540167653035,-122.16970043788598,1724967185.0590107
37.42754001206076,-122.1697006946858,1724967185.1576066
37.42753980924432,-122.16970094775532,1724967185.262421
37.42753958363858,-122.16970124102711,1724967185.3619192
37.42753948318545,-122.16970147009269,1724967185.462389
37.42753937890703,-122.16970158730864,1724967185.5631714
37.42753931449411,-122.16970172790492,1724967185.6604004
37.42753941190884,-122.1697017475388,1724967185.761554
37.42753943208702,-122.16970191617803,1724967185.863643
37.427539515287584,-122.1697020529407,1724967185.960973
37.42753966128346,-122.16970238257579,1724967186.0710804
37.42753965172014,-122.16970270858062,1724967186.1656833
37.427539651279744,-122.16970315360734,1724967186.2675743
37.42753974023918,-122.16970338839832,1724967186.3678813
37.42753971167702,-122.16970370406996,1724967186.471714
37.427539703358136,-122.16970392689822,1724967186.571217
37.42753972415392,-122.16970405530084,1724967186.6753035
37.42753970399722,-122.16970408945147,1724967186.7744198
37.42753972567055,-122.16970414868484,1724967186.876129
37.427539735557176,-122.1697041553854,1724967186.9730487
37.42753972786063,-122.16970416474058,1724967187.075582
37.4275397113101,-122.16970421657668,1724967187.1740744
37.427539694785764,-122.1697043529186,1724967187.279606
37.427539681378676,-122.16970450356617,1724967187.3722506
37.427539727631185,-122.16970474378218,1724967187.4730573
37.42753971536607,-122.16970494840261,1724967187.5745924
37.427539707016244,-122.16970529919743,1724967187.6752245
37.4275397564167,-122.16970566553002,1724967187.776515
37.42753975661989,-122.1697062945109,1724967187.8751934
37.42753972507172,-122.1697069462299,1724967187.9753892
37.427539744048374,-122.1697076216603,1724967188.0761428
37.42753977376235,-122.169708246555,1724967188.179169
37.427539872903736,-122.16970888019445,1724967188.2867928
37.427538723627244,-122.16970886378176,1724967188.3863273
37.42753757915842,-122.16970884110134,1724967188.480292
37.42753760562453,-122.16970939680412,1724967188.5779397
37.42753755845499,-122.16970884176986,1724967188.6822124
37.42753624454545,-122.16970703136295,1724967188.7837615
37.42753639497464,-122.16970558926201,1724967188.884724
37.42753762944157,-122.16970539868535,1724967188.9844878
37.427537628328366,-122.16970573249496,1724967189.0863001
37.42753777777653,-122.16970713092792,1724967189.182963
37.42753915941272,-122.16970974785538,1724967189.285022
37.42754002923361,-122.16971020008415,1724967189.386987
37.42753865443133,-122.16970969908387,1724967189.4861526
37.427537344190675,-122.16970815184716,1724967189.587576
37.42753590651305,-122.16970562110124,1724967189.6868122
37.42753444974909,-122.16970400456293,1724967189.7885778
37.42753330686322,-122.16970458070766,1724967189.8927965
37.42753333282932,-122.16970356090637,1724967189.9920547
37.42753339254803,-122.1697024917534,1724967190.0940192
37.42753338989952,-122.16970231615252,1724967190.1926804
37.42753334053685,-122.16970243632089,1724967190.3041632
37.42753331449753,-122.16970263312366,1724967190.39374
37.4275332635523,-122.16970268978412,1724967190.4984517
37.427534615827334,-122.16970442148174,1724967190.5971594
37.42753602897503,-122.1697062818601,1724967190.6964889
37.42753603150179,-122.16970501509878,1724967190.7968965
37.42753599661627,-122.16970364583015,1724967190.8993964
37.42753747676438,-122.16970569936824,1724967191.0011618
37.427537502691166,-122.16970465477706,1724967191.1014082
37.427536054241116,-122.16970294664172,1724967191.2028856
37.42753594408182,-122.1697027901268,1724967191.3032215
37.42753748804461,-122.16970342549004,1724967191.4021235
37.42753751247754,-122.16970204609821,1724967191.5073795
37.427537631670205,-122.16970203294153,1724967191.6038654
37.42753917503646,-122.16970261931547,1724967191.709806
37.42753919097949,-122.16970266311785,1724967191.815892
37.42753780735561,-122.16970222415424,1724967191.9119039
37.427536403457104,-122.1697017280646,1724967192.015261
37.427536368238144,-122.1697016673033,1724967192.1106992
37.42753647005579,-122.16970156588988,1724967192.2175734
37.42753820850757,-122.16970229099473,1724967192.3184838
37.427539648246295,-122.16970276549547,1724967192.4195302
37.42754094779571,-122.16970326574027,1724967192.516042
37.42753947785811,-122.16970286197949,1724967192.6207335
37.42753925139245,-122.1697029197403,1724967192.720486
37.42753767434683,-122.1697025829446,1724967192.821744
37.42753609912891,-122.16970177269607,1724967192.9192092
37.427534720345136,-122.16970093791866,1724967193.0227187
37.4275360212584,-122.16970338974727,1724967193.1171274
37.42753464877872,-122.16970254144884,1724967193.215806
37.42753600376053,-122.1697029737844,1724967193.3181045
37.42753737919161,-122.16970393933153,1724967193.4202254
37.42753904192796,-122.16970465479231,1724967193.5201237
37.42753931502642,-122.16970266592128,1724967193.621307
37.427540998926766,-122.16970354781411,1724967193.723518
37.42754125489763,-122.16970364404722,1724967193.8258793
37.427541684201636,-122.16970392674398,1724967193.9277873
37.42754170860638,-122.16970441655131,1724967194.027116
37.4275418147492,-122.16970455663973,1724967194.1273851
37.427541956349664,-122.16970460063108,1724967194.2312298
37.42754213510935,-122.16970450459934,1724967194.3272943
37.427542176435864,-122.16970408073982,1724967194.4281616
37.427542278357286,-122.16970362601357,1724967194.5318162
37.427542172602,-122.16970321626266,1724967194.6316173
37.42754227265193,-122.16970307927966,1724967194.7305984
37.427542103334616,-122.16970283568402,1724967194.8328106
37.42754195896815,-122.1697025417136,1724967194.9347148
37.42754189298536,-122.16970221337672,1724967195.0332398
37.42754192543982,-122.16970205639635,1724967195.1361544
37.427541715955414,-122.16970169424937,1724967195.2372541
37.42754180037787,-122.16970150318387,1724967195.3392658
37.427541838951676,-122.16970114604646,1724967195.437999
37.42754213109811,-122.16970109108625,1724967195.5391395
37.42754240620788,-122.16970109242529,1724967195.6409953
37.42754257475956,-122.16970110795953,1724967195.7409883
37.42754259855637,-122.16970115905863,1724967195.8422241
37.427542683963125,-122.16970146862901,1724967195.9456563
37.42754252026936,-122.16970154609264,1724967196.048796
37.427542363986014,-122.16970162777052,1724967196.1578352
37.42754226460053,-122.16970140917643,1724967196.255053
37.42754226172948,-122.16970139133561,1724967196.3546426
37.42754253097639,-122.16970132507116,1724967196.4555585
37.42754249084902,-122.1697011053138,1724967196.5563896
37.42754265803101,-122.1697011652387,1724967196.6524477
37.42754274872018,-122.16970142985086,1724967196.7518442
37.42754296793892,-122.16970120658057,1724967196.8545125
37.42754277209209,-122.16970096709116,1724967196.9633205
37.427543086021366,-122.16970321569902,1724967197.0583885
37.427543316721476,-122.16970519055494,1724967197.1587343
37.42754356643016,-122.1697051477969,1724967197.2629755
37.427543574785204,-122.16970762847943,1724967197.360437
37.42754369106624,-122.16971015093353,1724967197.4630795
37.42754352833915,-122.16971038602189,1724967197.563932
37.427543386332864,-122.16971059159106,1724967197.6563685
37.42754338981921,-122.16971010816042,1724967197.7569234
37.427543485418916,-122.16970734752776,1724967197.8678517
37.42754351196406,-122.16970453627525,1724967197.9545963
37.42754352855892,-122.16970168961261,1724967198.055806
37.42754348392593,-122.16969878546396,1724967198.1658263
37.427543481792775,-122.16969864022136,1724967198.258639
37.42754349959292,-122.16969849312389,1724967198.3614476
37.42754368223202,-122.1696983873653,1724967198.4596765
37.42754389834703,-122.16969828434348,1724967198.5619025
37.427544059786484,-122.16969827435254,1724967198.6725998
37.42754390228124,-122.16969844120307,1724967198.7706869
37.427543902161595,-122.16969874244504,1724967198.875245
37.42754373593382,-122.16969909845773,1724967198.9755669
37.427543590545454,-122.16969943747553,1724967199.0768964
37.42754347697331,-122.16969980223226,1724967199.1764662
37.42754363375784,-122.16970007705946,1724967199.2801127
37.42754364484294,-122.16970022844228,1724967199.3781304
37.427543617563266,-122.16970057606177,1724967199.479605
37.42754375295095,-122.16970070404243,1724967199.5800967
37.427543946044445,-122.16970075710455,1724967199.6795285
37.42754394505112,-122.16970071653269,1724967199.7796626
37.427544048216355,-122.16970066442359,1724967199.8803523
37.42754410116519,-122.16970050660439,1724967199.9857166
37.427544015728365,-122.16970052129685,1724967200.085834
37.42754383360568,-122.16970060640969,1724967200.1864488
37.42754382268858,-122.16970066791525,1724967200.286616
37.42754366302525,-122.16970072934538,1724967200.3893552
37.42754370079863,-122.16970063661593,1724967200.4898686
37.42754384056304,-122.16970049813024,1724967200.5912395
37.42754379558956,-122.16970034461754,1724967200.6943524
37.427543648734826,-122.16970024724367,1724967200.7996457
37.427543559802665,-122.16970020458892,1724967200.8947604
37.427543390756256,-122.16970016261581,1724967200.9941115
37.42754315602649,-122.16970020596754,1724967201.0991733
37.42754312493892,-122.16970022388864,1724967201.2027154
37.42754318769494,-122.1697002392323,1724967201.3050652
37.42754315481126,-122.16970027410517,1724967201.396944
37.42754309070663,-122.16970040954216,1724967201.4990351
37.42754301259662,-122.16970065444947,1724967201.603712
37.42753707968628,-122.16970105766006,1724967201.7007732
37.427531098298196,-122.1697015384018,1724967201.8042407
37.427525211935624,-122.16970206170197,1724967201.9009492
37.427525321415686,-122.16970145800913,1724967202.0027156
37.42752540893778,-122.16970075264497,1724967202.1026504
37.42753147207392,-122.16969990866615,1724967202.2055147
37.42753752361766,-122.1696989445885,1724967202.3025696
37.427543546067746,-122.16969789927356,1724967202.4052851
37.427543545704935,-122.16969792476736,1724967202.504461
37.42754350422376,-122.16969801336352,1724967202.6071858
37.427543385864375,-122.16969805057342,1724967202.7067544
37.42754320330067,-122.16969818645474,1724967202.8091245
37.42754304373402,-122.16969838910826,1724967202.908227
37.42754300984865,-122.1696985428192,1724967203.0120997
37.427542988350616,-122.16969874939646,1724967203.1100116
37.42754305325009,-122.16969906679395,1724967203.2133582
37.42754320507445,-122.16969944802959,1724967203.3129797
37.42754336012539,-122.16969992824909,1724967203.4138596
37.42754335700858,-122.16970053737924,1724967203.513327
37.42754345952462,-122.16970103846457,1724967203.6166255
37.427543410655595,-122.16970152818611,1724967203.7147374
37.42754338435484,-122.16970186817781,1724967203.8182948
37.427543230987006,-122.16970177493899,1724967203.9188664
37.42754313794278,-122.16970182994916,1724967204.0209677
37.42754295402464,-122.16970194169387,1724967204.1173148
37.42754273954696,-122.16970197011838,1724967204.2224247
37.42754255125123,-122.16970201077912,1724967204.3167005
37.427542513220494,-122.16970203181786,1724967204.4260786
37.427542510943844,-122.16970210368056,1724967204.5286632
37.4275423595068,-122.1697021505742,1724967204.6371925
37.42754248306718,-122.16970213416627,1724967204.7272468
37.42754243823375,-122.16970217690854,1724967204.827234
37.42754229413407,-122.1697023815679,1724967204.9285557
37.42754217321769,-122.16970226516301,1724967205.0286713
37.427542375642055,-122.1697034452985,1724967205.1295936
37.42754225591773,-122.16970267536766,1724967205.232919
37.42754223429684,-122.16970183384768,1724967205.3288136
37.42754240643709,-122.16970101688936,1724967205.4418519
37.4275425830763,-122.16970028883198,1724967205.548566
37.42754258410677,-122.16969827938003,1724967205.6433995
37.427542640766,-122.16969826931906,1724967205.732661
37.42754256077697,-122.16969825049397,1724967205.835511
37.42754236381609,-122.169698306686,1724967205.9359505
37.42754219871611,-122.16969833247099,1724967206.0340261
37.42754206905079,-122.16969839181205,1724967206.1390631
37.42754197994226,-122.16969847080071,1724967206.2454937
37.427541989812354,-122.16969857742517,1724967206.3490927
37.42754209805589,-122.1696984343725,1724967206.4451087
37.42754213333824,-122.16969834771916,1724967206.5463963
37.42754212614738,-122.16969821020993,1724967206.644136
37.42754212561247,-122.16969804205272,1724967206.736949
37.42754216550289,-122.16969792070212,1724967206.8415253
37.42754211195191,-122.16969812261271,1724967206.9450452
37.42754206485214,-122.16969816805931,1724967207.066762
37.42754200279816,-122.1696981926087,1724967207.1514986
37.4275419458511,-122.16969827480189,1724967207.245099
37.427541909393476,-122.16969831825193,1724967207.350735
37.427541898795795,-122.16969834357347,1724967207.4569328
37.427541852397844,-122.16969842984446,1724967207.5535858
37.427541640614656,-122.16969869815057,1724967207.6555796
37.427541525840375,-122.16969877955786,1724967207.7557633
37.427541410227896,-122.16969894087156,1724967207.85509
37.42754122561504,-122.16969900868406,1724967207.9534469
37.42754109236909,-122.16969906779144,1724967208.0550508
37.42754119835597,-122.16969891495634,1724967208.1562097
37.42754122051093,-122.169698899864,1724967208.259657
37.42754134045955,-122.16969880254979,1724967208.352326
37.4275413937446,-122.16969871324305,1724967208.453558
37.42754142992424,-122.1696986680704,1724967208.5553834
37.4275414851302,-122.16969867185473,1724967208.6586204
37.42754161777012,-122.1696986596135,1724967208.7551606
37.42754150561537,-122.1696987050547,1724967208.8593955
37.4275413690855,-122.16969881966224,1724967208.9617298
37.42754129293572,-122.16969884870737,1724967209.0628781
37.42754106646341,-122.16969897143524,1724967209.1632514
37.42754085314146,-122.16969909875203,1724967209.265792
37.427540710049925,-122.16969915709495,1724967209.3666544
37.427540724996184,-122.16969912260957,1724967209.466415
37.42754065578165,-122.16969916375855,1724967209.5713167
37.42754065692492,-122.16969910363512,1724967209.6658897
37.42754061211835,-122.16969907775356,1724967209.7669067
37.42754063307676,-122.16969909222934,1724967209.8675332
37.427540660206496,-122.16969917720506,1724967209.9702566
37.427540708442,-122.16969922689566,1724967210.0698338
37.42754078092567,-122.16969922568687,1724967210.1698377
37.42754092962054,-122.1696992889767,1724967210.2753427
37.4275409519379,-122.16969927976369,1724967210.3738878
37.42754090890746,-122.16969937477994,1724967210.4723413
37.42754111033809,-122.16969961155142,1724967210.5728714
37.427541143667945,-122.16969996447554,1724967210.674637
37.42754090972419,-122.16970048753738,1724967210.7773716
37.42754084811167,-122.1697010512092,1724967210.8782449
37.42754100838422,-122.16970151979879,1724967210.976281
37.42754064663141,-122.16970191628594,1724967211.0787523
37.42754072893016,-122.16970218097418,1724967211.1801515
37.42754078026016,-122.16970229392754,1724967211.2788913
37.427540635208395,-122.1697024115194,1724967211.3814938
37.42754034503915,-122.1697025328728,1724967211.4804592
37.42754033095087,-122.16970257647881,1724967211.5822577
37.427540009726506,-122.16970269367886,1724967211.6818836
37.427539866894485,-122.16970274074191,1724967211.78167
37.427539910165514,-122.16970289033047,1724967211.885104
37.427539905733354,-122.16970302378425,1724967211.9842367
37.42753991403139,-122.1697031785565,1724967212.0897813
37.42753997806943,-122.16970327788327,1724967212.186473
37.42753996888827,-122.16970342244304,1724967212.2884138
37.4275399720923,-122.16970345333615,1724967212.38992
37.42753996526127,-122.16970334993184,1724967212.493361
37.42754007734043,-122.16970253406757,1724967212.5885692
37.42754010591354,-122.16970177777372,1724967212.6933212
37.42754023509338,-122.16970137010988,1724967212.794707
37.427540323239754,-122.16970097752841,1724967212.8942327
37.42754046084178,-122.16970070352535,1724967212.9944072
37.4275405917206,-122.16970181632293,1724967213.0967247
37.42754079205391,-122.1697027830822,1724967213.1952004
37.42754086296876,-122.16970269441399,1724967213.2978847
37.42754089220846,-122.16970256886316,1724967213.3972836
37.42754092750756,-122.16970250255481,1724967213.4958785
37.42754084527112,-122.16970181733171,1724967213.6053834
37.427540673987785,-122.16970124142566,1724967213.7093585
37.427540679284164,-122.16970132793543,1724967213.8121562
37.42754056613651,-122.16970077688963,1724967213.910892
37.427540558469396,-122.16970022649367,1724967214.0124028
37.42754053776168,-122.169699627579,1724967214.1124387
37.42754058484812,-122.1696990850499,1724967214.2087295
37.42754058864977,-122.16969849399386,1724967214.311241
37.42754078813629,-122.1696986359071,1724967214.4141898
37.42754076523785,-122.16969886053216,1724967214.514326
37.42754076760731,-122.1696993611042,1724967214.6140385
37.42754079885577,-122.1696999663471,1724967214.7128148
37.42754080303616,-122.16970059421692,1724967214.8154361
37.427540785856415,-122.16970118043999,1724967214.9138496
37.427540765971024,-122.16970161195152,1724967215.0175717
37.42754072560046,-122.16970181612064,1724967215.118494
37.42754065775754,-122.16970187476902,1724967215.2204854
37.4275405910001,-122.16970197557272,1724967215.3161294
37.42754052702006,-122.16970209743471,1724967215.4122455
37.427540598376346,-122.1697022455031,1724967215.5126631
37.4275407120576,-122.1697023941043,1724967215.624176
37.42754083201052,-122.1697025791531,1724967215.7251694
37.427540982294836,-122.1697027521336,1724967215.8234177
37.427541049873106,-122.16970286545828,1724967215.9223986
37.427541018067394,-122.16970295097948,1724967216.0218098
37.42754094525741,-122.16970300960914,1724967216.1274533
37.427540905882985,-122.16970302164457,1724967216.2258332
37.427540807511235,-122.16970315979852,1724967216.3249369
37.42754069887735,-122.16970319185315,1724967216.4286163
37.4275407083483,-122.1697032589762,1724967216.5293386
37.42754072049525,-122.169703294587,1724967216.630679
37.42754068880125,-122.16970335998477,1724967216.7301457
37.427540697876076,-122.16970327248883,1724967216.8339195
37.427540723473726,-122.16970332192798,1724967216.9315784
37.42754069653196,-122.16970334995935,1724967217.0354123
37.42754073253974,-122.16970336242294,1724967217.1336625
37.42754072024413,-122.16970335274432,1724967217.2364259
37.42754066182811,-122.1697034974362,1724967217.333307
37.42754069488107,-122.16970354555653,1724967217.4378264
37.42754072657313,-122.16970366741864,1724967217.5364823
37.427540699791614,-122.16970377478333,1724967217.6374176
37.42754066090955,-122.1697038682441,1724967217.7376928
37.42754062641859,-122.16970383983023,1724967217.8394635
37.42754055187631,-122.16970388645652,1724967217.9368937
37.42754045603257,-122.16970386966258,1724967218.0397427
37.427540349585115,-122.16970391250574,1724967218.1394594
37.42754028892488,-122.16970404309923,1724967218.240464
37.427540210050985,-122.16970412093917,1724967218.3396668
37.42754017473342,-122.16970419452917,1724967218.4437454
37.4275400708855,-122.16970434279017,1724967218.5420487
37.42753998267857,-122.16970438224172,1724967218.6455348
37.42753988173994,-122.16970443024528,1724967218.7437758
37.427539810570536,-122.1697044880434,1724967218.8529491
37.42753967414184,-122.16970473040503,1724967218.945843
37.42753963818259,-122.16970500889971,1724967219.0530226
37.427539575282196,-122.16970549129042,1724967219.1538315
37.42753949285882,-122.16970605339836,1724967219.2537594
37.427539419101464,-122.16970665374355,1724967219.3495586
37.4275393736747,-122.16970699850388,1724967219.4526289
37.427539306997346,-122.16970743376709,1724967219.5498483
37.427539322952605,-122.16970778081456,1724967219.65278
37.42753944810821,-122.16970792952486,1724967219.7529144
37.427539565268894,-122.16970824728547,1724967219.8555965
37.42753976091506,-122.16970852627634,1724967219.9553285
37.42754000264472,-122.16970831298295,1724967220.0570955
37.42753991447351,-122.16970734390537,1724967220.1562598
37.427540144331424,-122.16970682935973,1724967220.2578812
37.42753958215366,-122.16970442788588,1724967220.3588777
37.42753894768403,-122.16970217594069,1724967220.4611933
37.42753829836389,-122.16970012132501,1724967220.5599995
37.42753834641424,-122.16969944003064,1724967220.6602664
37.427537577467234,-122.16969763289495,1724967220.7616067
37.42753786927683,-122.1696977003172,1724967220.8630664
37.427538007130856,-122.16969799042292,1724967220.9606247
37.427538181443346,-122.16969865278593,1724967221.0644808
37.427537873312644,-122.16969877823345,1724967221.1672676
37.42753793664674,-122.16969980621465,1724967221.2665446
37.42753790117364,-122.16970038386665,1724967221.3653235
37.42753791493969,-122.1697009277784,1724967221.4668558
37.42753773301765,-122.16970124654667,1724967221.5663743
37.42753770281815,-122.16970137379612,1724967221.6712403
37.42753783311525,-122.16970134688195,1724967221.7674112
37.42753754481128,-122.16970154989977,1724967221.8726537
37.42753734691357,-122.16970153757072,1724967221.9684002
37.42753742240084,-122.16970146948873,1724967222.0754201
37.42753722867362,-122.16970145431019,1724967222.1761737
37.42753699720652,-122.1697014311518,1724967222.2724745
37.42753701134744,-122.16970145167093,1724967222.3742168
37.4275371788594,-122.16970144179608,1724967222.4763308
37.42753718557594,-122.16970146284964,1724967222.5764961
37.427536915698525,-122.16970149661515,1724967222.6781747
37.42753667715165,-122.16970117744214,1724967222.7783568
37.42753656002167,-122.16970088922285,1724967222.8780081
37.42753620876408,-122.16970061189407,1724967222.9791594
37.42753492215515,-122.16970029674216,1724967223.080253
37.4275350588906,-122.1696996959549,1724967223.180786
37.42753468735105,-122.16969943739237,1724967223.281809
37.42753454369756,-122.16969912737541,1724967223.380924
37.42753442563033,-122.16969860675165,1724967223.480824
37.42753474074845,-122.16969832301787,1724967223.5832524
37.42753413795684,-122.16969806083517,1724967223.6866431
37.427534173777296,-122.16969787424603,1724967223.78353
37.427533589957896,-122.16969790817168,1724967223.884774
37.427533092625154,-122.16969811566288,1724967223.9847422
37.427533010648844,-122.16969814543691,1724967224.0863197
37.42753293492141,-122.16969842089723,1724967224.1875198
37.427532162403274,-122.16969887941221,1724967224.2901723
37.427532104846975,-122.16969890275605,1724967224.3912578
37.42753243738759,-122.16969901668679,1724967224.4910302
37.42753228411599,-122.16969903974497,1724967224.593889
37.42753265706089,-122.16969910746506,1724967224.6947145
37.42753322719287,-122.16969917139801,1724967224.796122
37.427532605212754,-122.16969945722273,1724967224.893889
37.427532239281724,-122.16969966492604,1724967224.9936414
37.427532414884205,-122.16969987884094,1724967225.0988698
37.42753203789963,-122.16969964808101,1724967225.2017274
37.42753189836916,-122.1696990413207,1724967225.302262
37.42753281709284,-122.16969848112228,1724967225.39969
37.42753274916485,-122.16969809563373,1724967225.4932334
37.42753274546565,-122.16969807052702,1724967225.6032655
37.42753298452854,-122.16969871044265,1724967225.7091217
37.427533213768605,-122.16969984462897,1724967225.8048608
37.42753291517372,-122.16970100156188,1724967225.9042053
37.42753274053705,-122.16970208657094,1724967226.0089016
37.42753241966927,-122.16970284051767,1724967226.1060317
37.42753179601226,-122.1697033546408,1724967226.2079382
37.42753178371927,-122.1697019232102,1724967226.3025017
37.42753192638418,-122.16970119541293,1724967226.400629
37.42753243037268,-122.16969972342667,1724967226.5074246
37.42753311946208,-122.1696982660102,1724967226.6134696
37.427533833653335,-122.16969692054784,1724967226.714587
37.42753359143455,-122.16969720547094,1724967226.818127
37.4275336863406,-122.1696968055127,1724967226.917866
37.427533204704275,-122.1696971036972,1724967227.0207427
37.427532707527064,-122.16969739536242,1724967227.1140866
37.427532502121835,-122.16969755676,1724967227.2197032
37.427532632075895,-122.16969770113617,1724967227.3207674
37.427532446593865,-122.169697727491,1724967227.4219587
37.42753267481653,-122.16969775193184,1724967227.521891
37.427532691285435,-122.16969776525214,1724967227.6264236
37.427532544108914,-122.16969780426518,1724967227.77298
37.42753252335651,-122.16969779125465,1724967227.8391767
37.427532582937275,-122.16969779600397,1724967227.9260302
37.427532535548785,-122.1696977792079,1724967228.030041
37.42753269266093,-122.16969775407276,1724967228.1318827
37.42753275859389,-122.16969776095776,1724967228.2317095
37.42753271222559,-122.16969781179141,1724967228.3306477
37.42753275940741,-122.16969790980286,1724967228.4334004
37.42753290109489,-122.16969797223678,1724967228.5322971
37.42753276002374,-122.16969805538108,1724967228.6353755
37.42753267757504,-122.16969810293789,1724967228.7351296
37.42753263546574,-122.16969811354608,1724967228.839684
37.42753245572949,-122.16969816871209,1724967228.9437141
37.4275323179062,-122.16969851828053,1724967229.0400388
37.427532344149384,-122.1696987437173,1724967229.1399312
37.42753232038779,-122.16969883777688,1724967229.2438548
37.42753234707736,-122.16969893869708,1724967229.3401783
37.42753237378584,-122.16969905429305,1724967229.4396358
37.42753238508748,-122.16969908945227,1724967229.5510328
37.42753242806379,-122.16969899066787,1724967229.6483786
37.42753248671503,-122.16969901527168,1724967229.7479138
37.42753304713137,-122.16969874497605,1724967229.8483682
37.427533630824044,-122.16969837502799,1724967229.9521754
37.427534183557384,-122.16969782399906,1724967230.0584044
37.4275347769066,-122.1696980522316,1724967230.1668518
37.42753638902726,-122.16969763937905,1724967336.6709027
37.427536357376866,-122.16969751091072,1724967336.7568297
37.42753621568639,-122.1696975526181,1724967336.8544114
37.4275366325313,-122.1696975184146,1724967336.9575336
37.42753636958138,-122.1696975510722,1724967337.0594456
37.42753634602474,-122.16969753071119,1724967337.1593797
37.42753631772273,-122.16969754631505,1724967337.258492
37.427536402682655,-122.16969718471049,1724967337.3620632
37.42753631541642,-122.1696971984296,1724967337.4656832
37.427536339440955,-122.16969719462291,1724967337.562811
37.42753633328058,-122.16969721106248,1724967337.6628954
37.42753628712473,-122.16969721743422,1724967337.7622745
37.42753620344985,-122.16969758338826,1724967337.8625767
37.427536299290374,-122.1696975771648,1724967337.9663348
37.42753644419391,-122.16969758319699,1724967338.0652926
37.42753639500051,-122.16969720687209,1724967338.1708574
37.42753644207599,-122.16969718050905,1724967338.2685578
37.427536439965614,-122.16969717479766,1724967338.3683553
37.42753634532012,-122.16969717362875,1724967338.4699311
37.42753617380994,-122.16969718033477,1724967338.5726368
37.42753622632681,-122.1696975339102,1724967338.6751888
37.42753628707039,-122.16969754508163,1724967338.7739787
37.42753787573922,-122.16969685189065,1724967339.0717435
37.42753952122881,-122.16969623094583,1724967339.1669116
37.427541098140786,-122.16969553778112,1724967339.2662985
37.42754263186679,-122.16969484957623,1724967339.3681843
37.42754413863061,-122.16969415314985,1724967339.472439
37.42754413178153,-122.16969414674128,1724967339.5729399
37.42754405554153,-122.16969407347074,1724967339.6701505
37.42754403429505,-122.16969408026773,1724967339.7750382
37.42754408121501,-122.16969410825816,1724967339.8726358
37.4275441543341,-122.16969414658128,1724967339.9736083
37.427544159043165,-122.16969420349467,1724967340.0751224
37.427544167119294,-122.169694313611,1724967340.1771312
37.42754418631126,-122.16969442282367,1724967340.2771692
37.42754413498708,-122.16969457678063,1724967340.379002
37.427544120777874,-122.16969465010578,1724967340.4784868
37.427544159961336,-122.16969481219937,1724967340.580783
37.42754420004725,-122.1696948578576,1724967340.6774688
37.42754414971553,-122.16969489824899,1724967340.7843454
37.42754419647093,-122.16969494852209,1724967340.8824198
37.42754415091315,-122.16969501087824,1724967340.9828424
37.42754403915688,-122.16969501775128,1724967341.0848763
37.42754399209579,-122.16969518225966,1724967341.1935778
37.42754402390644,-122.1696953849152,1724967341.2838697
37.42754398249747,-122.16969560683779,1724967341.3890069
37.427543908893966,-122.16969591980435,1724967341.4954615
37.427543866959105,-122.16969625585712,1724967341.598797
37.42754374741093,-122.16969648427077,1724967341.6942937
37.427543655514256,-122.16969667380722,1724967341.7923124
37.4275436040541,-122.16969680640771,1724967341.898503
37.427543521836775,-122.16969689041213,1724967342.0007076
37.42754346932506,-122.16969691933227,1724967342.1027424
37.427543470361776,-122.1696969605599,1724967342.2003129
37.42754344178437,-122.16969707953751,1724967342.2997143
37.42754333448089,-122.16969719265386,1724967342.4035192
37.4275432647235,-122.16969727841129,1724967342.5020463
37.427543233513475,-122.16969727755539,1724967342.6041877
37.42754315837852,-122.16969732283793,1724967342.703922
37.427543091112604,-122.16969721085698,1724967342.8055224
37.427543065546956,-122.169697106082,1724967342.9051044
37.42754302407931,-122.16969713079719,1724967343.0076993
37.427542971964385,-122.16969732083223,1724967343.1074038
37.42754272976214,-122.16969677926888,1724967343.2108223
37.427542550274836,-122.16969630928409,1724967343.3157399
37.42754233638532,-122.16969601266959,1724967343.4132416
37.427542147865324,-122.16969568988188,1724967343.5139403
37.42754196848179,-122.1696953883482,1724967343.6147945
37.427541957104346,-122.16969581270881,1724967343.712987
37.42754184041239,-122.16969623758621,1724967343.819889
37.427541755482764,-122.16969652377658,1724967343.9162102
37.42754164801106,-122.16969680108309,1724967344.0197127
37.42754154558009,-122.16969695452212,1724967344.1205258
37.42754145876004,-122.16969713478044,1724967344.2214165
37.42754138209772,-122.16969733874664,1724967344.318668
37.42754131731963,-122.16969768963415,1724967344.4229
37.427541276577664,-122.16969801748886,1724967344.5206323
37.42754125611249,-122.1696985911325,1724967344.624773
37.42754113544165,-122.16969862363825,1724967344.7237093
37.427541247054435,-122.16969923753348,1724967344.824332
37.427541203490364,-122.1696990683885,1724967344.9258616
37.42754139466123,-122.16969959983398,1724967345.0279467
37.42754124679965,-122.16969935405635,1724967345.1269948
37.427541296310324,-122.16969960587734,1724967345.2298357
37.42754111814677,-122.16969923702855,1724967345.3277454
37.42754108344852,-122.16969944316807,1724967345.4304955
37.42754086317265,-122.1696989660129,1724967345.5294883
37.42754088083144,-122.16969909731321,1724967345.6353934
37.42754077688169,-122.16969924430616,1724967345.7370925
37.427540665009204,-122.16969944232792,1724967345.8353658
37.42754060237114,-122.16969961217258,1724967345.9358926
37.42754044371725,-122.16969978751004,1724967346.0359178
37.427540374690246,-122.16969983341333,1724967346.1350887
37.42754030689651,-122.16969988941828,1724967346.2392604
37.42754030787266,-122.16969993447174,1724967346.3405404
37.42754039858351,-122.16969996469251,1724967346.44105
37.42754041910369,-122.16970002882897,1724967346.5423465
37.42754039466221,-122.16970015805032,1724967346.6431284
37.42754031749784,-122.16970028553749,1724967346.7412996
37.427540167653035,-122.16970043788598,1724967346.843913
37.42754001206076,-122.1697006946858,1724967346.9437993
37.42753980924432,-122.16970094775532,1724967347.0446007
37.42753958363858,-122.16970124102711,1724967347.1431618
37.42753948318545,-122.16970147009269,1724967347.2484431
37.42753937890703,-122.16970158730864,1724967347.347646
37.42753931449411,-122.16970172790492,1724967347.4464788
37.42753941190884,-122.1697017475388,1724967347.5468955
37.42753943208702,-122.16970191617803,1724967347.650342
37.427539515287584,-122.1697020529407,1724967347.7503932
37.42753966128346,-122.16970238257579,1724967347.8522005
37.42753965172014,-122.16970270858062,1724967347.9526014
37.427539651279744,-122.16970315360734,1724967348.0525627
37.42753974023918,-122.16970338839832,1724967348.1512294
37.42753971167702,-122.16970370406996,1724967348.2539518
37.427539703358136,-122.16970392689822,1724967348.3569322
37.42753972415392,-122.16970405530084,1724967348.4592838
37.42753970399722,-122.16970408945147,1724967348.5545933
37.42753972567055,-122.16970414868484,1724967348.6622922
37.427539735557176,-122.1697041553854,1724967348.758456
37.42753972786063,-122.16970416474058,1724967348.8600948
37.4275397113101,-122.16970421657668,1724967348.9600773
37.427539694785764,-122.1697043529186,1724967349.0630498
37.427539681378676,-122.16970450356617,1724967349.1580353
37.427539727631185,-122.16970474378218,1724967349.2605445
37.42753971536607,-122.16970494840261,1724967349.3624942
37.427539707016244,-122.16970529919743,1724967349.4644313
37.4275397564167,-122.16970566553002,1724967349.5651863
37.42753975661989,-122.1697062945109,1724967349.6615777
37.42753972507172,-122.1697069462299,1724967349.7628112
37.427539744048374,-122.1697076216603,1724967349.8659463
37.42753977376235,-122.169708246555,1724967349.9636457
37.427539872903736,-122.16970888019445,1724967350.0710502
37.427538723627244,-122.16970886378176,1724967350.1687071
37.42753757915842,-122.16970884110134,1724967350.2687645
37.42753760562453,-122.16970939680412,1724967350.3642275
37.42753755845499,-122.16970884176986,1724967350.4695065
37.42753624454545,-122.16970703136295,1724967350.571442
37.42753639497464,-122.16970558926201,1724967350.671868
37.42753762944157,-122.16970539868535,1724967350.774748
37.427537628328366,-122.16970573249496,1724967350.8727045
37.42753777777653,-122.16970713092792,1724967350.969388
37.42753915941272,-122.16970974785538,1724967351.0725753
37.42754002923361,-122.16971020008415,1724967351.1759849
37.42753865443133,-122.16970969908387,1724967351.2740483
37.427537344190675,-122.16970815184716,1724967351.3740911
37.42753590651305,-122.16970562110124,1724967351.4736087
37.42753444974909,-122.16970400456293,1724967351.5761032
37.42753330686322,-122.16970458070766,1724967351.676374
37.42753333282932,-122.16970356090637,1724967351.7789273
37.42753339254803,-122.1697024917534,1724967351.8779666
37.42753338989952,-122.16970231615252,1724967351.9804988
37.42753334053685,-122.16970243632089,1724967352.0806375
37.42753331449753,-122.16970263312366,1724967352.1799574
37.4275332635523,-122.16970268978412,1724967352.2843168
37.427534615827334,-122.16970442148174,1724967352.3836195
37.42753602897503,-122.1697062818601,1724967352.4828966
37.42753603150179,-122.16970501509878,1724967352.584224
37.42753599661627,-122.16970364583015,1724967352.6853077
37.42753747676438,-122.16970569936824,1724967352.7842789
37.427537502691166,-122.16970465477706,1724967352.8886065
37.427536054241116,-122.16970294664172,1724967352.9893007
37.42753594408182,-122.1697027901268,1724967353.088211
37.42753748804461,-122.16970342549004,1724967353.192139
37.42753751247754,-122.16970204609821,1724967353.291237
37.427537631670205,-122.16970203294153,1724967353.3952792
37.42753917503646,-122.16970261931547,1724967353.4981215
37.42753919097949,-122.16970266311785,1724967353.6005309
37.42753780735561,-122.16970222415424,1724967353.7018
37.427536403457104,-122.1697017280646,1724967353.8010445
37.427536368238144,-122.1697016673033,1724967353.899054
37.42753647005579,-122.16970156588988,1724967354.001847
37.42753820850757,-122.16970229099473,1724967354.1025872
37.427539648246295,-122.16970276549547,1724967354.2026944
37.42754094779571,-122.16970326574027,1724967354.3021855
37.42753947785811,-122.16970286197949,1724967354.4086835
37.42753925139245,-122.1697029197403,1724967354.5074208
37.42753767434683,-122.1697025829446,1724967354.607976
37.42753609912891,-122.16970177269607,1724967354.7071755
37.427534720345136,-122.16970093791866,1724967354.808182
37.4275360212584,-122.16970338974727,1724967354.903785
37.42753464877872,-122.16970254144884,1724967355.0029228
37.42753600376053,-122.1697029737844,1724967355.10716
37.42753737919161,-122.16970393933153,1724967355.2089202
37.42753904192796,-122.16970465479231,1724967355.3066695
37.42753931502642,-122.16970266592128,1724967355.410621
37.427540998926766,-122.16970354781411,1724967355.5112336
37.42754125489763,-122.16970364404722,1724967355.6126733
37.427541684201636,-122.16970392674398,1724967355.718807
37.42754170860638,-122.16970441655131,1724967355.811184
37.4275418147492,-122.16970455663973,1724967355.915783
37.427541956349664,-122.16970460063108,1724967356.0127416
37.42754213510935,-122.16970450459934,1724967356.116903
37.427542176435864,-122.16970408073982,1724967356.2180312
37.427542278357286,-122.16970362601357,1724967356.3137922
37.427542172602,-122.16970321626266,1724967356.4160883
37.42754227265193,-122.16970307927966,1724967356.5181427
37.427542103334616,-122.16970283568402,1724967356.6189709
37.42754195896815,-122.1697025417136,1724967356.7211006
37.42754189298536,-122.16970221337672,1724967356.8215423
37.42754192543982,-122.16970205639635,1724967356.924317
37.427541715955414,-122.16970169424937,1724967357.0247264
37.42754180037787,-122.16970150318387,1724967357.1251094
37.427541838951676,-122.16970114604646,1724967357.2264035
37.42754213109811,-122.16970109108625,1724967357.3269331
37.42754240620788,-122.16970109242529,1724967357.4264073
37.42754257475956,-122.16970110795953,1724967357.5284333
37.42754259855637,-122.16970115905863,1724967357.629418
37.427542683963125,-122.16970146862901,1724967357.7340815
37.42754252026936,-122.16970154609264,1724967357.8365946
37.427542363986014,-122.16970162777052,1724967357.9389827
37.42754226460053,-122.16970140917643,1724967358.038218
37.42754226172948,-122.16970139133561,1724967358.14208
37.42754253097639,-122.16970132507116,1724967358.2442904
37.42754249084902,-122.1697011053138,1724967358.3429873
37.42754265803101,-122.1697011652387,1724967358.4456158
37.42754274872018,-122.16970142985086,1724967358.543911
37.42754296793892,-122.16970120658057,1724967358.6452656
37.42754277209209,-122.16970096709116,1724967358.748867
37.427543086021366,-122.16970321569902,1724967358.8489985
37.427543316721476,-122.16970519055494,1724967358.948128
37.42754356643016,-122.1697051477969,1724967359.0480409
37.427543574785204,-122.16970762847943,1724967359.1521068
37.42754369106624,-122.16971015093353,1724967359.2518067
37.42754352833915,-122.16971038602189,1724967359.3490186
37.427543386332864,-122.16971059159106,1724967359.4409091
37.42754338981921,-122.16971010816042,1724967359.545178
37.427543485418916,-122.16970734752776,1724967359.6557543
37.42754351196406,-122.16970453627525,1724967359.7469108
37.42754352855892,-122.16970168961261,1724967359.8448799
37.42754348392593,-122.16969878546396,1724967359.9540746
37.427543481792775,-122.16969864022136,1724967360.0461457
37.42754349959292,-122.16969849312389,1724967360.1449175
37.42754368223202,-122.1696983873653,1724967360.2498975
37.42754389834703,-122.16969828434348,1724967360.3468626
37.427544059786484,-122.16969827435254,1724967360.4608955
37.42754390228124,-122.16969844120307,1724967360.5605693
37.427543902161595,-122.16969874244504,1724967360.6682556
37.42754373593382,-122.16969909845773,1724967360.762934
37.427543590545454,-122.16969943747553,1724967360.863094
37.42754347697331,-122.16969980223226,1724967360.9633772
37.42754363375784,-122.16970007705946,1724967361.065204
37.42754364484294,-122.16970022844228,1724967361.1671746
37.427543617563266,-122.16970057606177,1724967361.2674146
37.42754375295095,-122.16970070404243,1724967361.3704863
37.427543946044445,-122.16970075710455,1724967361.4697118
37.42754394505112,-122.16970071653269,1724967361.5685737
37.427544048216355,-122.16970066442359,1724967361.6673675
37.42754410116519,-122.16970050660439,1724967361.770363
37.427544015728365,-122.16970052129685,1724967361.8715332
37.42754383360568,-122.16970060640969,1724967361.9717598
37.42754382268858,-122.16970066791525,1724967362.0847068
37.42754366302525,-122.16970072934538,1724967362.1756442
37.42754370079863,-122.16970063661593,1724967362.2764587
37.42754384056304,-122.16970049813024,1724967362.3753483
37.42754379558956,-122.16970034461754,1724967362.4802253
37.427543648734826,-122.16970024724367,1724967362.577938
37.427543559802665,-122.16970020458892,1724967362.6810162
37.427543390756256,-122.16970016261581,1724967362.7807891
37.42754315602649,-122.16970020596754,1724967362.8839722
37.42754312493892,-122.16970022388864,1724967362.9819233
37.42754318769494,-122.1697002392323,1724967363.085667
37.42754315481126,-122.16970027410517,1724967363.1835573
37.42754309070663,-122.16970040954216,1724967363.285898
37.42754301259662,-122.16970065444947,1724967363.3898551
37.42753707968628,-122.16970105766006,1724967363.486652
37.427531098298196,-122.1697015384018,1724967363.590534
37.427525211935624,-122.16970206170197,1724967363.6879258
37.427525321415686,-122.16970145800913,1724967363.7879517
37.42752540893778,-122.16970075264497,1724967363.8908205
37.42753147207392,-122.16969990866615,1724967363.9926155
37.42753752361766,-122.1696989445885,1724967364.0894477
37.427543546067746,-122.16969789927356,1724967364.191132
37.427543545704935,-122.16969792476736,1724967364.291769
37.42754350422376,-122.16969801336352,1724967364.3937616
37.427543385864375,-122.16969805057342,1724967364.4942453
37.42754320330067,-122.16969818645474,1724967364.5957503
37.42754304373402,-122.16969838910826,1724967364.6957355
37.42754300984865,-122.1696985428192,1724967364.799896
37.427542988350616,-122.16969874939646,1724967364.8999217
37.42754305325009,-122.16969906679395,1724967364.9983609
37.42754320507445,-122.16969944802959,1724967365.0983782
37.42754336012539,-122.16969992824909,1724967365.2022183
37.42754335700858,-122.16970053737924,1724967365.2998583
37.42754345952462,-122.16970103846457,1724967365.406511
37.427543410655595,-122.16970152818611,1724967365.504417
37.42754338435484,-122.16970186817781,1724967365.603669
37.427543230987006,-122.16970177493899,1724967365.7047434
37.42754313794278,-122.16970182994916,1724967365.8079088
37.42754295402464,-122.16970194169387,1724967365.9092207
37.42754273954696,-122.16970197011838,1724967366.0097659
37.42754255125123,-122.16970201077912,1724967366.106064
37.427542513220494,-122.16970203181786,1724967366.211636
37.427542510943844,-122.16970210368056,1724967366.3147845
37.4275423595068,-122.1697021505742,1724967366.4157465
37.42754248306718,-122.16970213416627,1724967366.514366
37.42754243823375,-122.16970217690854,1724967366.6144252
37.42754229413407,-122.1697023815679,1724967366.716667
37.42754217321769,-122.16970226516301,1724967366.8154185
37.427542375642055,-122.1697034452985,1724967366.9163468
37.42754225591773,-122.16970267536766,1724967367.0182998
37.42754223429684,-122.16970183384768,1724967367.1158388
37.42754240643709,-122.16970101688936,1724967367.2254407
37.4275425830763,-122.16970028883198,1724967367.3233168
37.42754258410677,-122.16969827938003,1724967367.419225
37.427542640766,-122.16969826931906,1724967367.5205784
37.42754256077697,-122.16969825049397,1724967367.6238756
37.42754236381609,-122.169698306686,1724967367.7192242
37.42754219871611,-122.16969833247099,1724967367.8186705
37.42754206905079,-122.16969839181205,1724967367.9206357
37.42754197994226,-122.16969847080071,1724967368.02435
37.427541989812354,-122.16969857742517,1724967368.1209915
37.42754209805589,-122.1696984343725,1724967368.22227
37.42754213333824,-122.16969834771916,1724967368.3240712
37.42754212614738,-122.16969821020993,1724967368.4246967
37.42754212561247,-122.16969804205272,1724967368.524814
37.42754216550289,-122.16969792070212,1724967368.6277194
37.42754211195191,-122.16969812261271,1724967368.7299814
37.42754206485214,-122.16969816805931,1724967368.8372977
37.42754200279816,-122.1696981926087,1724967368.9332461
37.4275419458511,-122.16969827480189,1724967369.0303109
37.427541909393476,-122.16969831825193,1724967369.1363785
37.427541898795795,-122.16969834357347,1724967369.2407756
37.427541852397844,-122.16969842984446,1724967369.3379624
37.427541640614656,-122.16969869815057,1724967369.4438934
37.427541525840375,-122.16969877955786,1724967369.5428307
37.427541410227896,-122.16969894087156,1724967369.6424515
37.42754122561504,-122.16969900868406,1724967369.7399673
37.42754109236909,-122.16969906779144,1724967369.844823
37.42754119835597,-122.16969891495634,1724967369.9435716
37.42754122051093,-122.169698899864,1724967370.0462701
37.42754134045955,-122.16969880254979,1724967370.1413355
37.4275413937446,-122.16969871324305,1724967370.2420323
37.42754142992424,-122.1696986680704,1724967370.3441105
37.4275414851302,-122.16969867185473,1724967370.4449832
37.42754161777012,-122.1696986596135,1724967370.549497
37.42754150561537,-122.1696987050547,1724967370.6460345
37.4275413690855,-122.16969881966224,1724967370.7472072
37.42754129293572,-122.16969884870737,1724967370.849134
37.42754106646341,-122.16969897143524,1724967370.9545674
37.42754085314146,-122.16969909875203,1724967371.0557559
37.427540710049925,-122.16969915709495,1724967371.1553497
37.427540724996184,-122.16969912260957,1724967371.2538366
37.42754065578165,-122.16969916375855,1724967371.353264
37.42754065692492,-122.16969910363512,1724967371.4561546
37.42754061211835,-122.16969907775356,1724967371.5528708
37.42754063307676,-122.16969909222934,1724967371.657946
37.427540660206496,-122.16969917720506,1724967371.7549791
37.427540708442,-122.16969922689566,1724967371.863559
37.42754078092567,-122.16969922568687,1724967371.9580574
37.42754092962054,-122.1696992889767,1724967372.059842
37.4275409519379,-122.16969927976369,1724967372.1586611
37.42754090890746,-122.16969937477994,1724967372.2592528
37.42754111033809,-122.16969961155142,1724967372.363688
37.427541143667945,-122.16969996447554,1724967372.4593096
37.42754090972419,-122.16970048753738,1724967372.5631902
37.42754084811167,-122.1697010512092,1724967372.6641145
37.42754100838422,-122.16970151979879,1724967372.7664757
37.42754064663141,-122.16970191628594,1724967372.8671203
37.42754072893016,-122.16970218097418,1724967372.9675968
37.42754078026016,-122.16970229392754,1724967373.0671859
37.427540635208395,-122.1697024115194,1724967373.1698897
37.42754034503915,-122.1697025328728,1724967373.270545
37.42754033095087,-122.16970257647881,1724967373.367057
37.427540009726506,-122.16970269367886,1724967373.4682677
37.427539866894485,-122.16970274074191,1724967373.570832
37.427539910165514,-122.16970289033047,1724967373.6718829
37.427539905733354,-122.16970302378425,1724967373.7729917
37.42753991403139,-122.1697031785565,1724967373.8757067
37.42753997806943,-122.16970327788327,1724967373.972376
37.42753996888827,-122.16970342244304,1724967374.0791664
37.4275399720923,-122.16970345333615,1724967374.175528
37.42753996526127,-122.16970334993184,1724967374.2772932
37.42754007734043,-122.16970253406757,1724967374.3784559
37.42754010591354,-122.16970177777372,1724967374.4804804
37.42754023509338,-122.16970137010988,1724967374.5772035
37.427540323239754,-122.16970097752841,1724967374.68102
37.42754046084178,-122.16970070352535,1724967374.781969
37.4275405917206,-122.16970181632293,1724967374.8842702
37.42754079205391,-122.1697027830822,1724967374.9806242
37.42754086296876,-122.16970269441399,1724967375.0844362
37.42754089220846,-122.16970256886316,1724967375.1897874
37.42754092750756,-122.16970250255481,1724967375.2868881
37.42754084527112,-122.16970181733171,1724967375.3930097
37.427540673987785,-122.16970124142566,1724967375.4912055
37.427540679284164,-122.16970132793543,1724967375.5966616
37.42754056613651,-122.16970077688963,1724967375.6925783
37.427540558469396,-122.16970022649367,1724967375.7936177
37.42754053776168,-122.169699627579,1724967375.8967023
37.42754058484812,-122.1696990850499,1724967375.9974747
37.42754058864977,-122.16969849399386,1724967376.0964959
37.42754078813629,-122.1696986359071,1724967376.2004285
37.42754076523785,-122.16969886053216,1724967376.3003
37.42754076760731,-122.1696993611042,1724967376.4053094
37.42754079885577,-122.1696999663471,1724967376.5003202
37.42754080303616,-122.16970059421692,1724967376.6015809
37.427540785856415,-122.16970118043999,1724967376.7013628
37.427540765971024,-122.16970161195152,1724967376.808905
37.42754072560046,-122.16970181612064,1724967376.9301922
37.42754065775754,-122.16970187476902,1724967377.0244248
37.4275405910001,-122.16970197557272,1724967377.1046896
37.42754052702006,-122.16970209743471,1724967377.1996055
37.427540598376346,-122.1697022455031,1724967377.301505
37.4275407120576,-122.1697023941043,1724967377.4103794
37.42754083201052,-122.1697025791531,1724967377.507772
37.427540982294836,-122.1697027521336,1724967377.610979
37.427541049873106,-122.16970286545828,1724967377.711331
37.427541018067394,-122.16970295097948,1724967377.8146627
37.42754094525741,-122.16970300960914,1724967377.9111454
37.427540905882985,-122.16970302164457,1724967378.011719
37.427540807511235,-122.16970315979852,1724967378.1137667
37.42754069887735,-122.16970319185315,1724967378.2165294
37.4275407083483,-122.1697032589762,1724967378.313714
37.42754072049525,-122.169703294587,1724967378.4188106
37.42754068880125,-122.16970335998477,1724967378.515987
37.427540697876076,-122.16970327248883,1724967378.6229265
37.427540723473726,-122.16970332192798,1724967378.716994
37.42754069653196,-122.16970334995935,1724967378.8243139
37.42754073253974,-122.16970336242294,1724967378.9213643
37.42754072024413,-122.16970335274432,1724967379.0275595
37.42754066182811,-122.1697034974362,1724967379.1223931
37.42754069488107,-122.16970354555653,1724967379.2261498
37.42754072657313,-122.16970366741864,1724967379.323383
37.427540699791614,-122.16970377478333,1724967379.4281394
37.42754066090955,-122.1697038682441,1724967379.5290725
37.42754062641859,-122.16970383983023,1724967379.6278474
37.42754055187631,-122.16970388645652,1724967379.7297168
37.42754045603257,-122.16970386966258,1724967379.8313468
37.427540349585115,-122.16970391250574,1724967379.9338567
37.42754028892488,-122.16970404309923,1724967380.0334709
37.427540210050985,-122.16970412093917,1724967380.1311948
37.42754017473342,-122.16970419452917,1724967380.2351372
37.4275400708855,-122.16970434279017,1724967380.3301709
37.42753998267857,-122.16970438224172,1724967380.4361024
37.42753988173994,-122.16970443024528,1724967380.5326965
37.427539810570536,-122.1697044880434,1724967380.6372333
37.42753967414184,-122.16970473040503,1724967380.7357578
37.42753963818259,-122.16970500889971,1724967380.8394578
37.427539575282196,-122.16970549129042,1724967380.93685
37.42753949285882,-122.16970605339836,1724967381.0432131
37.427539419101464,-122.16970665374355,1724967381.1369283
37.4275393736747,-122.16970699850388,1724967381.2412157
37.427539306997346,-122.16970743376709,1724967381.340192
37.427539322952605,-122.16970778081456,1724967381.4451482
37.42753944810821,-122.16970792952486,1724967381.5405583
37.427539565268894,-122.16970824728547,1724967381.6463795
37.42753976091506,-122.16970852627634,1724967381.7411795
37.42754000264472,-122.16970831298295,1724967381.8446643
37.42753991447351,-122.16970734390537,1724967381.9484546
37.427540144331424,-122.16970682935973,1724967382.0438216
37.42753958215366,-122.16970442788588,1724967382.1453104
37.42753894768403,-122.16970217594069,1724967382.2489371
37.42753829836389,-122.16970012132501,1724967382.3461905
37.42753834641424,-122.16969944003064,1724967382.4508386
37.427537577467234,-122.16969763289495,1724967382.5510705
37.42753786927683,-122.1696977003172,1724967382.650846
37.427538007130856,-122.16969799042292,1724967382.7476876
37.427538181443346,-122.16969865278593,1724967382.8521442
37.427537873312644,-122.16969877823345,1724967382.9501889
37.42753793664674,-122.16969980621465,1724967383.0555325
37.42753790117364,-122.16970038386665,1724967383.1527085
37.42753791493969,-122.1697009277784,1724967383.253978
37.42753773301765,-122.16970124654667,1724967383.354931
37.42753770281815,-122.16970137379612,1724967383.4553576
37.42753783311525,-122.16970134688195,1724967383.5550117
37.42753754481128,-122.16970154989977,1724967383.6570756
37.42753734691357,-122.16970153757072,1724967383.7566073
37.42753742240084,-122.16970146948873,1724967383.8599234
37.42753722867362,-122.16970145431019,1724967383.962517
37.42753699720652,-122.1697014311518,1724967384.070907
37.42753701134744,-122.16970145167093,1724967384.164598
37.4275371788594,-122.16970144179608,1724967384.2706635
37.42753718557594,-122.16970146284964,1724967384.3629773
37.427536915698525,-122.16970149661515,1724967384.4656007
37.42753667715165,-122.16970117744214,1724967384.5693161
37.42753656002167,-122.16970088922285,1724967384.6671815
37.42753620876408,-122.16970061189407,1724967384.7706816
37.42753492215515,-122.16970029674216,1724967384.8751357
37.4275350588906,-122.1696996959549,1724967384.9693422
37.42753468735105,-122.16969943739237,1724967385.0719445
37.42753454369756,-122.16969912737541,1724967385.1713266
37.42753442563033,-122.16969860675165,1724967385.2763705
37.42753474074845,-122.16969832301787,1724967385.3767686
37.42753413795684,-122.16969806083517,1724967385.4777062
37.427534173777296,-122.16969787424603,1724967385.5727837
37.427533589957896,-122.16969790817168,1724967385.6747904
37.427533092625154,-122.16969811566288,1724967385.7746391
37.427533010648844,-122.16969814543691,1724967385.87555
37.42753293492141,-122.16969842089723,1724967385.975547
37.427532162403274,-122.16969887941221,1724967386.0762458
37.427532104846975,-122.16969890275605,1724967386.1780038
37.42753243738759,-122.16969901668679,1724967386.2789729
37.42753228411599,-122.16969903974497,1724967386.3783987
37.42753265706089,-122.16969910746506,1724967386.4810822
37.42753322719287,-122.16969917139801,1724967386.5798168
37.427532605212754,-122.16969945722273,1724967386.6822214
37.427532239281724,-122.16969966492604,1724967386.7829797
37.427532414884205,-122.16969987884094,1724967386.8832786
37.42753203789963,-122.16969964808101,1724967386.9889839
37.42753189836916,-122.1696990413207,1724967387.0872998
37.42753281709284,-122.16969848112228,1724967387.187726
37.42753274916485,-122.16969809563373,1724967387.282143
37.42753274546565,-122.16969807052702,1724967387.3925128
37.42753298452854,-122.16969871044265,1724967387.4963083
37.427533213768605,-122.16969984462897,1724967387.593715
37.42753291517372,-122.16970100156188,1724967387.696698
37.42753274053705,-122.16970208657094,1724967387.7968109
37.42753241966927,-122.16970284051767,1724967387.8938305
37.42753179601226,-122.1697033546408,1724967387.9974117
37.42753178371927,-122.1697019232102,1724967388.089271
37.42753192638418,-122.16970119541293,1724967388.1859708
37.42753243037268,-122.16969972342667,1724967388.2965958
37.42753311946208,-122.1696982660102,1724967388.4003952
37.427533833653335,-122.16969692054784,1724967388.5010188
37.42753359143455,-122.16969720547094,1724967388.6041543
37.4275336863406,-122.1696968055127,1724967388.70451
37.427533204704275,-122.1696971036972,1724967388.8074107
37.427532707527064,-122.16969739536242,1724967388.9048657
37.427532502121835,-122.16969755676,1724967389.0081625
37.427532632075895,-122.16969770113617,1724967389.1085372
37.427532446593865,-122.169697727491,1724967389.2091436
37.42753267481653,-122.16969775193184,1724967389.3102186
37.427532691285435,-122.16969776525214,1724967389.4120202
37.427532544108914,-122.16969780426518,1724967389.5152264
37.42753252335651,-122.16969779125465,1724967389.6126359
37.427532582937275,-122.16969779600397,1724967389.7143023
37.427532535548785,-122.1696977792079,1724967389.8160179
37.42753269266093,-122.16969775407276,1724967389.9205327
37.42753275859389,-122.16969776095776,1724967390.01851
37.42753271222559,-122.16969781179141,1724967390.1153
37.42753275940741,-122.16969790980286,1724967390.2220705
37.42753290109489,-122.16969797223678,1724967390.3247066
37.42753276002374,-122.16969805538108,1724967390.4249885
37.42753267757504,-122.16969810293789,1724967390.5248923
37.42753263546574,-122.16969811354608,1724967390.6218066
37.42753245572949,-122.16969816871209,1724967390.7206163
37.4275323179062,-122.16969851828053,1724967390.8230472
37.427532344149384,-122.1696987437173,1724967390.9282215
37.42753232038779,-122.16969883777688,1724967391.028107
37.42753234707736,-122.16969893869708,1724967391.1263247
37.42753237378584,-122.16969905429305,1724967391.22595
37.42753238508748,-122.16969908945227,1724967391.3247051
37.42753242806379,-122.16969899066787,1724967391.4304967
37.42753248671503,-122.16969901527168,1724967391.5300958
37.42753304713137,-122.16969874497605,1724967391.6315176
37.427533630824044,-122.16969837502799,1724967391.7351491
37.427534183557384,-122.16969782399906,1724967391.8335128
37.4275347769066,-122.1696980522316,1724967391.9312873
37.42753525216259,-122.16969777500961,1724967392.0336473
37.42753513687597,-122.1696977859595,1724967392.1323361
37.42753501210553,-122.1696977937155,1724967392.2368371
37.4275348919582,-122.16969780948827,1724967392.3242815
37.42753469631565,-122.16969733665687,1724967392.4291382
37.42753460415733,-122.16969737589281,1724967392.526472
37.42753454452308,-122.16969735324972,1724967392.6301975
37.42753447353242,-122.16969740436944,1724967392.7323303
37.42753438579723,-122.16969767621849,1724967392.8340714
37.42753432943124,-122.16969812548962,1724967392.9372344
37.42753427214046,-122.16969885368188,1724967393.0427465
37.427533984213945,-122.16970002979154,1724967393.1428633
37.42753354365727,-122.16970152779933,1724967393.246536
37.42753306516886,-122.16970305872036,1724967393.3455026
37.42753265459081,-122.16970442255383,1724967393.446201
37.42753210376868,-122.16970553628325,1724967393.54062
37.42753221559193,-122.1697062819264,1724967393.6450949
37.42753244443691,-122.1697067125339,1724967393.744498
37.42753317035763,-122.16970496254841,1724967393.847812
37.42753387133241,-122.16970309245812,1724967393.9478061
37.42753460518569,-122.16970148079714,1724967394.0508215
37.42753464098446,-122.16970043596544,1724967394.1510618
37.42753492622103,-122.16969852746129,1724967394.2554173
37.42753476073651,-122.16969859807104,1724967394.3545794
37.4275343702031,-122.16969958119411,1724967394.4552388
37.4275339902175,-122.16970034336164,1724967394.5554574
37.42753379930763,-122.16970055492807,1724967394.6573546
37.42753337118814,-122.16970153572804,1724967394.7546442
37.42753294683721,-122.16970249729859,1724967394.8583124
37.42753280919155,-122.1697025678857,1724967394.9573467
37.4275327265536,-122.1697025036021,1724967395.0614688
37.4275326311034,-122.16970242953828,1724967395.1604605
37.427532613384685,-122.16970238738436,1724967395.2628255
37.42753254190937,-122.16970227525191,1724967395.3643792
37.42753240984195,-122.16970238606864,1724967395.4699004
37.42753231265622,-122.16970233995752,1724967395.563566
37.427532289437266,-122.16970241624604,1724967395.6695588
37.427532232947755,-122.1697024127638,1724967395.7650924
37.427532275637276,-122.16970241858043,1724967395.8679416
37.42753225390596,-122.1697022552243,1724967395.9664912
37.427532196555866,-122.16970228029275,1724967396.0675774
37.42753211336089,-122.16970216605924,1724967396.167607
37.42753198843576,-122.16970215927813,1724967396.269191
37.4275318223341,-122.16970218358658,1724967396.3714817
37.42753161871575,-122.1697022335082,1724967396.4735878
37.42753160334348,-122.16970230787338,1724967396.5710607
37.427531539588145,-122.16970239803636,1724967396.6716113
37.427531519255936,-122.16970246492096,1724967396.7728434
37.42753136194531,-122.1697025206341,1724967396.8729672
37.42753134618831,-122.16970251569008,1724967396.9762938
37.427531144003886,-122.16970252059255,1724967397.075451
37.42753104898589,-122.16970247303587,1724967397.1732888
37.42753094041731,-122.16970251378908,1724967397.2768276
37.42753096154029,-122.1697025138806,1724967397.3819964
37.42753087552945,-122.16970257315053,1724967397.4769335
37.42753081873897,-122.16970258232953,1724967397.5832224
37.42753076719977,-122.16970266558891,1724967397.683149
37.42753066510026,-122.16970263393222,1724967397.7810535
37.42753059472139,-122.16970267927104,1724967397.8800676
37.42753057944065,-122.16970263662373,1724967397.9822295
37.42753052971988,-122.16970264885053,1724967398.090251
37.42753046970454,-122.16970259945894,1724967398.1875458
37.427530471646506,-122.16970263816779,1724967398.2844195
37.427530405609566,-122.16970257181256,1724967398.38736
37.42753037903363,-122.16970268686899,1724967398.4891121
37.4275303974924,-122.16970275298448,1724967398.5884988
37.42753040684821,-122.1697027631697,1724967398.6870632
37.42753038869341,-122.16970278603999,1724967398.7950206
37.42753038381506,-122.16970289765653,1724967398.8916173
37.42753038858942,-122.16970281390293,1724967398.9940755
37.42753030779204,-122.1697028703817,1724967399.0962713
37.42753034691899,-122.16970327183537,1724967399.1948597
37.42753032172477,-122.16970377471634,1724967399.2942178
37.427530296503264,-122.16970427664897,1724967399.3966527
37.4275303290812,-122.16970499775981,1724967399.49321
37.42753049581956,-122.16970589427243,1724967399.5975752
37.42753046784641,-122.16970668467975,1724967399.6944294
37.42753056422137,-122.16970743307778,1724967399.7951467
37.42753072214096,-122.16970822699062,1724967399.8984349
37.427530728752615,-122.16970884064216,1724967400.0003104
37.42753054296144,-122.16970910431557,1724967400.1024818
37.427530410599054,-122.16970921979637,1724967400.2025216
37.42753057845318,-122.16970658594545,1724967400.2874103
37.427530888490686,-122.16970526335489,1724967400.394274
37.42753114903511,-122.16970400627918,1724967400.4990423
37.427531520550644,-122.16970281252502,1724967400.5997436
37.42753188968271,-122.1697017541568,1724967400.7010033
37.427531983653,-122.16970332580095,1724967400.8063486
37.42753183847622,-122.16970352734222,1724967400.9028418
37.42753182925747,-122.16970367942704,1724967401.0085406
37.427531801103456,-122.16970383746212,1724967401.1123204
37.427531784064215,-122.1697038092517,1724967401.2079444
37.42753181346524,-122.16970378705098,1724967401.3066423
37.42753187041598,-122.16970374784205,1724967401.4104285
37.42753197674786,-122.16970372378594,1724967401.5107327
37.427532056695185,-122.16970368377908,1724967401.6142702
37.4275322119457,-122.16970374307037,1724967401.7137687
37.427532291383486,-122.16970371389583,1724967401.8164034
37.42753241647188,-122.16970364612058,1724967401.9153829
37.42753251766184,-122.16970360833842,1724967402.0182655
37.427532644647286,-122.16970357107014,1724967402.1203618
37.42753277057348,-122.16970342037094,1724967402.2229764
37.427532854136885,-122.16970332411361,1724967402.3214915
37.42753296457244,-122.16970332642161,1724967402.4238627
37.42753301832622,-122.16970329072933,1724967402.5258214
37.42753311728379,-122.16970321930975,1724967402.6268141
37.42753314411708,-122.16970320245065,1724967402.7237165
37.427533173552256,-122.16970325207834,1724967402.828893
37.42753317674961,-122.16970321859836,1724967402.93087
37.42753307089551,-122.16970322332008,1724967403.043973
37.42753298698304,-122.16970321778594,1724967403.144251
37.4275329158987,-122.16970327610125,1724967403.2386582
37.42753281571539,-122.1697033172024,1724967403.3291986
37.42753272617872,-122.16970335194503,1724967403.4323795
37.42753275942457,-122.1697033650312,1724967403.5327532
37.42753273406817,-122.16970343932027,1724967403.6427536
37.42753264613964,-122.16970345199537,1724967403.7343767
37.42753265365425,-122.16970340774202,1724967403.8416102
37.427532583400826,-122.16970349274071,1724967403.9408355
37.4275325508353,-122.1697036487397,1724967404.0373404
37.42753252244521,-122.16970380973862,1724967404.144134
37.42753253311742,-122.16970408022009,1724967404.2359078
37.427532497498454,-122.16970437419464,1724967404.338855
37.42753246427235,-122.16970462608086,1724967404.4430954
37.42753242332457,-122.169704780245,1724967404.5386302
37.42753242004491,-122.16970498169118,1724967404.6422534
37.42753239579677,-122.16970504525233,1724967404.7410858
37.42753233892272,-122.16970514326115,1724967404.841703
37.42753235493041,-122.1697051260353,1724967404.9378703
37.42753228596741,-122.16970524428203,1724967405.048539
37.42753220784194,-122.16970533576746,1724967405.1459749
37.42753217721237,-122.16970539960653,1724967405.2468941
37.42753221597886,-122.1697054212545,1724967405.3480642
37.42753211567739,-122.16970560513853,1724967405.4448917
37.42753207088006,-122.16970562755596,1724967405.5458863
37.427532047594084,-122.16970558968927,1724967405.647109
37.42753177440652,-122.16970556599456,1724967405.7453403
37.42753154696128,-122.16970561403916,1724967405.8501818
37.42753133549815,-122.16970553166416,1724967405.9473672
37.427531366548344,-122.16970563504039,1724967406.0536284
37.42753122991836,-122.16970568852707,1724967406.149469
37.427531346422136,-122.16970578524295,1724967406.2590103
37.42753148573368,-122.16970603574725,1724967406.3647728
37.42753175592042,-122.1697062301327,1724967406.4606926
37.42753175892982,-122.16970654710104,1724967406.5568326
37.42753187244972,-122.1697071903355,1724967406.6584065
37.42753194838654,-122.16970816100685,1724967406.752204
37.42753211797272,-122.16970917388387,1724967406.855874
37.42752688187087,-122.16970812570591,1724967406.95687
37.427521625148664,-122.16970691789246,1724967407.0558226
37.427520279900826,-122.16970532850404,1724967407.1572907
37.42752014510757,-122.16970474430606,1724967407.2592797
37.42751990900148,-122.16970398693174,1724967407.3603804
37.4275249144952,-122.16970345194343,1724967407.463293
37.42753008146767,-122.16970479655403,1724967407.5737543
37.42753137476707,-122.16970633935432,1724967407.6683085
37.42753148376378,-122.16970658397861,1724967407.7653313
37.427531512637394,-122.16970679171752,1724967407.8643534
37.42753167464244,-122.16970728936714,1724967407.9689045
37.42753076527845,-122.16970697029707,1724967408.070056
37.427531149065345,-122.1697055669916,1724967408.170231
37.427530218210414,-122.16970518284695,1724967408.274327
37.42753064501027,-122.16970536053633,1724967408.370754
37.42753099540055,-122.16970724403045,1724967408.470125
37.42753041990475,-122.16970708869992,1724967408.56769
37.42753046433259,-122.1697070216294,1724967408.6941776
37.42753137051392,-122.16970548262043,1724967408.7756953
37.42753083776143,-122.16970292887488,1724967408.8703287
37.427530378260315,-122.16970052161474,1724967408.9764097
37.42753226453071,-122.16969967494823,1724967409.0783126
37.42753228055107,-122.16969980068464,1724967409.1738875
37.42753283339011,-122.16970025720171,1724967409.2745538
37.427533374149206,-122.16970107547593,1724967409.3756812
37.427533980811425,-122.16970154392824,1724967409.476879
37.42753413098533,-122.16970109055926,1724967409.5790815
37.42753423949955,-122.16970043983656,1724967409.682838
37.427534330908145,-122.16969971895828,1724967409.7988236
37.42753451184609,-122.16969919966976,1724967409.8924088
37.427534682628036,-122.16969904351689,1724967409.991952
37.42753489224199,-122.16969912379983,1724967410.0901332
37.42753502556569,-122.1696993670765,1724967410.194578
37.42753508388031,-122.16969964571386,1724967410.2870736
37.42753509374008,-122.16969986205025,1724967410.3872287
37.42753521330589,-122.16969982443806,1724967410.4864955
37.42753526909229,-122.16969980674673,1724967410.5874777
37.42753535920038,-122.16969958248235,1724967410.6900246
37.42753548071438,-122.16969948770303,1724967410.7966335
37.42753569692371,-122.16969913668161,1724967410.8909261
37.42753573801155,-122.16969889341638,1724967410.9931664
37.42753576232006,-122.16969883643391,1724967411.0927708
37.427535721257584,-122.16969905854658,1724967411.192591
37.42753567722264,-122.16969908948441,1724967411.2912633
37.42753553571004,-122.16969928330766,1724967411.3918514
37.42753540209741,-122.16969933725547,1724967411.4928226
37.427535280219274,-122.16969920166711,1724967411.5933511
37.42753524736441,-122.16969895743135,1724967411.6968842
37.42753524947028,-122.16969891232364,1724967411.7999759
37.42753524174689,-122.1696988564333,1724967411.901882
37.42753526412245,-122.1696988685878,1724967412.0036545
37.4275353071746,-122.16969888673987,1724967412.0991154
37.427535290610955,-122.16969908163183,1724967412.2048042
37.427535288175534,-122.16969939183561,1724967412.3059783
37.42753530668609,-122.16969990363748,1724967412.4059486
37.42753541426865,-122.16970069448442,1724967412.503334
37.42753552636475,-122.16970176174273,1724967412.608988
37.42753570663136,-122.16970314928723,1724967412.710713
37.427535879640494,-122.16970466324008,1724967412.8093348
37.42753609579821,-122.16970620567616,1724967412.9128702
37.4275359330386,-122.16970767344009,1724967413.0161633
37.427529906262436,-122.16970695233202,1724967413.109296
37.42752388944534,-122.16970593198639,1724967413.207425
37.42751783702184,-122.16970466321027,1724967413.3067203
37.427518045889144,-122.16970266805002,1724967413.407993
37.42751831035615,-122.16970042640385,1724967413.5067942
37.42752445603654,-122.16970007634448,1724967413.6097472
37.427530648375416,-122.16969957206017,1724967413.7124603
37.42753677092411,-122.16969908759641,1724967413.8139935
37.427536561818634,-122.16969903717381,1724967413.9176302
37.42753656553973,-122.16969892606387,1724967414.0164294
37.42753662849638,-122.1696988691292,1724967414.1142063
37.42753653914683,-122.16969871445582,1724967414.2143416
37.42753656448691,-122.16969848125278,1724967414.3168926
37.42753663412056,-122.1696982818842,1724967414.423879
37.427536644606086,-122.16969808900426,1724967414.5236826
37.4275366220447,-122.16969785277233,1724967414.6252775
37.427536672145266,-122.16969772017299,1724967414.7283773
37.42753666456494,-122.16969758778592,1724967414.8298914
37.4275366615637,-122.16969751067286,1724967414.9271111
37.42753667915804,-122.16969751379536,1724967415.0304332
37.427536598280106,-122.16969751399294,1724967415.131525
37.42753649643709,-122.16969751495728,1724967415.2363694
37.427536461869025,-122.16969756230304,1724967415.3303752
37.42753639152345,-122.16969723450318,1724967415.4327636
37.42753626922277,-122.1696972597614,1724967415.534426
37.427536228260394,-122.16969726209763,1724967415.6343138
37.42753627176795,-122.16969725323156,1724967415.732501
37.42753621398459,-122.16969723956498,1724967415.8359265
37.42753618248499,-122.16969721004132,1724967415.9371006
37.42753623479885,-122.16969720267213,1724967416.0408053
37.42753623330586,-122.16969719649488,1724967416.1370335
37.42753617898108,-122.1696971851272,1724967416.2457883
37.42753621392014,-122.16969717896855,1724967416.3393455
37.42753624580168,-122.16969752743664,1724967416.4430141
37.42753624916961,-122.16969752382228,1724967416.5451257
37.42753625997782,-122.16969753845521,1724967416.6490366
37.42753629891896,-122.16969755473006,1724967416.7425148
37.427536265127685,-122.1696975541446,1724967416.844992
37.427536202355554,-122.16969758053405,1724967416.9464054
37.427536207365364,-122.16969757080776,1724967417.0492141
37.42753621686317,-122.16969754975581,1724967417.1500912
37.42753625391862,-122.16969752889378,1724967417.253887
37.42753628646717,-122.16969753472812,1724967417.346862
37.42753631551288,-122.16969753732414,1724967417.4480312
37.42753634236851,-122.16969756715837,1724967417.5443623
37.427536364648496,-122.16969756821833,1724967417.6487777
37.427536319910885,-122.16969758119399,1724967417.7476807
37.42753636740141,-122.16969757042915,1724967417.8511004
37.42753636958138,-122.1696975510722,1724967417.9526956
37.42753634602474,-122.16969753071119,1724967418.0545933
37.42753631772273,-122.16969754631505,1724967418.1530857
37.427536402682655,-122.16969718471049,1724967418.2549734
37.42753631541642,-122.1696971984296,1724967418.3536935
37.427536339440955,-122.16969719462291,1724967418.4554362
37.42753633328058,-122.16969721106248,1724967418.557264
37.42753628712473,-122.16969721743422,1724967418.6576507
37.42753620344985,-122.16969758338826,1724967418.7575822
37.427536299290374,-122.1696975771648,1724967418.8587449
37.42753644419391,-122.16969758319699,1724967418.959842
37.42753639500051,-122.16969720687209,1724967419.0670874
37.42753644207599,-122.16969718050905,1724967419.1724753
37.427536439965614,-122.16969717479766,1724967419.2741008
37.42753634532012,-122.16969717362875,1724967419.371074
37.42753617380994,-122.16969718033477,1724967419.4704874
37.42753622632681,-122.1696975339102,1724967419.5689023
37.42753628707039,-122.16969754508163,1724967419.6693256
37.42753787573922,-122.16969685189065,1724967419.972615
37.42753952122881,-122.16969623094583,1724967420.0614433
37.427541098140786,-122.16969553778112,1724967420.161255
37.42754263186679,-122.16969484957623,1724967420.2660549
37.42754413863061,-122.16969415314985,1724967420.366006
37.42754413178153,-122.16969414674128,1724967420.4660928
37.42754405554153,-122.16969407347074,1724967420.5666604
37.42754403429505,-122.16969408026773,1724967420.6688428
37.42754408121501,-122.16969410825816,1724967420.7701075
37.4275441543341,-122.16969414658128,1724967420.8713496
37.427544159043165,-122.16969420349467,1724967420.9750218
37.427544167119294,-122.169694313611,1724967421.0836027
37.42754418631126,-122.16969442282367,1724967421.1768775
37.42754413498708,-122.16969457678063,1724967421.2788796
37.427544120777874,-122.16969465010578,1724967421.3740833
37.427544159961336,-122.16969481219937,1724967421.4760952
37.42754420004725,-122.1696948578576,1724967421.5730777
37.42754414971553,-122.16969489824899,1724967421.6774368
37.42754419647093,-122.16969494852209,1724967421.7763364
37.42754415091315,-122.16969501087824,1724967421.8795335
37.42754403915688,-122.16969501775128,1724967421.9806416
37.42754399209579,-122.16969518225966,1724967422.085321
37.42754402390644,-122.1696953849152,1724967422.1790712
37.42754398249747,-122.16969560683779,1724967422.2877839
37.427543908893966,-122.16969591980435,1724967422.3880117
37.427543866959105,-122.16969625585712,1724967422.4914746
37.42754374741093,-122.16969648427077,1724967422.5899456
37.427543655514256,-122.16969667380722,1724967422.6837513
37.4275436040541,-122.16969680640771,1724967422.788333
37.427543521836775,-122.16969689041213,1724967422.8942907
37.42754346932506,-122.16969691933227,1724967422.9956467
37.427543470361776,-122.1696969605599,1724967423.0959158
37.42754344178437,-122.16969707953751,1724967423.1947424
37.42754333448089,-122.16969719265386,1724967423.3003392
37.4275432647235,-122.16969727841129,1724967423.3974004
37.427543233513475,-122.16969727755539,1724967423.4989934
37.42754315837852,-122.16969732283793,1724967423.6016726
37.427543091112604,-122.16969721085698,1724967423.702156
37.427543065546956,-122.169697106082,1724967423.8020594
37.42754302407931,-122.16969713079719,1724967423.907555
37.427542971964385,-122.16969732083223,1724967424.0048735
37.42754272976214,-122.16969677926888,1724967424.1060863
37.427542550274836,-122.16969630928409,1724967424.2070985
37.42754233638532,-122.16969601266959,1724967424.308864
37.427542147865324,-122.16969568988188,1724967424.408604
37.42754196848179,-122.1696953883482,1724967424.5093389
37.427541957104346,-122.16969581270881,1724967424.6089551
37.42754184041239,-122.16969623758621,1724967424.7122009
37.427541755482764,-122.16969652377658,1724967424.8179274
37.42754164801106,-122.16969680108309,1724967424.923721
37.42754154558009,-122.16969695452212,1724967425.0198483
37.42754145876004,-122.16969713478044,1724967425.1255794
37.42754138209772,-122.16969733874664,1724967425.2156587
37.42754131731963,-122.16969768963415,1724967425.3193333
37.427541276577664,-122.16969801748886,1724967425.4190216
37.42754125611249,-122.1696985911325,1724967425.5206025
37.42754113544165,-122.16969862363825,1724967425.62513
37.427541247054435,-122.16969923753348,1724967425.7254474
37.427541203490364,-122.1696990683885,1724967425.8239927
37.42754139466123,-122.16969959983398,1724967425.9239497
37.42754124679965,-122.16969935405635,1724967426.0271087
37.427541296310324,-122.16969960587734,1724967426.1278152
37.42754111814677,-122.16969923702855,1724967426.2365294
37.42754108344852,-122.16969944316807,1724967426.3309886
37.42754086317265,-122.1696989660129,1724967426.424941
37.42754088083144,-122.16969909731321,1724967426.5278928
37.42754077688169,-122.16969924430616,1724967426.6272993
37.427540665009204,-122.16969944232792,1724967426.7359755
37.42754060237114,-122.16969961217258,1724967426.833126
37.42754044371725,-122.16969978751004,1724967426.9314606
37.427540374690246,-122.16969983341333,1724967427.0315576
37.42754030689651,-122.16969988941828,1724967427.1327624
37.42754030787266,-122.16969993447174,1724967427.237998
37.42754039858351,-122.16969996469251,1724967427.339064
37.42754041910369,-122.16970002882897,1724967427.436959
37.42754039466221,-122.16970015805032,1724967427.5399253
37.42754031749784,-122.16970028553749,1724967427.637022
37.427540167653035,-122.16970043788598,1724967427.737848
37.42754001206076,-122.1697006946858,1724967427.8400586
37.42753980924432,-122.16970094775532,1724967427.940875
37.42753958363858,-122.16970124102711,1724967428.039771
37.42753948318545,-122.16970147009269,1724967428.1419713
37.42753937890703,-122.16970158730864,1724967428.2430086
37.42753931449411,-122.16970172790492,1724967428.343984
37.42753941190884,-122.1697017475388,1724967428.4406714
37.42753943208702,-122.16970191617803,1724967428.5450058
37.427539515287584,-122.1697020529407,1724967428.6449451
37.42753966128346,-122.16970238257579,1724967428.7479408
37.42753965172014,-122.16970270858062,1724967428.8469527
37.427539651279744,-122.16970315360734,1724967428.9498625
37.42753974023918,-122.16970338839832,1724967429.04802
37.42753971167702,-122.16970370406996,1724967429.1504982
37.427539703358136,-122.16970392689822,1724967429.2544115
37.42753972415392,-122.16970405530084,1724967429.3527832
37.42753970399722,-122.16970408945147,1724967429.4490578
37.42753972567055,-122.16970414868484,1724967429.5540226
37.427539735557176,-122.1697041553854,1724967429.6504169
37.42753972786063,-122.16970416474058,1724967429.7534525
37.4275397113101,-122.16970421657668,1724967429.8557875
37.427539694785764,-122.1697043529186,1724967429.9565325
37.427539681378676,-122.16970450356617,1724967430.0522616
37.427539727631185,-122.16970474378218,1724967430.1552863
37.42753971536607,-122.16970494840261,1724967430.2569144
37.427539707016244,-122.16970529919743,1724967430.3609266
37.4275397564167,-122.16970566553002,1724967430.4592693
37.42753975661989,-122.1697062945109,1724967430.5566204
37.42753972507172,-122.1697069462299,1724967430.6561487
37.427539744048374,-122.1697076216603,1724967430.756102
37.42753977376235,-122.169708246555,1724967430.8571215
37.427539872903736,-122.16970888019445,1724967430.964197
37.427538723627244,-122.16970886378176,1724967431.0634158
37.42753757915842,-122.16970884110134,1724967431.160344
37.42753760562453,-122.16970939680412,1724967431.2559247
37.42753755845499,-122.16970884176986,1724967431.3631847
37.42753624454545,-122.16970703136295,1724967431.4637067
37.42753639497464,-122.16970558926201,1724967431.563753
37.42753762944157,-122.16970539868535,1724967431.6641407
37.427537628328366,-122.16970573249496,1724967431.766413
37.42753777777653,-122.16970713092792,1724967431.8632421
37.42753915941272,-122.16970974785538,1724967431.9695113
37.42754002923361,-122.16971020008415,1724967432.0782988
37.42753865443133,-122.16970969908387,1724967432.1667085
37.427537344190675,-122.16970815184716,1724967432.2698426
37.42753590651305,-122.16970562110124,1724967432.3748138
37.42753444974909,-122.16970400456293,1724967432.472439
37.42753330686322,-122.16970458070766,1724967432.5712478
37.42753333282932,-122.16970356090637,1724967432.6738188
37.42753339254803,-122.1697024917534,1724967432.7756813
37.42753338989952,-122.16970231615252,1724967432.8764067
37.42753334053685,-122.16970243632089,1724967432.9751158
37.42753331449753,-122.16970263312366,1724967433.0790532
37.4275332635523,-122.16970268978412,1724967433.1775987
37.427534615827334,-122.16970442148174,1724967433.2778156
37.42753602897503,-122.1697062818601,1724967433.3786943
37.42753603150179,-122.16970501509878,1724967433.478779
37.42753599661627,-122.16970364583015,1724967433.5785499
37.42753747676438,-122.16970569936824,1724967433.6778588
37.427537502691166,-122.16970465477706,1724967433.7786944
37.427536054241116,-122.16970294664172,1724967433.8830242
37.42753594408182,-122.1697027901268,1724967433.9823434
37.42753748804461,-122.16970342549004,1724967434.0948231
37.42753751247754,-122.16970204609821,1724967434.1838982
37.427537631670205,-122.16970203294153,1724967434.284245
37.42753917503646,-122.16970261931547,1724967434.3909428
37.42753919097949,-122.16970266311785,1724967434.4938338
37.42753780735561,-122.16970222415424,1724967434.5916574
37.427536403457104,-122.1697017280646,1724967434.6949234
37.427536368238144,-122.1697016673033,1724967434.794067
37.42753647005579,-122.16970156588988,1724967434.8983722
37.42753820850757,-122.16970229099473,1724967434.9972885
37.427539648246295,-122.16970276549547,1724967435.0972025
37.42754094779571,-122.16970326574027,1724967435.1969438
37.42753947785811,-122.16970286197949,1724967435.2998903
37.42753925139245,-122.1697029197403,1724967435.405599
37.42753767434683,-122.1697025829446,1724967435.503784
37.42753609912891,-122.16970177269607,1724967435.6025338
37.427534720345136,-122.16970093791866,1724967435.7034476
37.4275360212584,-122.16970338974727,1724967435.797842
37.42753464877872,-122.16970254144884,1724967435.896742
37.42753600376053,-122.1697029737844,1724967436.0003116
37.42753737919161,-122.16970393933153,1724967436.099088
37.42753904192796,-122.16970465479231,1724967436.2014613
37.42753931502642,-122.16970266592128,1724967436.302146
37.427540998926766,-122.16970354781411,1724967436.4080229
37.42754125489763,-122.16970364404722,1724967436.505791
37.427541684201636,-122.16970392674398,1724967436.607849
37.42754170860638,-122.16970441655131,1724967436.709856
37.4275418147492,-122.16970455663973,1724967436.8117943
37.427541956349664,-122.16970460063108,1724967436.911984
37.42754213510935,-122.16970450459934,1724967437.008485
37.427542176435864,-122.16970408073982,1724967437.108926
37.427542278357286,-122.16970362601357,1724967437.2102392
37.427542172602,-122.16970321626266,1724967437.3098035
37.42754227265193,-122.16970307927966,1724967437.4138844
37.427542103334616,-122.16970283568402,1724967437.5129142
37.42754195896815,-122.1697025417136,1724967437.616482
37.42754189298536,-122.16970221337672,1724967437.7161775
37.42754192543982,-122.16970205639635,1724967437.8176668
37.427541715955414,-122.16970169424937,1724967437.9222326
37.42754180037787,-122.16970150318387,1724967438.0196283
37.427541838951676,-122.16970114604646,1724967438.1208732
37.42754213109811,-122.16970109108625,1724967438.2207007
37.42754240620788,-122.16970109242529,1724967438.3245804
37.42754257475956,-122.16970110795953,1724967438.425336
37.42754259855637,-122.16970115905863,1724967438.5218003
37.427542683963125,-122.16970146862901,1724967438.6269436
37.42754252026936,-122.16970154609264,1724967438.7298894
37.427542363986014,-122.16970162777052,1724967438.8327959
37.42754226460053,-122.16970140917643,1724967438.9339688
37.42754226172948,-122.16970139133561,1724967439.0329237
37.42754253097639,-122.16970132507116,1724967439.135118
37.42754249084902,-122.1697011053138,1724967439.2358832
37.42754265803101,-122.1697011652387,1724967439.3395247
37.42754274872018,-122.16970142985086,1724967439.433512
37.42754296793892,-122.16970120658057,1724967439.5404582
37.42754277209209,-122.16970096709116,1724967439.6396124
37.427543086021366,-122.16970321569902,1724967439.740741
37.427543316721476,-122.16970519055494,1724967439.8428638
37.42754356643016,-122.1697051477969,1724967439.9438186
37.427543574785204,-122.16970762847943,1724967440.0430236
37.42754369106624,-122.16971015093353,1724967440.144003
37.42754352833915,-122.16971038602189,1724967440.2428985
37.427543386332864,-122.16971059159106,1724967440.333844
37.42754338981921,-122.16971010816042,1724967440.4373424
37.427543485418916,-122.16970734752776,1724967440.5479417
37.42754351196406,-122.16970453627525,1724967440.6375704
37.42754352855892,-122.16970168961261,1724967440.7409742
37.42754348392593,-122.16969878546396,1724967440.845867
37.427543481792775,-122.16969864022136,1724967440.9382753
37.42754349959292,-122.16969849312389,1724967441.043558
37.42754368223202,-122.1696983873653,1724967441.1388767
37.42754389834703,-122.16969828434348,1724967441.2407737
37.427544059786484,-122.16969827435254,1724967441.3683238
37.42754390228124,-122.16969844120307,1724967441.4579718
37.427543902161595,-122.16969874244504,1724967441.5664237
37.42754373593382,-122.16969909845773,1724967441.6546342
37.427543590545454,-122.16969943747553,1724967441.761086
37.42754347697331,-122.16969980223226,1724967441.8612053
37.42754363375784,-122.16970007705946,1724967441.96195
37.42754364484294,-122.16970022844228,1724967442.0623412
37.427543617563266,-122.16970057606177,1724967442.1646595
37.42754375295095,-122.16970070404243,1724967442.2692366
37.427543946044445,-122.16970075710455,1724967442.3608658
37.42754394505112,-122.16970071653269,1724967442.4654994
37.427544048216355,-122.16970066442359,1724967442.5626729
37.42754410116519,-122.16970050660439,1724967442.6651094
37.427544015728365,-122.16970052129685,1724967442.7679906
37.42754383360568,-122.16970060640969,1724967442.8715546
37.42754382268858,-122.16970066791525,1724967442.9718208
37.42754366302525,-122.16970072934538,1724967443.0730593
37.42754370079863,-122.16970063661593,1724967443.1681619
37.42754384056304,-122.16970049813024,1724967443.2739244
37.42754379558956,-122.16970034461754,1724967443.369557
37.427543648734826,-122.16970024724367,1724967443.4791675
37.427543559802665,-122.16970020458892,1724967443.5775678
37.427543390756256,-122.16970016261581,1724967443.6808386
37.42754315602649,-122.16970020596754,1724967443.7782567
37.42754312493892,-122.16970022388864,1724967443.8790374
37.42754318769494,-122.1697002392323,1724967443.9810514
37.42754315481126,-122.16970027410517,1724967444.088067
37.42754309070663,-122.16970040954216,1724967444.19004
37.42754301259662,-122.16970065444947,1724967444.2880533
37.42753707968628,-122.16970105766006,1724967444.3836443
37.427531098298196,-122.1697015384018,1724967444.4840438
37.427525211935624,-122.16970206170197,1724967444.582855
37.427525321415686,-122.16970145800913,1724967444.6836517
37.42752540893778,-122.16970075264497,1724967444.7845
37.42753147207392,-122.16969990866615,1724967444.88431
37.42753752361766,-122.1696989445885,1724967444.9857838
37.427543546067746,-122.16969789927356,1724967445.084881
37.427543545704935,-122.16969792476736,1724967445.1836064
37.42754350422376,-122.16969801336352,1724967445.2882073
37.427543385864375,-122.16969805057342,1724967445.3880382
37.42754320330067,-122.16969818645474,1724967445.492829
37.42754304373402,-122.16969838910826,1724967445.5896199
37.42754300984865,-122.1696985428192,1724967445.695802
37.427542988350616,-122.16969874939646,1724967445.7907293
37.42754305325009,-122.16969906679395,1724967445.8911064
37.42754320507445,-122.16969944802959,1724967445.9912455
37.42754336012539,-122.16969992824909,1724967446.0966713
37.42754335700858,-122.16970053737924,1724967446.1925583
37.42754345952462,-122.16970103846457,1724967446.30401
37.427543410655595,-122.16970152818611,1724967446.394207
37.42754338435484,-122.16970186817781,1724967446.4986737
37.427543230987006,-122.16970177493899,1724967446.6015677
37.42754313794278,-122.16970182994916,1724967446.6999555
37.42754295402464,-122.16970194169387,1724967446.7993007
37.42754273954696,-122.16970197011838,1724967446.904224
37.42754255125123,-122.16970201077912,1724967447.0007129
37.427542513220494,-122.16970203181786,1724967447.1172574
37.427542510943844,-122.16970210368056,1724967447.2078912
37.4275423595068,-122.1697021505742,1724967447.314413
37.42754248306718,-122.16970213416627,1724967447.4065785
37.42754243823375,-122.16970217690854,1724967447.5123029
37.42754229413407,-122.1697023815679,1724967447.6107194
37.42754217321769,-122.16970226516301,1724967447.7106
37.427542375642055,-122.1697034452985,1724967447.8071284
37.42754225591773,-122.16970267536766,1724967447.9134052
37.42754223429684,-122.16970183384768,1724967448.0122178
37.42754240643709,-122.16970101688936,1724967448.11237
37.4275425830763,-122.16970028883198,1724967448.2177553
37.42754258410677,-122.16969827938003,1724967448.3146174
37.427542640766,-122.16969826931906,1724967448.4133222
37.42754256077697,-122.16969825049397,1724967448.5132117
37.42754236381609,-122.169698306686,1724967448.6113791
37.42754219871611,-122.16969833247099,1724967448.7145772
37.42754206905079,-122.16969839181205,1724967448.8135092
37.42754197994226,-122.16969847080071,1724967448.9175951
37.427541989812354,-122.16969857742517,1724967449.016902
37.42754209805589,-122.1696984343725,1724967449.1172428
37.42754213333824,-122.16969834771916,1724967449.2159271
37.42754212614738,-122.16969821020993,1724967449.3182619
37.42754212561247,-122.16969804205272,1724967449.4168835
37.42754216550289,-122.16969792070212,1724967449.5206027
37.42754211195191,-122.16969812261271,1724967449.6244066
37.42754206485214,-122.16969816805931,1724967449.7270894
37.42754200279816,-122.1696981926087,1724967449.8267612
37.4275419458511,-122.16969827480189,1724967449.9248915
37.427541909393476,-122.16969831825193,1724967450.0276217
37.427541898795795,-122.16969834357347,1724967450.131572
37.427541852397844,-122.16969842984446,1724967450.2321
37.427541640614656,-122.16969869815057,1724967450.3352933
37.427541525840375,-122.16969877955786,1724967450.4342678
37.427541410227896,-122.16969894087156,1724967450.5352702
37.42754122561504,-122.16969900868406,1724967450.632764
37.42754109236909,-122.16969906779144,1724967450.7368882
37.42754119835597,-122.16969891495634,1724967450.8350852
37.42754122051093,-122.169698899864,1724967450.9406996
37.42754134045955,-122.16969880254979,1724967451.0344858
37.4275413937446,-122.16969871324305,1724967451.1339808
37.42754142992424,-122.1696986680704,1724967451.237645
37.4275414851302,-122.16969867185473,1724967451.335553
37.42754161777012,-122.1696986596135,1724967451.4365652
37.42754150561537,-122.1696987050547,1724967451.5379853
37.4275413690855,-122.16969881966224,1724967451.640272
37.42754129293572,-122.16969884870737,1724967451.7422
37.42754106646341,-122.16969897143524,1724967451.8438978
37.42754085314146,-122.16969909875203,1724967451.944722
37.427540710049925,-122.16969915709495,1724967452.0479
37.427540724996184,-122.16969912260957,1724967452.1466599
37.42754065578165,-122.16969916375855,1724967452.2473397
37.42754065692492,-122.16969910363512,1724967452.3472157
37.42754061211835,-122.16969907775356,1724967452.4503384
37.42754063307676,-122.16969909222934,1724967452.5531814
37.427540660206496,-122.16969917720506,1724967452.6515002
37.427540708442,-122.16969922689566,1724967452.7560966
37.42754078092567,-122.16969922568687,1724967452.8550372
37.42754092962054,-122.1696992889767,1724967452.9565938
37.4275409519379,-122.16969927976369,1724967453.0525808
37.42754090890746,-122.16969937477994,1724967453.1518848
37.42754111033809,-122.16969961155142,1724967453.2542238
37.427541143667945,-122.16969996447554,1724967453.3543515
37.42754090972419,-122.16970048753738,1724967453.4579372
37.42754084811167,-122.1697010512092,1724967453.5580804
37.42754100838422,-122.16970151979879,1724967453.6592903
37.42754064663141,-122.16970191628594,1724967453.7612154
37.42754072893016,-122.16970218097418,1724967453.859897
37.42754078026016,-122.16970229392754,1724967453.9645216
37.427540635208395,-122.1697024115194,1724967454.0640507
37.42754034503915,-122.1697025328728,1724967454.1627896
37.42754033095087,-122.16970257647881,1724967454.2638261
37.427540009726506,-122.16970269367886,1724967454.363167
37.427539866894485,-122.16970274074191,1724967454.4637675
37.427539910165514,-122.16970289033047,1724967454.564608
37.427539905733354,-122.16970302378425,1724967454.6679869
37.42753991403139,-122.1697031785565,1724967454.7661414
37.42753997806943,-122.16970327788327,1724967454.8666139
37.42753996888827,-122.16970342244304,1724967454.9671273
37.4275399720923,-122.16970345333615,1724967455.0701065
37.42753996526127,-122.16970334993184,1724967455.1694415
37.42754007734043,-122.16970253406757,1724967455.2691083
37.42754010591354,-122.16970177777372,1724967455.3715546
37.42754023509338,-122.16970137010988,1724967455.4728248
37.427540323239754,-122.16970097752841,1724967455.573623
37.42754046084178,-122.16970070352535,1724967455.6750648
37.4275405917206,-122.16970181632293,1724967455.7734866
37.42754079205391,-122.1697027830822,1724967455.8784797
37.42754086296876,-122.16970269441399,1724967455.9821515
37.42754089220846,-122.16970256886316,1724967456.0805724
37.42754092750756,-122.16970250255481,1724967456.1951745
37.42754084527112,-122.16970181733171,1724967456.2843513
37.427540673987785,-122.16970124142566,1724967456.3881507
37.427540679284164,-122.16970132793543,1724967456.4902384
37.42754056613651,-122.16970077688963,1724967456.588111
37.427540558469396,-122.16970022649367,1724967456.687557
37.42754053776168,-122.169699627579,1724967456.7929387
37.42754058484812,-122.1696990850499,1724967456.8905995
37.42754058864977,-122.16969849399386,1724967456.9917386
37.42754078813629,-122.1696986359071,1724967457.1002321
37.42754076523785,-122.16969886053216,1724967457.1928585
37.42754076760731,-122.1696993611042,1724967457.2982993
37.42754079885577,-122.1696999663471,1724967457.3926706
37.42754080303616,-122.16970059421692,1724967457.4952767
37.427540785856415,-122.16970118043999,1724967457.600032
37.427540765971024,-122.16970161195152,1724967457.69893
37.42754072560046,-122.16970181612064,1724967457.8012044
37.42754065775754,-122.16970187476902,1724967457.9022574
37.4275405910001,-122.16970197557272,1724967457.993654
37.42754052702006,-122.16970209743471,1724967458.0926642
37.427540598376346,-122.1697022455031,1724967458.1955013
37.4275407120576,-122.1697023941043,1724967458.3013532
37.42754083201052,-122.1697025791531,1724967458.4000988
37.427540982294836,-122.1697027521336,1724967458.5026255
37.427541049873106,-122.16970286545828,1724967458.6097631
37.427541018067394,-122.16970295097948,1724967458.7081912
37.42754094525741,-122.16970300960914,1724967458.8046587
37.427540905882985,-122.16970302164457,1724967458.9066083
37.427540807511235,-122.16970315979852,1724967459.0106616
37.42754069887735,-122.16970319185315,1724967459.111831
37.4275407083483,-122.1697032589762,1724967459.209446
37.42754072049525,-122.169703294587,1724967459.3151085
37.42754068880125,-122.16970335998477,1724967459.4112008
37.427540697876076,-122.16970327248883,1724967459.5132678
37.427540723473726,-122.16970332192798,1724967459.6111624
37.42754069653196,-122.16970334995935,1724967459.716056
37.42754073253974,-122.16970336242294,1724967459.812154
37.42754072024413,-122.16970335274432,1724967459.9185123
37.42754066182811,-122.1697034974362,1724967460.0205338
37.42754069488107,-122.16970354555653,1724967460.123534
37.42754072657313,-122.16970366741864,1724967460.2170012
37.427540699791614,-122.16970377478333,1724967460.3245354
37.42754066090955,-122.1697038682441,1724967460.4198434
37.42754062641859,-122.16970383983023,1724967460.5202224
37.42754055187631,-122.16970388645652,1724967460.6197448
37.42754045603257,-122.16970386966258,1724967460.7250059
37.427540349585115,-122.16970391250574,1724967460.8225658
37.42754028892488,-122.16970404309923,1724967460.9219832
37.427540210050985,-122.16970412093917,1724967461.0239322
37.42754017473342,-122.16970419452917,1724967461.126383
37.4275400708855,-122.16970434279017,1724967461.224805
37.42753998267857,-122.16970438224172,1724967461.327075
37.42753988173994,-122.16970443024528,1724967461.426297
37.427539810570536,-122.1697044880434,1724967461.5287368
37.42753967414184,-122.16970473040503,1724967461.6282609
37.42753963818259,-122.16970500889971,1724967461.72889
37.427539575282196,-122.16970549129042,1724967461.8298995
37.42753949285882,-122.16970605339836,1724967461.9349642
37.427539419101464,-122.16970665374355,1724967462.0294037
37.4275393736747,-122.16970699850388,1724967462.1349285
37.427539306997346,-122.16970743376709,1724967462.232442
37.427539322952605,-122.16970778081456,1724967462.338815
37.42753944810821,-122.16970792952486,1724967462.4330373
37.427539565268894,-122.16970824728547,1724967462.53775
37.42753976091506,-122.16970852627634,1724967462.6390092
37.42754000264472,-122.16970831298295,1724967462.7471209
37.42753991447351,-122.16970734390537,1724967462.8452764
37.427540144331424,-122.16970682935973,1724967462.9446256
37.42753958215366,-122.16970442788588,1724967463.0507505
37.42753894768403,-122.16970217594069,1724967463.148181
37.42753829836389,-122.16970012132501,1724967463.2577806
37.42753834641424,-122.16969944003064,1724967463.3484097
37.427537577467234,-122.16969763289495,1724967463.4460852
37.42753786927683,-122.1696977003172,1724967463.5444129
37.427538007130856,-122.16969799042292,1724967463.6464345
37.427538181443346,-122.16969865278593,1724967463.7483578
37.427537873312644,-122.16969877823345,1724967463.8448029
37.42753793664674,-122.16969980621465,1724967463.9532435
37.42753790117364,-122.16970038386665,1724967464.0494149
37.42753791493969,-122.1697009277784,1724967464.1547003
37.42753773301765,-122.16970124654667,1724967464.2569418
37.42753770281815,-122.16970137379612,1724967464.3506835
37.42753783311525,-122.16970134688195,1724967464.4499562
37.42753754481128,-122.16970154989977,1724967464.5528831
37.42753734691357,-122.16970153757072,1724967464.660419
37.42753742240084,-122.16970146948873,1724967464.7693303
37.42753722867362,-122.16970145431019,1724967464.8579404
37.42753699720652,-122.1697014311518,1724967464.9588099
37.42753701134744,-122.16970145167093,1724967465.0648117
37.4275371788594,-122.16970144179608,1724967465.1614907
37.42753718557594,-122.16970146284964,1724967465.2620206
37.427536915698525,-122.16970149661515,1724967465.3629985
37.42753667715165,-122.16970117744214,1724967465.4648943
37.42753656002167,-122.16970088922285,1724967465.5625591
37.42753620876408,-122.16970061189407,1724967465.6655383
37.42753492215515,-122.16970029674216,1724967465.7642183
37.4275350588906,-122.1696996959549,1724967465.8701856
37.42753468735105,-122.16969943739237,1724967465.9680254
37.42753454369756,-122.16969912737541,1724967466.0676699
37.42753442563033,-122.16969860675165,1724967466.1700404
37.42753474074845,-122.16969832301787,1724967466.2648573
37.42753413795684,-122.16969806083517,1724967466.3671796
37.427534173777296,-122.16969787424603,1724967466.4654367
37.427533589957896,-122.16969790817168,1724967466.568148
37.427533092625154,-122.16969811566288,1724967466.6705806
37.427533010648844,-122.16969814543691,1724967466.7692244
37.42753293492141,-122.16969842089723,1724967466.8695548
37.427532162403274,-122.16969887941221,1724967466.9690645
37.427532104846975,-122.16969890275605,1724967467.0698016
37.42753243738759,-122.16969901668679,1724967467.1718574
37.42753228411599,-122.16969903974497,1724967467.2768312
37.42753265706089,-122.16969910746506,1724967467.3732672
37.42753322719287,-122.16969917139801,1724967467.476764
37.427532605212754,-122.16969945722273,1724967467.5794513
37.427532239281724,-122.16969966492604,1724967467.6764035
37.427532414884205,-122.16969987884094,1724967467.7798758
37.42753203789963,-122.16969964808101,1724967467.8813963
37.42753189836916,-122.1696990413207,1724967467.9798634
37.42753281709284,-122.16969848112228,1724967468.0826275
37.42753274916485,-122.16969809563373,1724967468.1779842
37.42753274546565,-122.16969807052702,1724967468.28865
37.42753298452854,-122.16969871044265,1724967468.3874526
37.427533213768605,-122.16969984462897,1724967468.4884975
37.42753291517372,-122.16970100156188,1724967468.5850315
37.42753274053705,-122.16970208657094,1724967468.6918423
37.42753241966927,-122.16970284051767,1724967468.7868757
37.42753179601226,-122.1697033546408,1724967468.8892617
37.42753178371927,-122.1697019232102,1724967468.9838784
37.42753192638418,-122.16970119541293,1724967469.0787337
37.42753243037268,-122.16969972342667,1724967469.1919954
37.42753311946208,-122.1696982660102,1724967469.294896
37.427533833653335,-122.16969692054784,1724967469.3917248
37.42753359143455,-122.16969720547094,1724967469.494871
37.4275336863406,-122.1696968055127,1724967469.598265
37.427533204704275,-122.1696971036972,1724967469.7011979
37.427532707527064,-122.16969739536242,1724967469.796148
37.427532502121835,-122.16969755676,1724967469.9002874
37.427532632075895,-122.16969770113617,1724967470.0038054
37.427532446593865,-122.169697727491,1724967470.1035097
37.42753267481653,-122.16969775193184,1724967470.2039654
37.427532691285435,-122.16969776525214,1724967470.3079388
37.427540730069786,-122.16969950332908,1724969529.7910447
37.42754050814756,-122.1696997268818,1724969529.8729832
37.42754032703239,-122.16969990045625,1724969530.00922
37.427540486266075,-122.16969977693753,1724969530.102132
37.42754044371725,-122.16969978751004,1724969530.210435
37.427540374690246,-122.16969983341333,1724969530.2817929
37.42754030689651,-122.16969988941828,1724969530.3797576
37.42754030787266,-122.16969993447174,1724969530.481376
37.42754039858351,-122.16969996469251,1724969530.5820897
37.42754041910369,-122.16970002882897,1724969530.6824265
37.42754039466221,-122.16970015805032,1724969530.7841535
37.42754031749784,-122.16970028553749,1724969530.885779
37.427540167653035,-122.16970043788598,1724969530.9834533
37.42754001206076,-122.1697006946858,1724969531.0848951
37.42753980924432,-122.16970094775532,1724969531.187298
37.42753958363858,-122.16970124102711,1724969531.2866948
37.42753948318545,-122.16970147009269,1724969531.3878849
37.42753937890703,-122.16970158730864,1724969531.4888492
37.42753931449411,-122.16970172790492,1724969531.5880523
37.42753941190884,-122.1697017475388,1724969531.6874278
37.42753943208702,-122.16970191617803,1724969531.7950091
37.427539515287584,-122.1697020529407,1724969531.8973517
37.42753966128346,-122.16970238257579,1724969531.9937534
37.42753965172014,-122.16970270858062,1724969532.0958629
37.427539651279744,-122.16970315360734,1724969532.2043586
37.42753974023918,-122.16970338839832,1724969532.3000448
37.42753971167702,-122.16970370406996,1724969532.39826
37.427539703358136,-122.16970392689822,1724969532.5009086
37.42753972415392,-122.16970405530084,1724969532.6065261
37.42753970399722,-122.16970408945147,1724969532.6973665
37.42753972567055,-122.16970414868484,1724969532.8030002
37.427539735557176,-122.1697041553854,1724969532.9020476
37.42753972786063,-122.16970416474058,1724969533.0011284
37.4275397113101,-122.16970421657668,1724969533.1022956
37.427539694785764,-122.1697043529186,1724969533.2062345
37.427539681378676,-122.16970450356617,1724969533.2988627
37.427539727631185,-122.16970474378218,1724969533.4016402
37.42753971536607,-122.16970494840261,1724969533.5024648
37.427539707016244,-122.16970529919743,1724969533.6047049
37.4275397564167,-122.16970566553002,1724969533.710892
37.42753977878515,-122.1697062945109,1724969533.802942
37.42753974723698,-122.1697069462299,1724969533.9016774
37.42753976621364,-122.1697076216603,1724969534.0038977
37.427539795927615,-122.169708246555,1724969534.1043508
37.427539895068996,-122.16970888019445,1724969534.2197678
37.427538723627244,-122.16970886378176,1724969534.3100185
37.42753757915842,-122.16970884110134,1724969534.4062583
37.42753760562453,-122.16970939680412,1724969534.5036528
37.42753755845499,-122.16970884176986,1724969534.6083765
37.42753624454545,-122.16970703136295,1724969534.7114928
37.42753639497464,-122.16970558926201,1724969534.813131
37.42753762944157,-122.16970539868535,1724969534.9111614
37.427537628328366,-122.16970573249496,1724969535.0117705
37.42753777777653,-122.16970713092792,1724969535.1082027
37.42753915941272,-122.16970974785538,1724969535.2130387
37.42754002923361,-122.16971020008415,1724969535.3151593
37.42753865443133,-122.16970969908387,1724969535.412379
37.427537344190675,-122.16970815184716,1724969535.5155005
37.42753590651305,-122.16970562110124,1724969535.6152115
37.42753444974909,-122.16970400456293,1724969535.7151847
37.42753330686322,-122.16970458070766,1724969535.8158977
37.42753333282932,-122.16970356090637,1724969535.9201424
37.42753339254803,-122.1697024917534,1724969536.0183992
37.42753338989952,-122.16970231615252,1724969536.1184824
37.42753334053685,-122.16970243632089,1724969536.22033
37.42753331449753,-122.16970263312366,1724969536.3220758
37.427533263552284,-122.16970295606643,1724969536.4214013
37.42753461582733,-122.16970468776407,1724969536.522275
37.42753602897501,-122.16970654814244,1724969536.6224687
37.427536031501695,-122.1697067504326,1724969536.7230122
37.42753599661621,-122.16970546673889,1724969536.8224792
37.42753747676428,-122.16970725399467,1724969536.9264631
37.42753750269108,-122.1697062094035,1724969537.026499
37.42753605424107,-122.16970453953138,1724969537.128099
37.42753594408181,-122.169702913965,1724969537.2282097
37.42753748804461,-122.1697034637533,1724969537.3323135
37.427537512477535,-122.16970221498539,1724969537.4295013
37.427537631670205,-122.16970222776563,1724969537.5336943
37.42753917503645,-122.16970277587632,1724969537.6375237
37.42753919097949,-122.16970281967869,1724969537.7405622
37.427537807355606,-122.16970238071508,1724969537.8416088
37.4275364034571,-122.1697017540015,1724969537.943776
37.427536368238144,-122.1697016673033,1724969538.043789
37.42753647005579,-122.16970157522317,1724969538.1417046
37.42753820850756,-122.16970229909917,1724969538.2459378
37.4275396482463,-122.16970288806523,1724969538.3459282
37.42754094779572,-122.16970338831003,1724969538.443133
37.427539477858105,-122.16970301047752,1724969538.5453017
37.42753925139245,-122.16970305890504,1724969538.6532342
37.42753767434684,-122.16970272333819,1724969538.7494135
37.42753609912891,-122.16970179862436,1724969538.8458052
37.427534720345136,-122.1697010167605,1724969538.9517245
37.4275360212584,-122.16970344266083,1724969539.0424984
37.42755138425173,-122.16970177214208,1724969539.1426997
37.427552739233526,-122.16970254021791,1724969539.2439194
37.427554114664595,-122.16970350576524,1724969539.3452168
37.42755577740095,-122.16970416831259,1724969539.4449143
37.42755605049941,-122.16970217944112,1724969539.5534198
37.427540998926744,-122.16970411351723,1724969539.649258
37.42754125489763,-122.1697038740102,1724969539.7509346
37.42754168420163,-122.16970415670696,1724969539.8534908
37.42754170860636,-122.16970464651429,1724969539.9517665
37.427541814749176,-122.16970478660271,1724969540.0532732
37.427541956349664,-122.16970460063108,1724969540.1571617
37.42754213510935,-122.16970450459934,1724969540.2550948
37.427542176435864,-122.16970408073982,1724969540.355676
37.427542278357286,-122.16970362601357,1724969540.4537787
37.427542172601996,-122.1697034766242,1724969540.5572207
37.42754227265191,-122.16970333964119,1724969540.6563065
37.427542103334616,-122.16970309604557,1724969540.75801
37.42754195896815,-122.16970280207515,1724969540.8580253
37.42754189298536,-122.16970247373827,1724969540.959897
37.42754192543982,-122.16970205639635,1724969541.0606894
37.427541715955414,-122.16970169424937,1724969541.1630356
37.42754180037787,-122.16970152389494,1724969541.2648594
37.427541838951676,-122.16970148117474,1724969541.3676496
37.427542131098086,-122.16970215809133,1724969541.4654176
37.42754240620785,-122.16970284972436,1724969541.5674083
37.427542574759535,-122.1697030617532,1724969541.6668565
37.42754259855634,-122.16970309818193,1724969541.7677767
37.4275426839631,-122.16970309333509,1724969541.8726082
37.427542520269355,-122.16970243892192,1724969541.9895086
37.427542363986,-122.16970186727568,1724969542.075801
37.4275422646005,-122.16970329200781,1724969542.1778314
37.42754226172944,-122.1697032681263,1724969542.2800384
37.4275425309763,-122.16970500963106,1724969542.3811643
37.427542490848914,-122.16970478987369,1724969542.4849741
37.42754265803092,-122.16970499122404,1724969542.5821145
37.42754274872008,-122.1697052498112,1724969542.682558
37.42754296793881,-122.16970502654092,1724969542.7822762
37.427542772092046,-122.16970328310602,1724969542.8852856
37.42754308602129,-122.16970553171389,1724969542.9848232
37.42754331672136,-122.1697073281745,1724969543.0855465
37.42754356643015,-122.16970545162062,1724969543.1882064
37.42754357478518,-122.16970793230314,1724969543.2892673
37.42754369106624,-122.16971015093353,1724969543.3872297
37.42754352833915,-122.16971038602189,1724969543.4903116
37.427543386332864,-122.16971059159106,1724969543.580514
37.42754338981921,-122.16971010816042,1724969543.6854734
37.427543485418916,-122.16970734752776,1724969543.79366
37.42754351196406,-122.16970453627525,1724969543.8807416
37.42754352855892,-122.16970168961261,1724969543.9894297
37.42754348392593,-122.16969878546396,1724969544.10163
37.427543481792775,-122.16969864022136,1724969544.1853325
37.42754349959292,-122.16969849312389,1724969544.2847524
37.42754368223202,-122.16969838849018,1724969544.3832443
37.42754389834704,-122.16969828546836,1724969544.485803
37.42754405978649,-122.16969827547742,1724969544.6013699
37.427543902281236,-122.16969844232794,1724969544.700157
37.42754390216159,-122.16969886554476,1724969544.8037813
37.42754373593382,-122.16969922043258,1724969544.8985038
37.42754359054545,-122.16969955945038,1724969545.0029309
37.42754347697331,-122.16969996808531,1724969545.1014042
37.42754363375785,-122.16970024291253,1724969545.2025034
37.42754364484294,-122.16970027232048,1724969545.3072443
37.42754361756326,-122.16970061993997,1724969545.4065623
37.427543752950946,-122.16970074792063,1724969545.5088162
37.427543946044445,-122.16970075710455,1724969545.6138039
37.42754394505112,-122.16970071653269,1724969545.712137
37.427544048216355,-122.16970066442359,1724969545.8122115
37.42754410116519,-122.16970050660439,1724969545.911486
37.427544015728365,-122.16970052129685,1724969546.0128458
37.42754386497187,-122.16970060640969,1724969546.1141214
37.42754385405476,-122.16970066791525,1724969546.2173574
37.42754369439143,-122.16970072934538,1724969546.3239284
37.427543732164814,-122.16970063661593,1724969546.4179516
37.427543871929224,-122.16970076878428,1724969546.5166264
37.427543795589564,-122.16970061527158,1724969546.620984
37.427543648734826,-122.16970051971836,1724969546.719045
37.42754355980267,-122.16970047706361,1724969546.8249657
37.427543390756256,-122.1697004350905,1724969546.927483
37.427543156026495,-122.1697002077882,1724969547.0291097
37.42754312493892,-122.16970022570929,1724969547.1347063
37.42754318769494,-122.1697002392323,1724969547.2282019
37.42754315481126,-122.16970027410517,1724969547.328398
37.42754309070663,-122.16970040954216,1724969547.4248338
37.42754301259662,-122.16970065444947,1724969547.531842
37.42753707968628,-122.16970105766006,1724969547.629902
37.427531098298196,-122.1697015384018,1724969547.730801
37.427525211935624,-122.16970206170197,1724969547.8300931
37.427525321415686,-122.16970145800913,1724969547.9294934
37.427525422218125,-122.16970079801317,1724969548.0284925
37.42753148535426,-122.16969995403434,1724969548.1308746
37.42753753689799,-122.1696989899567,1724969548.2303476
37.42754355934809,-122.16969794464177,1724969548.3323267
37.42754355898526,-122.16969797013556,1724969548.4332635
37.42754350422376,-122.16969812457623,1724969548.5322957
37.42754338586438,-122.16969816178613,1724969548.633773
37.42754320330068,-122.16969829766745,1724969548.7362926
37.427543043734026,-122.16969850032098,1724969548.8372397
37.42754302187918,-122.16969865403193,1724969548.9376016
37.427543000381135,-122.16969874939646,1724969549.039615
37.42754306528061,-122.16969906679395,1724969549.139638
37.427543217104976,-122.16969944802959,1724969549.2409978
37.42754337215592,-122.16969992824909,1724969549.3414352
37.42754335700858,-122.16970053737924,1724969549.4454024
37.42754348938213,-122.16970130576782,1724969549.5465136
37.4275434405131,-122.16970179548937,1724969549.6453125
37.42754341421235,-122.16970213548107,1724969549.7518
37.42754326084452,-122.16970204224224,1724969549.8483274
37.42754316780028,-122.16970209725243,1724969549.9498773
37.42754295402463,-122.16970206312475,1724969550.0529199
37.42754273954696,-122.16970209154924,1724969550.1526585
37.42754255125123,-122.16970213220999,1724969550.2458622
37.42754251322049,-122.16970215324874,1724969550.3523335
37.42754251094384,-122.16970222511144,1724969550.4521475
37.4275423595068,-122.1697021505742,1724969550.557823
37.427542483067185,-122.1697021743458,1724969550.6538875
37.42754243823376,-122.16970221708807,1724969550.7578773
37.42754229413407,-122.16970242174743,1724969550.8612168
37.4275421732177,-122.16970230534254,1724969550.9561317
37.427542375642055,-122.16970348547802,1724969551.0585253
37.42754225591773,-122.16970267536766,1724969551.2594786
37.42754223429684,-122.16970183384768,1724969551.315617
37.42754240643709,-122.16970101688936,1724969551.3719308
37.4275425830763,-122.16970028883198,1724969551.4613519
37.42754258410677,-122.16969827938003,1724969551.5581422
37.427542640766,-122.16969826931906,1724969551.6571305
37.42754256077697,-122.16969825049397,1724969551.765537
37.42754238917206,-122.16969836839182,1724969551.859452
37.42754222407209,-122.1696983941768,1724969551.9638357
37.42754209440677,-122.16969845351787,1724969552.0632508
37.42754200529825,-122.16969887546112,1724969552.16792
37.42754201516833,-122.16969898208558,1724969552.2637289
37.427542098055895,-122.1696987773271,1724969552.3650455
37.42754217457773,-122.16969869067374,1724969552.4621713
37.42754220481183,-122.16969855316452,1724969552.5678785
37.42754220427692,-122.16969804205272,1724969552.6685827
37.42754224416735,-122.16969792070212,1724969552.7660558
37.42754219061635,-122.16969812261271,1724969552.8728414
37.427542102277094,-122.16969816805931,1724969552.9739296
37.42754200279817,-122.169698273569,1724969553.076748
37.4275419458511,-122.16969835576218,1724969553.1729255
37.427541909393476,-122.16969839921222,1724969553.2814531
37.42754194605539,-122.16969842453376,1724969553.3782663
37.42754193649293,-122.16969851080474,1724969553.4778535
37.42754172470973,-122.16969869815057,1724969553.5832074
37.42754160993546,-122.16969877955786,1724969553.6838481
37.427541494322966,-122.16969894087156,1724969553.7813866
37.42754126245052,-122.16969906769029,1724969553.8785536
37.4275410923691,-122.16969912679768,1724969553.9831324
37.427541198355975,-122.16969897396257,1724969554.083022
37.42754122051092,-122.16969895887023,1724969554.1917915
37.42754134045954,-122.16969887318027,1724969554.283848
37.4275413937446,-122.1696987553235,1724969554.3843954
37.42754142992424,-122.16969880204944,1724969554.48385
37.427541485130206,-122.16969880583378,1724969554.5834746
37.42754161777014,-122.16969879359253,1724969554.6862764
37.42754150561537,-122.16969882740949,1724969554.7927713
37.427541369085496,-122.16969891156083,1724969554.9051938
37.42754129293572,-122.16969884870737,1724969554.9902623
37.42754111047536,-122.16969917740062,1724969555.088625
37.427540897153406,-122.16969930471741,1724969555.1946914
37.427540724263444,-122.16969936306033,1724969555.2959583
37.4275407392097,-122.16969932857495,1724969555.3951156
37.427540687664475,-122.16969936972393,1724969555.4950855
37.42754064479579,-122.16969910363512,1724969555.593757
37.427540599989214,-122.16969907775356,1724969555.6952066
37.42754065074607,-122.16969909222934,1724969555.7972338
37.42754067787581,-122.16969917720506,1724969555.8988461
37.42754070844201,-122.16969924120158,1724969555.9957652
37.427540780925675,-122.1696992399928,1724969556.0990577
37.42754092962055,-122.16969930328263,1724969556.2117667
37.42754097257838,-122.16969929406962,1724969556.299572
37.42754092954793,-122.16969938908586,1724969556.4002478
37.42754104273512,-122.16969961155142,1724969556.501525
37.42754105354161,-122.16969996447554,1724969556.6018212
37.42754081959786,-122.16970048753738,1724969556.7042086
37.42754073734486,-122.1697010512092,1724969556.8108423
37.427540897617405,-122.16970151979879,1724969556.9082797
37.427540616323434,-122.16970191628594,1724969557.0101643
37.42754072114554,-122.16970218097418,1724969557.114246
37.427540772475524,-122.16970229392754,1724969557.21002
37.42754062742377,-122.1697024115194,1724969557.30811
37.42754033725453,-122.1697025328728,1724969557.4073613
37.42754033095087,-122.16970257647881,1724969557.5073469
37.427540009726506,-122.16970269367886,1724969557.6085308
37.427539866894485,-122.16970274074191,1724969557.7068493
37.427539910165514,-122.16970289033047,1724969557.8098168
37.427539905733354,-122.16970302378425,1724969557.9111354
37.42753991403139,-122.1697031785565,1724969558.016724
37.42753997806943,-122.16970327788327,1724969558.1116576
37.42753996888826,-122.16970347926686,1724969558.2145886
37.42753997209229,-122.16970351015998,1724969558.3136146
37.42753996526127,-122.16970340675566,1724969558.4158945
37.42754007734043,-122.16970259089139,1724969558.5145879
37.42754010591356,-122.16970183459755,1724969558.614487
37.427540291768494,-122.16970211229687,1724969558.7169082
37.42754037991484,-122.16970171971539,1724969558.8183992
37.42754060148973,-122.16970144571233,1724969558.9213154
37.427540732368556,-122.16970255850991,1724969559.0211484
37.42754093270185,-122.1697035252692,1724969559.1217604
37.427540946941605,-122.169702694414,1724969559.2253325
37.4275409761813,-122.16970256886317,1724969559.3250086
37.42754092750756,-122.16970250255481,1724969559.4244866
37.42754084527112,-122.16970181733171,1724969559.5318565
37.427540673987785,-122.16970124142566,1724969559.6327572
37.427540679284164,-122.16970132793543,1724969559.7329965
37.42754056613651,-122.16970077688963,1724969559.8309612
37.427540558469396,-122.16970022649367,1724969559.9382465
37.42754053776168,-122.169699627579,1724969560.0390227
37.42754058484812,-122.1696990850499,1724969560.1371677
37.42754058864977,-122.16969849399386,1724969560.2373905
37.42754081821356,-122.1696986359071,1724969560.3420541
37.42754079531512,-122.16969886053216,1724969560.4396417
37.427540797684586,-122.1696993611042,1724969560.5410662
37.42754082893304,-122.1696999663471,1724969560.6391554
37.427540833113426,-122.16970059421692,1724969560.745113
37.427540785856415,-122.16970118043999,1724969560.8430912
37.427540765971024,-122.16970161195152,1724969560.9525561
37.427540789440876,-122.16970181612064,1724969561.044995
37.427540770356565,-122.16970187476902,1724969561.1474454
37.427540703599114,-122.16970197557272,1724969561.2401738
37.42754063961905,-122.16970209743471,1724969561.3476303
37.42754071097535,-122.1697022455031,1724969561.4524312
37.42754076081621,-122.1697023941043,1724969561.5586941
37.42754084390528,-122.1697025791531,1724969561.6506765
37.42754099418959,-122.1697027521336,1724969561.7581372
37.427541072485184,-122.16970286545828,1724969561.8578053
37.42754105248444,-122.16970295097948,1724969561.9504712
37.42754097967447,-122.16970300960914,1724969562.0535688
37.42754092840527,-122.16970302164457,1724969562.1549633
37.427540830033536,-122.16970315979852,1724969562.2546058
37.42754071068233,-122.16970319185315,1724969562.3580995
37.4275407083483,-122.1697032589762,1724969562.458108
37.42754072049525,-122.169703294587,1724969562.5590093
37.42754068880125,-122.16970335998477,1724969562.65962
37.427540697876076,-122.16970327248883,1724969562.7697563
37.427540723473726,-122.16970332192798,1724969562.86219
37.42754069653196,-122.16970334995935,1724969562.9676104
37.42754073253974,-122.16970336242294,1724969563.0638692
37.42754073785373,-122.16970335274432,1724969563.1642551
37.42754069778371,-122.16970332585265,1724969563.2632031
37.427540730836654,-122.16970337397298,1724969563.3666756
37.427540762528714,-122.1697034958351,1724969563.465257
37.4275407357472,-122.16970360319976,1724969563.56806
37.42754067925555,-122.16970369666055,1724969563.6656907
37.42754062641859,-122.16970383983023,1724969563.7700994
37.42754055187631,-122.16970388645652,1724969563.86672
37.42754045603257,-122.16970386966258,1724969563.971417
37.427540349585115,-122.16970391250574,1724969564.0705523
37.42754028892488,-122.16970404309923,1724969564.168377
37.427540210050985,-122.16970412093917,1724969564.276001
37.42754017473342,-122.16970419452917,1724969564.3781524
37.4275400708855,-122.16970434279017,1724969564.4773679
37.42753998267857,-122.16970438224172,1724969564.5751767
37.42753988173994,-122.16970443024528,1724969564.672796
37.427539810570536,-122.1697044880434,1724969564.776736
37.42753967414184,-122.16970473040503,1724969564.8778017
37.42753963818259,-122.16970500889971,1724969564.9780943
37.427539575282196,-122.16970549129042,1724969565.0826082
37.42753949285882,-122.16970605339836,1724969565.1805556
37.427539419101464,-122.16970665374355,1724969565.2788107
37.4275393736747,-122.16970699850388,1724969565.3831813
37.427539306997346,-122.16970743376709,1724969565.4859185
37.427539322952605,-122.16970778081456,1724969565.5874422
37.42753944810821,-122.16970792952486,1724969565.684086
37.42753956526889,-122.16970816981672,1724969565.782979
37.42753976091507,-122.16970844880758,1724969565.8855867
37.427540002644726,-122.1697082355142,1724969565.9854605
37.427539914473506,-122.16970768459217,1724969566.08464
37.42754014433141,-122.16970717004651,1724969566.1857266
37.42753958215365,-122.16970484604141,1724969566.2877629
37.42753894768402,-122.16970259409621,1724969566.3896012
37.42753829836389,-122.16970109400735,1724969566.4886646
37.42753834641423,-122.16969999455745,1724969566.5911603
37.427537577467255,-122.16969878693116,1724969566.691047
37.42753786927684,-122.16969885435341,1724969566.794478
37.427538007130856,-122.16969931522422,1724969566.8913698
37.42753818144337,-122.16969942306042,1724969566.997634
37.42753787331266,-122.16969978317593,1724969567.0955174
37.427537936646736,-122.16970021164772,1724969567.1989052
37.427537901173636,-122.16970078929972,1724969567.29833
37.42753791493968,-122.16970116244639,1724969567.39877
37.42753773301765,-122.16970151337866,1724969567.4973302
37.42753770281814,-122.1697014059601,1724969567.5982382
37.427537833115245,-122.16970137904593,1724969567.697031
37.42753754481129,-122.16970158206375,1724969567.804274
37.42753734691357,-122.16970156973471,1724969567.899671
37.42753742240083,-122.16970147784582,1724969568.0042179
37.42753722867362,-122.16970146266728,1724969568.102799
37.42753699720653,-122.16970143950888,1724969568.202466
37.42753701134744,-122.16970124638087,1724969568.3015897
37.4275371788594,-122.16970123650601,1724969568.408351
37.427537185575936,-122.16970124920248,1724969568.5057266
37.42753691569853,-122.16970132419547,1724969568.6045604
37.42753667715164,-122.16970103112935,1724969568.7074077
37.427536560021665,-122.16970095655724,1724969568.8060412
37.427536208764074,-122.16970067922844,1724969568.9072556
37.42753492215515,-122.16970036407655,1724969569.0096226
37.42753505889059,-122.16969972206178,1724969569.1110055
37.42753468735105,-122.16969943739237,1724969569.2121282
37.42753454369756,-122.1696991782457,1724969569.310184
37.42753442563031,-122.16969865762194,1724969569.4114935
37.427534706002284,-122.16969820860496,1724969569.5154238
37.42753410321068,-122.16969794642226,1724969569.6150675
37.42753413903115,-122.16969775983311,1724969569.7144375
37.42753355521175,-122.1696977428885,1724969569.8134365
37.42753295574834,-122.16969799617512,1724969569.913469
37.42753290851819,-122.16969819123233,1724969570.0175867
37.42753283279076,-122.16969846669265,1724969570.117453
37.42753206027263,-122.16969892520761,1724969570.218514
37.42753192581405,-122.1696990461901,1724969570.3188357
37.42753236048531,-122.16969911432544,1724969570.4212737
37.427532207213716,-122.16969913738362,1724969570.5219731
37.42753258015861,-122.16969920510371,1724969570.6223683
37.427533150290586,-122.16969926903666,1724969570.722844
37.427532605212754,-122.16969922482606,1724969570.8231452
37.42753223928171,-122.16969943252937,1724969570.9246767
37.42753241488421,-122.16969979065922,1724969571.0247982
37.42753203789964,-122.16969955989929,1724969571.1281774
37.42753189836915,-122.16969895313898,1724969571.232294
37.42753281709284,-122.16969862533723,1724969571.3369265
37.42753274916484,-122.16969823984869,1724969571.4328768
37.42753274546565,-122.16969807052702,1724969571.5340316
37.42753271496133,-122.16969871044266,1724969571.6458535
37.42753294420139,-122.16969984462897,1724969571.7362776
37.42753264560651,-122.16970100156188,1724969571.831383
37.42753247096983,-122.16970208657094,1724969571.934213
37.42753215010206,-122.16970284051766,1724969572.034999
37.42753179601226,-122.1697033546408,1724969572.135798
37.42753178371927,-122.16970198310075,1724969572.2352247
37.42753192638416,-122.16970125530348,1724969572.3291545
37.42753243037267,-122.16969978331723,1724969572.4507701
37.42753311946208,-122.16969832590077,1724969572.5510116
37.42753383365334,-122.16969703691998,1724969572.6408153
37.42753359143455,-122.16969726195254,1724969572.7460675
37.42753368634061,-122.16969697349468,1724969572.8458996
37.42753320470427,-122.16969727167917,1724969572.9522512
37.42753270752706,-122.1696975633444,1724969573.0488217
37.42753250212185,-122.16969766826038,1724969573.150871
37.427532632075895,-122.16969807898796,1724969573.2500255
37.42753244659387,-122.1696979938424,1724969573.352496
37.42753267481654,-122.16969801828324,1724969573.453792
37.42753269128545,-122.16969803160356,1724969573.5546699
37.42753254410893,-122.16969807061659,1724969573.6536353
37.42753252335651,-122.16969779125465,1724969573.7561688
37.42753258293728,-122.16969848012852,1724969573.8532019
37.427532535548806,-122.16969846333244,1724969573.959706
37.42753269266095,-122.16969865049613,1724969574.0631943
37.42753275859391,-122.1696989004069,1724969574.161997
37.427532712225606,-122.16969895124053,1724969574.2657156
37.42753275940742,-122.16969836512745,1724969574.36514
37.42753291532451,-122.16969842756136,1724969574.4619818
37.42753277425337,-122.16969829840683,1724969574.5686965
37.42753269180467,-122.16969833981601,1724969574.6680636
37.42753264969538,-122.16969835042421,1724969574.7689714
37.427532449589535,-122.16969840559021,1724969574.8661616
37.427532297536615,-122.16969875515866,1724969574.97026
37.42753232377979,-122.1696990365554,1724969575.0641708
37.4275323000182,-122.16969910677886,1724969575.1676269
37.42753232670778,-122.16969920769907,1724969575.2675827
37.42753237378584,-122.16969932329503,1724969575.369678
37.42753238508748,-122.16969935845424,1724969575.469447
37.42753242806379,-122.16969920370988,1724969575.5696988
37.42753248671503,-122.16969901527168,1724969575.6681602
37.42753304713137,-122.16969874497605,1724969575.7752035
37.427533630824044,-122.16969837502799,1724969575.8754766
37.427534183557384,-122.16969782399906,1724969575.9715793
37.4275347769066,-122.1696980522316,1724969576.0732398
37.42753525216259,-122.16969777500961,1724969576.1779191
37.42753513687597,-122.1696977859595,1724969576.2752137
37.427534997746584,-122.16969814139381,1724969576.381427
37.42753487759925,-122.16969815716658,1724969576.468181
37.42753468195671,-122.16969768433518,1724969576.565397
37.427534589798405,-122.16969772357112,1724969576.666955
37.42753453016413,-122.16969770092803,1724969576.7696433
37.42753447353242,-122.16969740436944,1724969576.8708227
37.42753438579723,-122.16969767621849,1724969576.9714158
37.42753432943124,-122.16969812548962,1724969577.0829906
37.42753427214046,-122.16969885368188,1724969577.194161
37.427533984213945,-122.16970002979154,1724969577.2893023
37.42753354365727,-122.16970152779933,1724969577.3856907
37.42753306516886,-122.16970305872036,1724969577.4917912
37.42753265459081,-122.16970442255383,1724969577.5975382
37.42753210376868,-122.16970553628325,1724969577.6896565
37.42753221559193,-122.1697062819264,1724969577.7872531
37.42753244443691,-122.1697067125339,1724969577.8848624
37.42753317035763,-122.16970496254841,1724969577.9902625
37.42753387133241,-122.16970309245812,1724969578.0912917
37.42753460518569,-122.16970148079714,1724969578.194539
37.42753464098446,-122.16970043596544,1724969578.2947795
37.42753492622103,-122.16969852746129,1724969578.400809
37.42753476073651,-122.16969859807104,1724969578.5025065
37.4275343702031,-122.16969972749497,1724969578.5931904
37.427533990217505,-122.1697004896625,1724969578.691691
37.427533799307646,-122.16970070122893,1724969578.7995987
37.42753337118814,-122.1697016820289,1724969578.8982744
37.4275329468372,-122.16970264359945,1724969579.0011866
37.42753280919155,-122.1697025678857,1724969579.101511
37.4275327265536,-122.1697025036021,1724969579.2025666
37.4275326311034,-122.16970242953828,1724969579.3033988
37.427532613384685,-122.16970238738436,1724969579.404744
37.42753254190937,-122.16970227525191,1724969579.5037422
37.42753240984195,-122.16970238606864,1724969579.606556
37.42753231265622,-122.16970233995752,1724969579.7029953
37.427532289437266,-122.16970241624604,1724969579.8062763
37.427532232947755,-122.1697024127638,1724969579.9062274
37.42753227563728,-122.16970243921149,1724969580.0084052
37.42753225390595,-122.16970227585534,1724969580.1079886
37.427532196555866,-122.16970230092382,1724969580.209926
37.42753211336089,-122.1697021866903,1724969580.3146675
37.427531988435774,-122.1697021799092,1724969580.4155297
37.4275318223341,-122.16970218358658,1724969580.5164363
37.42753161871575,-122.1697022335082,1724969580.613584
37.42753160334348,-122.16970230787338,1724969580.7140496
37.427531539588145,-122.16970239803636,1724969580.815371
37.427531519255936,-122.16970246492096,1724969580.918348
37.42753136194531,-122.1697025206341,1724969581.0142891
37.42753134618831,-122.16970251569008,1724969581.119463
37.427531144003886,-122.16970252059255,1724969581.2156308
37.42753104898589,-122.16970247303587,1724969581.3224673
37.42753094041731,-122.16970251378908,1724969581.4188902
37.42753096154029,-122.1697025138806,1724969581.518737
37.42753087552945,-122.16970257315053,1724969581.6193979
37.42753081873897,-122.16970258232953,1724969581.7263212
37.42753076719977,-122.16970266558891,1724969581.8210313
37.42753066510026,-122.16970263393222,1724969581.922671
37.42753059472139,-122.16970267927104,1724969582.0231183
37.42753057944065,-122.16970263662373,1724969582.124022
37.42753052971988,-122.16970264885053,1724969582.2269409
37.42753046970454,-122.16970259945894,1724969582.3242803
37.427530471646506,-122.16970263816779,1724969582.424147
37.427530405609566,-122.16970257181256,1724969582.5282562
37.42753037903363,-122.16970268686899,1724969582.6339993
37.4275303974924,-122.16970275298448,1724969582.732708
37.42753040684821,-122.1697027631697,1724969582.8291671
37.42753038869341,-122.16970278603999,1724969582.9351332
37.42753038381506,-122.16970289765653,1724969583.0364478
37.42753038858942,-122.16970281390293,1724969583.1379309
37.42753030779204,-122.1697028703817,1724969583.2391346
37.42753034691899,-122.16970327183537,1724969583.3393881
37.42753032172477,-122.16970377471634,1724969583.434364
37.427530296503264,-122.16970427664897,1724969583.5394049
37.4275303290812,-122.16970499775981,1724969583.634163
37.42753049581956,-122.16970589427243,1724969583.735269
37.42753046784641,-122.16970668467975,1724969583.832528
37.42753056422137,-122.16970743307778,1724969583.9428318
37.42753072214096,-122.16970822699062,1724969584.0382662
37.427530728752615,-122.16970884064216,1724969584.1405852
37.42753054296144,-122.16970910431557,1724969584.238378
37.427530410599054,-122.16970921979637,1724969584.3428361
37.42753057845318,-122.16970658594545,1724969584.4357057
37.427530888490686,-122.16970526335489,1724969584.5357382
37.42753114903511,-122.16970400627918,1724969584.6460822
37.427531520550644,-122.16970281252502,1724969584.7447314
37.42753188968271,-122.1697017541568,1724969584.8472216
37.427531983653,-122.16970332580095,1724969584.9470408
37.42753183847622,-122.16970352734222,1724969585.0460458
37.42753182925747,-122.16970367942704,1724969585.1449971
37.427531801103456,-122.16970383746212,1724969585.2568138
37.427531784064215,-122.1697038092517,1724969585.3487864
37.42753181889351,-122.16970378705098,1724969585.4566994
37.427531875844245,-122.16970374784205,1724969585.552909
37.42753198217611,-122.16970372378594,1724969585.6603434
37.42753206212346,-122.16970368377909,1724969585.758513
37.427532217373965,-122.16970374307037,1724969585.853948
37.427532291383486,-122.16970371389583,1724969585.9570951
37.42753236988746,-122.16970360946989,1724969586.0632956
37.42753247107743,-122.16970357168773,1724969586.1606226
37.42753259806289,-122.16970353441945,1724969586.2630444
37.42753272398907,-122.16970338372025,1724969586.3627052
37.42753280755247,-122.16970328746292,1724969586.4650865
37.427532964572436,-122.1697033398917,1724969586.5604055
37.42753301832623,-122.16970330419942,1724969586.6644702
37.42753311728379,-122.16970323277984,1724969586.7657661
37.42753314624486,-122.16970321592072,1724969586.8638322
37.42753317568004,-122.16970326554842,1724969586.9684308
37.427533178877404,-122.16970321859836,1724969587.0648062
37.42753307302329,-122.16970322332008,1724969587.1768665
37.42753298911081,-122.16970321778594,1724969587.2684333
37.4275329158987,-122.16970327610125,1724969587.370992
37.42753281571539,-122.1697033172024,1724969587.471628
37.42753272617872,-122.16970335194503,1724969587.5746338
37.42753275942457,-122.1697033650312,1724969587.6745229
37.42753273406817,-122.16970343932027,1724969587.7763634
37.42753264613964,-122.16970345199537,1724969587.8749962
37.42753265365425,-122.16970340774202,1724969587.9750385
37.427532583400826,-122.16970349274071,1724969588.0747457
37.4275325508353,-122.1697036487397,1724969588.1782415
37.42753252244521,-122.16970380973862,1724969588.2759302
37.42753253311742,-122.16970408022009,1724969588.3785872
37.427532497498454,-122.16970437419464,1724969588.4772694
37.42753246427235,-122.16970462608086,1724969588.582589
37.42753242332457,-122.169704780245,1724969588.6798801
37.42753242004491,-122.16970498169118,1724969588.7869253
37.42753239579677,-122.16970504525233,1724969588.883323
37.42753233892272,-122.16970514326115,1724969588.9844823
37.42753235493041,-122.1697051260353,1724969589.0811908
37.42753228596741,-122.16970524428203,1724969589.1852322
37.42753220784194,-122.16970533576746,1724969589.2848427
37.427532186483106,-122.16970539960653,1724969589.3835151
37.4275322252496,-122.1697054212545,1724969589.4871542
37.42753212494813,-122.16970560513853,1724969589.5850222
37.42753208015079,-122.16970562755596,1724969589.6853685
37.42753205686482,-122.16970558968927,1724969589.7863343
37.42753177440652,-122.16970556599456,1724969589.8864546
37.427531546961276,-122.16970563275994,1724969589.9909678
37.42753133549816,-122.16970555038493,1724969590.0938294
37.427531366548344,-122.16970565376116,1724969590.2019043
37.42753122991836,-122.16970570724784,1724969590.2998805
37.42753134642213,-122.16970580396372,1724969590.4029784
37.42753148573368,-122.16970603574725,1724969590.498173
37.42753175592042,-122.1697062301327,1724969590.6037483
37.42753175892982,-122.16970654710104,1724969590.7005455
37.42753187244972,-122.1697071903355,1724969590.7979927
37.42753194838654,-122.16970816100685,1724969590.8955133
37.42753211797272,-122.16970917388387,1724969590.9957778
37.427526883480944,-122.1697081345709,1724969591.0970552
37.427521626758754,-122.16970693236883,1724969591.1965115
37.427520281510894,-122.1697053429804,1724969591.2985826
37.42752014671764,-122.16970475878242,1724969591.3998344
37.427519910611565,-122.16970400140809,1724969591.5013566
37.42752491449521,-122.1697034575548,1724969591.601377
37.42753008146767,-122.16970479655403,1724969591.7031424
37.42753137476707,-122.16970633935432,1724969591.8025057
37.42753148376378,-122.16970658397861,1724969591.904043
37.427531512637394,-122.16970679171752,1724969592.007161
37.42753167464244,-122.16970728936714,1724969592.106818
37.42753076527845,-122.16970697029707,1724969592.2126334
37.427531149065345,-122.1697055669916,1724969592.3076098
37.427530218210414,-122.16970518284695,1724969592.4110935
37.42753064501027,-122.16970536053633,1724969592.511702
37.42753099540055,-122.16970724403045,1724969592.6068892
37.42753041990475,-122.16970708869992,1724969592.712804
37.42753046433259,-122.1697070216294,1724969592.8091342
37.42753133231776,-122.16970555266812,1724969592.9138002
37.427530799565275,-122.16970299892257,1724969593.0104132
37.42753034006416,-122.16970059166245,1724969593.1111343
37.42753222633458,-122.16969974499594,1724969593.2120025
37.42753224235492,-122.16969987073234,1724969593.3123844
37.42753283339011,-122.16970025720171,1724969593.413545
37.427533374149206,-122.16970124738998,1724969593.5177987
37.42753398081142,-122.1697017158423,1724969593.6386194
37.42753413098532,-122.16970126247331,1724969593.7364912
37.42753423949955,-122.16970061175061,1724969593.840529
37.427534330908145,-122.16969989087234,1724969593.9250007
37.42753451184609,-122.1696991591142,1724969594.0311143
37.427534682628036,-122.16969900296132,1724969594.1284351
37.42753489224199,-122.16969908324427,1724969594.2363663
37.42753502556569,-122.16969932652094,1724969594.330639
37.427535083880294,-122.16969982058409,1724969594.4284782
37.427535093740076,-122.16970007747602,1724969594.5280888
37.427535213305895,-122.16970003986384,1724969594.632537
37.427535269092296,-122.1697000221725,1724969594.7304802
37.42753535920038,-122.16969979790814,1724969594.8299408
37.42753548071438,-122.16969948770303,1724969594.9284341
37.42753569692371,-122.16969913668161,1724969595.03302
37.42753573801155,-122.16969889341638,1724969595.1306984
37.42753576232006,-122.16969891677141,1724969595.2302065
37.42753572125758,-122.16969913888408,1724969595.3325543
37.42753567722264,-122.16969916982191,1724969595.432266
37.427535535710035,-122.16969936364518,1724969595.5326185
37.42753540209741,-122.16969941759297,1724969595.6392078
37.427535280219274,-122.16969920166711,1724969595.7349591
37.42753524736441,-122.16969895743135,1724969595.8325129
37.42753524947028,-122.16969891232364,1724969595.935431
37.42753524174689,-122.1696988564333,1724969596.0379002
37.42753526412245,-122.1696988685878,1724969596.1407316
37.4275353071746,-122.16969888673987,1724969596.2398984
37.427535290610955,-122.16969908163183,1724969596.3460875
37.427535288175534,-122.16969939183561,1724969596.445787
37.427535306686096,-122.16969994682394,1724969596.5451975
37.427535414268654,-122.16970073767088,1724969596.643325
37.42753552636475,-122.1697018049292,1724969596.750195
37.42753570663136,-122.1697031924737,1724969596.8510091
37.427535879640494,-122.16970470642656,1724969596.9475138
37.42753609579821,-122.16970620567616,1724969597.049215
37.4275359330386,-122.16970767344009,1724969597.1507788
37.427529906262436,-122.16970695233202,1724969597.2476542
37.427523869240396,-122.16970593198639,1724969597.346784
37.42751781681691,-122.16970466321027,1724969597.4446115
37.42751802568422,-122.16970266805002,1724969597.5480623
37.42751829015122,-122.16970042640385,1724969597.6474445
37.42752443583161,-122.16970007634448,1724969597.7507923
37.427530648375416,-122.16969957206017,1724969597.8490512
37.42753677092411,-122.16969908759641,1724969597.951694
37.427536561818634,-122.16969903717381,1724969598.0548902
37.42753656553973,-122.16969892606387,1724969598.1562357
37.42753662849638,-122.1696988691292,1724969598.2523193
37.42753653914683,-122.16969871445582,1724969598.3525393
37.42753656448691,-122.16969848125278,1724969598.453237
37.42753663412056,-122.16969833465662,1724969598.5601058
37.4275366446061,-122.16969814177668,1724969598.661958
37.427536622044684,-122.16969790554474,1724969598.766819
37.42753667214527,-122.1696977729454,1724969598.8671284
37.42753666456495,-122.169697748695,1724969598.9688735
37.4275366615637,-122.16969761880954,1724969599.0653837
37.42753667915804,-122.16969762193203,1724969599.169263
37.4275365982801,-122.16969762212962,1724969599.2745442
37.4275364964371,-122.16969762309395,1724969599.3727849
37.427536461869025,-122.16969762397129,1724969599.4693232
37.42753639152345,-122.16969729617142,1724969599.575176
37.42753626922277,-122.16969732142965,1724969599.679947
37.427536228260394,-122.16969732376587,1724969599.7778332
37.42753627176795,-122.1696973148998,1724969599.8766913
37.42753621398459,-122.16969723956498,1724969599.9835684
37.42753618248499,-122.16969721004132,1724969600.084698
37.42753623479884,-122.1696972123141,1724969600.1793203
37.427536233305844,-122.16969720613686,1724969600.2807245
37.427536178981065,-122.16969719476918,1724969600.3821099
37.427536213920135,-122.16969718861051,1724969600.485429
37.42753624580168,-122.16969753707862,1724969600.584579
37.42753624916961,-122.16969752382228,1724969600.6869087
37.42753625997782,-122.16969753845521,1724969600.7904968
37.427536298918966,-122.16969761709032,1724969600.8880236
37.42753626512767,-122.16969761650485,1724969600.9876769
37.427536202355554,-122.16969764289429,1724969601.088132
37.42753620736535,-122.169697633168,1724969601.1867056
37.42753621686317,-122.16969761211607,1724969601.288223
37.42753625391862,-122.16969752889378,1724969601.39006
37.42753628646717,-122.16969753472812,1724969601.4896863
37.42753631551288,-122.16969753732414,1724969601.5850105
37.42753634236851,-122.16969756715837,1724969601.6912708
37.427536364648496,-122.16969756821833,1724969601.7891676
37.427536319910885,-122.16969758119399,1724969601.8903584
37.4275363674014,-122.16969763606234,1724969601.9893003
37.42753636958138,-122.16969761670539,1724969602.092464
37.427536346024745,-122.16969759634438,1724969602.194568
37.42753631772273,-122.16969761194824,1724969602.3115945
37.427536402682655,-122.16969725034367,1724969602.4064834
37.42753631541642,-122.1696971984296,1724969602.502289
37.427536339440955,-122.16969719462291,1724969602.6146982
37.42753633328058,-122.16969721106248,1724969602.699944
37.42753628712473,-122.16969721743422,1724969602.8046117
37.42753620344985,-122.16969758338826,1724969602.8999434
37.427536299290374,-122.1696975771648,1724969602.9999754
37.42753644419391,-122.16969758319699,1724969603.100759
37.42753639500051,-122.16969720687209,1724969603.2025201
37.42753644207599,-122.16969718050905,1724969603.3108728
37.427536439965614,-122.16969717479766,1724969603.4084764
37.42753634532012,-122.16969717362875,1724969603.5077505
37.42753617380994,-122.16969718033477,1724969603.6241117
37.42753622632681,-122.1696975339102,1724969603.7158024
37.42753628707039,-122.16969754508163,1724969603.8133342
37.42753787573922,-122.16969685189065,1724969604.1108568
37.42753952122881,-122.16969623094583,1724969604.2110562
37.427541098140786,-122.16969553778112,1724969604.3144908
37.42754263186679,-122.16969484957623,1724969604.4098594
37.42754413863061,-122.16969415314985,1724969604.5141926
37.42754413178153,-122.16969414674128,1724969604.62159
37.42754405554153,-122.16969407347074,1724969604.7143586
37.42754403429505,-122.16969408026773,1724969604.8136468
37.42754408121501,-122.16969410825816,1724969604.9106953
37.4275441543341,-122.16969414658128,1724969605.011087
37.427544159043165,-122.16969420349467,1724969605.1131701
37.427544167119294,-122.169694313611,1724969605.2152424
37.42754418631126,-122.16969442282367,1724969605.3166273
37.42754413498708,-122.16969457678063,1724969605.4180093
37.427544120777874,-122.16969465010578,1724969605.5170293
37.427544159961336,-122.16969481219937,1724969605.6167772
37.42754420004725,-122.1696948578576,1724969605.7197473
37.42754414971553,-122.16969489824899,1724969605.8298533
37.42754419647093,-122.16969494852209,1724969605.9229748
37.42754415091315,-122.16969501087824,1724969606.0222368
37.42754403915688,-122.16969501775128,1724969606.1259477
37.42754399209579,-122.16969518225966,1724969606.2267325
37.42754402390644,-122.1696953849152,1724969606.3189263
37.42754398249747,-122.16969560683779,1724969606.4237456
37.427543908893966,-122.16969591980435,1724969606.5281608
37.427543866959105,-122.16969625585712,1724969606.6356623
37.42754374741093,-122.16969648427077,1724969606.7366128
37.427543655514256,-122.16969667380722,1724969606.830132
37.4275436040541,-122.16969680640771,1724969606.9314675
37.427543521836775,-122.16969689041213,1724969607.039216
37.42754346932506,-122.16969691933227,1724969607.1372182
37.427543470361776,-122.1696969605599,1724969607.239704
37.42754344178437,-122.16969707953751,1724969607.3396685
37.42754333448089,-122.16969719265386,1724969607.4452677
37.4275432647235,-122.16969727841129,1724969607.5445452
37.427543233513475,-122.16969727755539,1724969607.6417027
37.42754315837852,-122.16969732283793,1724969607.7421792
37.427543091112604,-122.16969721085698,1724969607.8473287
37.427543065546956,-122.169697106082,1724969607.9474585
37.42754302407931,-122.16969713079719,1724969608.0564017
37.427542971964385,-122.16969732083223,1724969608.1485415
37.42754272976214,-122.16969677926888,1724969608.2484243
37.427542550274836,-122.16969630928409,1724969608.3518622
37.42754233638532,-122.16969601266959,1724969608.4510593
37.427542147865324,-122.16969568988188,1724969608.5521882
37.42754199380533,-122.1696953883482,1724969608.6563642
37.42754198242787,-122.16969581270881,1724969608.749946
37.42754186573593,-122.16969623758621,1724969608.854733
37.427541780806294,-122.16969652377658,1724969608.951909
37.42754167333461,-122.16969680108309,1724969609.0558193
37.42754154558009,-122.16969695452212,1724969609.155797
37.42754145876004,-122.16969713478044,1724969609.25752
37.42754138209772,-122.16969733874664,1724969609.3562555
37.42754131731963,-122.16969768963415,1724969609.4627674
37.427541276577664,-122.16969801748886,1724969609.5584936
37.42754125611249,-122.1696985911325,1724969609.6629508
37.42754113544165,-122.16969862363825,1724969609.7642217
37.427541247054435,-122.16969923753348,1724969609.870527
37.427541203490364,-122.1696990683885,1724969609.973435
37.42754139466123,-122.16969959983398,1724969610.065135
37.42754124679965,-122.16969935405635,1724969610.1612318
37.427541296310324,-122.16969960587734,1724969610.26511
37.42754111814677,-122.16969923702855,1724969610.372426
37.42754108344852,-122.16969944316807,1724969610.4692822
37.42754086317265,-122.1696989660129,1724969610.5661263
37.42754088083144,-122.16969909731321,1724969610.6676776
37.42754077688169,-122.16969924430616,1724969610.768381
37.427540665009204,-122.16969944232792,1724969610.8723238
37.42754060237114,-122.16969961217258,1724969610.974353
37.42754044371725,-122.16969978751004,1724969611.0720108
37.427540374690246,-122.16969983341333,1724969611.1792922
37.42754030689651,-122.16969988941828,1724969611.2736871
37.42754030787266,-122.16969993447174,1724969611.3758218
37.42754039858351,-122.16969996469251,1724969611.4762483
37.42754041910369,-122.16970002882897,1724969611.5769799
37.42754039466221,-122.16970015805032,1724969611.6770475
37.42754031749784,-122.16970028553749,1724969611.7757812
37.427540167653035,-122.16970043788598,1724969611.87973
37.42754001206076,-122.1697006946858,1724969611.9876056
37.42753980924432,-122.16970094775532,1724969612.0863557
37.42753958363858,-122.16970124102711,1724969612.1845315
37.42753948318545,-122.16970147009269,1724969612.2844124
37.42753937890703,-122.16970158730864,1724969612.3972476
37.42753931449411,-122.16970172790492,1724969612.4833028
37.42753941190884,-122.1697017475388,1724969612.5859892
37.42753943208702,-122.16970191617803,1724969612.686159
37.427539515287584,-122.1697020529407,1724969612.7844036
37.42753966128346,-122.16970238257579,1724969612.8915153
37.42753965172014,-122.16970270858062,1724969612.994211
37.427539651279744,-122.16970315360734,1724969613.0932522
37.42753974023918,-122.16970338839832,1724969613.2027922
37.42753971167702,-122.16970370406996,1724969613.2941864
37.427539703358136,-122.16970392689822,1724969613.407567
37.42753972415392,-122.16970405530084,1724969613.497875
37.42753970399722,-122.16970408945147,1724969613.592008
37.42753972567055,-122.16970414868484,1724969613.697127
37.427539735557176,-122.1697041553854,1724969613.7954736
37.42753972786063,-122.16970416474058,1724969613.9101903
37.4275397113101,-122.16970421657668,1724969613.998182
37.42753035923589,-122.16970258012691,1724969744.0537665
37.427530416252154,-122.16970249253025,1724969744.1364942
37.427530470072945,-122.16970280738575,1724969744.240078
37.42753026277454,-122.16970245300945,1724969744.3397963
37.42753037903363,-122.16970268686899,1724969744.4467392
37.4275303974924,-122.16970275298448,1724969744.5402653
37.42753040684821,-122.1697027631697,1724969744.642165
37.42753038869341,-122.16970278603999,1724969744.7433016
37.42753038381506,-122.16970289765653,1724969744.8449094
37.42753038858942,-122.16970281390293,1724969744.9462154
37.42753030779204,-122.1697028703817,1724969745.0479634
37.42753034691899,-122.16970327183537,1724969745.1510596
37.42753032172477,-122.16970377471634,1724969745.2483401
37.427530296503264,-122.16970427664897,1724969745.3487356
37.4275303290812,-122.16970499775981,1724969745.4428375
37.42753049581956,-122.16970589427243,1724969745.548896
37.42753046784641,-122.16970668467975,1724969745.6475067
37.42753056422137,-122.16970743307778,1724969745.7497194
37.42753072214096,-122.16970822699062,1724969745.8479562
37.427530728752615,-122.16970884064216,1724969745.9485097
37.42753054296144,-122.16970910431557,1724969746.0591745
37.427530410599054,-122.16970921979637,1724969746.1509342
37.42753057845318,-122.16970658594545,1724969746.2466235
37.427530888490686,-122.16970526335489,1724969746.3509848
37.42753114903511,-122.16970400627918,1724969746.4540503
37.427531520550644,-122.16970281252502,1724969746.5515888
37.42753188968271,-122.1697017541568,1724969746.654602
37.427531983653,-122.16970332580095,1724969746.7594945
37.42753183847622,-122.16970352734222,1724969746.855253
37.42753182925747,-122.16970367942704,1724969746.9609637
37.427531801103456,-122.16970383746212,1724969747.0626833
37.427531784064215,-122.1697038092517,1724969747.15673
37.42753181889351,-122.16970378705098,1724969747.254545
37.427531875844245,-122.16970374784205,1724969747.3614795
37.42753198217611,-122.16970372378594,1724969747.4636126
37.42753206212346,-122.16970368377909,1724969747.5648735
37.427532217373965,-122.16970374307037,1724969747.6614985
37.427532291383486,-122.16970371389583,1724969747.7633455
37.42753236988746,-122.16970360946989,1724969747.864852
37.42753247107743,-122.16970357168773,1724969747.9704907
37.42753259806289,-122.16970353441945,1724969748.0678504
37.42753272398907,-122.16970338372025,1724969748.169983
37.42753280755247,-122.16970328746292,1724969748.2700336
37.427532964572436,-122.1697033398917,1724969748.3682413
37.42753301832623,-122.16970330419942,1724969748.4694848
37.42753311728379,-122.16970323277984,1724969748.5721073
37.42753314624486,-122.16970321592072,1724969748.6689837
37.42753317568004,-122.16970326554842,1724969748.776932
37.427533178877404,-122.16970321859836,1724969748.8737352
37.42753307302329,-122.16970322332008,1724969748.9824326
37.42753298911081,-122.16970321778594,1724969749.0776284
37.4275329158987,-122.16970327610125,1724969749.1815915
37.42753281571539,-122.1697033172024,1724969749.2778676
37.42753272617872,-122.16970335194503,1724969749.3884096
37.42753275942457,-122.1697033650312,1724969749.485595
37.42753273406817,-122.16970343932027,1724969749.5893683
37.42753264613964,-122.16970345199537,1724969749.6911967
37.42753265365425,-122.16970340774202,1724969749.784009
37.427532583400826,-122.16970349274071,1724969749.889777
37.4275325508353,-122.1697036487397,1724969749.9886725
37.42753252244521,-122.16970380973862,1724969750.083907
37.42753253311742,-122.16970408022009,1724969750.183316
37.427532497498454,-122.16970437419464,1724969750.2813458
37.42753246427235,-122.16970462608086,1724969750.3899403
37.42753242332457,-122.169704780245,1724969750.488111
37.42753242004491,-122.16970498169118,1724969750.593212
37.42753239579677,-122.16970504525233,1724969750.6921194
37.42753233892272,-122.16970514326115,1724969750.792123
37.42753235493041,-122.1697051260353,1724969750.88524
37.42753228596741,-122.16970524428203,1724969750.9966984
37.42753220784194,-122.16970533576746,1724969751.095696
37.427532186483106,-122.16970539960653,1724969751.1940222
37.4275322252496,-122.1697054212545,1724969751.2951784
37.42753212494813,-122.16970560513853,1724969751.3956683
37.42753208015079,-122.16970562755596,1724969751.4964883
37.42753205686482,-122.16970558968927,1724969751.6039407
37.42753177440652,-122.16970556599456,1724969751.701237
37.427531546961276,-122.16970563275994,1724969751.806134
37.42753133549816,-122.16970555038493,1724969751.9026725
37.427531366548344,-122.16970565376116,1724969752.0041177
37.42753122991836,-122.16970570724784,1724969752.0994825
37.42753134642213,-122.16970580396372,1724969752.2168117
37.42753148573368,-122.16970603574725,1724969752.3190646
37.42753175592042,-122.1697062301327,1724969752.41615
37.42753175892982,-122.16970654710104,1724969752.510873
37.42753187244972,-122.1697071903355,1724969752.6125476
37.42753194838654,-122.16970816100685,1724969752.7100613
37.42753211797272,-122.16970917388387,1724969752.8087888
37.427526883480944,-122.1697081345709,1724969752.909572
37.427521626758754,-122.16970693236883,1724969753.0089145
37.427520281510894,-122.1697053429804,1724969753.1075099
37.42752014671764,-122.16970475878242,1724969753.2100964
37.427519910611565,-122.16970400140809,1724969753.319015
37.42752491449521,-122.1697034575548,1724969753.4125109
37.42753008146767,-122.16970479655403,1724969753.514765
37.42753137476707,-122.16970633935432,1724969753.6100876
37.42753148376378,-122.16970658397861,1724969753.7144475
37.427531512637394,-122.16970679171752,1724969753.8196235
37.42753167464244,-122.16970728936714,1724969753.9183316
37.42753076527845,-122.16970697029707,1724969754.018647
37.427531149065345,-122.1697055669916,1724969754.1230276
37.427530218210414,-122.16970518284695,1724969754.223953
37.42753064501027,-122.16970536053633,1724969754.3201892
37.42753099540055,-122.16970724403045,1724969754.419238
37.42753041990475,-122.16970708869992,1724969754.523238
37.42753046433259,-122.1697070216294,1724969754.6223366
37.42753133231776,-122.16970555266812,1724969754.724806
37.427530799565275,-122.16970299892257,1724969754.8227935
37.42753034006416,-122.16970059166245,1724969754.925771
37.42753222633458,-122.16969974499594,1724969755.0277183
37.42753224235492,-122.16969987073234,1724969755.1247203
37.42753283339011,-122.16970025720171,1724969755.2251413
37.427533374149206,-122.16970124738998,1724969755.3259802
37.42753398081142,-122.1697017158423,1724969755.432794
37.42753413098532,-122.16970126247331,1724969755.5481498
37.42753423949955,-122.16970061175061,1724969755.6444783
37.427534330908145,-122.16969989087234,1724969755.74376
37.42753451184609,-122.1696991591142,1724969755.8464684
37.427534682628036,-122.16969900296132,1724969755.9452722
37.42753489224199,-122.16969908324427,1724969756.040664
37.42753502556569,-122.16969932652094,1724969756.134071
37.427535083880294,-122.16969982058409,1724969756.23674
37.427535093740076,-122.16970007747602,1724969756.3545609
37.427535213305895,-122.16970003986384,1724969756.4482553
37.427535269092296,-122.1697000221725,1724969756.5422628
37.42753535920038,-122.16969979790814,1724969756.6394665
37.42753548071438,-122.16969948770303,1724969756.7402034
37.42753569692371,-122.16969913668161,1724969756.838862
37.42753573801155,-122.16969889341638,1724969756.939766
37.42753576232006,-122.16969891677141,1724969757.0431201
37.42753572125758,-122.16969913888408,1724969757.1427498
37.42753567722264,-122.16969916982191,1724969757.2419412
37.427535535710035,-122.16969936364518,1724969757.344405
37.42753540209741,-122.16969941759297,1724969757.4490001
37.427535280219274,-122.16969920166711,1724969757.5480597
37.42753524736441,-122.16969895743135,1724969757.6435091
37.42753524947028,-122.16969891232364,1724969757.7446628
37.42753524174689,-122.1696988564333,1724969757.8490071
37.42753526412245,-122.1696988685878,1724969757.9512494
37.4275353071746,-122.16969888673987,1724969758.0479953
37.427535290610955,-122.16969908163183,1724969758.151338
37.427535288175534,-122.16969939183561,1724969758.2670984
37.427535306686096,-122.16969994682394,1724969758.3607752
37.427535414268654,-122.16970073767088,1724969758.4585652
37.42753552636475,-122.1697018049292,1724969758.565566
37.42753570663136,-122.1697031924737,1724969758.6640954
37.427535879640494,-122.16970470642656,1724969758.7619894
37.42753609579821,-122.16970620567616,1724969758.8597338
37.4275359330386,-122.16970767344009,1724969758.964765
37.427529906262436,-122.16970695233202,1724969759.0605645
37.427523869240396,-122.16970593198639,1724969759.1584048
37.42751781681691,-122.16970466321027,1724969759.2562275
37.42751802568422,-122.16970266805002,1724969759.3574648
37.42751829015122,-122.16970042640385,1724969759.4558823
37.42752443583161,-122.16970007634448,1724969759.5697684
37.427530648375416,-122.16969957206017,1724969759.6694338
37.42753677092411,-122.16969908759641,1724969759.7651482
37.427536561818634,-122.16969903717381,1724969759.8699148
37.42753656553973,-122.16969892606387,1724969759.9713328
37.42753662849638,-122.1696988691292,1724969760.0726306
37.42753653914683,-122.16969871445582,1724969760.1686804
37.42753656448691,-122.16969848125278,1724969760.2626028
37.42753663412056,-122.16969833465662,1724969760.3723814
37.4275366446061,-122.16969814177668,1724969760.4788022
37.427536622044684,-122.16969790554474,1724969760.5824697
37.42753667214527,-122.1696977729454,1724969760.6770132
37.42753666456495,-122.169697748695,1724969760.7835789
37.4275366615637,-122.16969761880954,1724969760.8799229
37.42753667915804,-122.16969762193203,1724969760.9800365
37.4275365982801,-122.16969762212962,1724969761.0804803
37.4275364964371,-122.16969762309395,1724969761.1828353
37.427536461869025,-122.16969762397129,1724969761.2825458
37.42753639152345,-122.16969729617142,1724969761.3863902
37.42753626922277,-122.16969732142965,1724969761.4880948
37.427536228260394,-122.16969732376587,1724969761.5898407
37.42753627176795,-122.1696973148998,1724969761.6869419
37.42753621398459,-122.16969723956498,1724969761.7954738
37.42753618248499,-122.16969721004132,1724969761.888579
37.42753623479884,-122.1696972123141,1724969761.9870808
37.427536233305844,-122.16969720613686,1724969762.092043
37.427536178981065,-122.16969719476918,1724969762.1952364
37.427536213920135,-122.16969718861051,1724969762.292493
37.42753624580168,-122.16969753707862,1724969762.3946147
37.42753624916961,-122.16969752382228,1724969762.495761
37.42753625997782,-122.16969753845521,1724969762.603765
37.427536298918966,-122.16969761709032,1724969762.6962488
37.42753626512767,-122.16969761650485,1724969762.7971406
37.427536202355554,-122.16969764289429,1724969762.8965569
37.42753620736535,-122.169697633168,1724969763.0079682
37.42753621686317,-122.16969761211607,1724969763.104432
37.42753625391862,-122.16969752889378,1724969763.2056704
37.42753628646717,-122.16969753472812,1724969763.2955623
37.42753631551288,-122.16969753732414,1724969763.3959246
37.42753634236851,-122.16969756715837,1724969763.498913
37.427536364648496,-122.16969756821833,1724969763.6011562
37.427536319910885,-122.16969758119399,1724969763.6972244
37.4275363674014,-122.16969763606234,1724969763.80446
37.42753636958138,-122.16969761670539,1724969763.9001224
37.427536346024745,-122.16969759634438,1724969764.0068064
37.42753631772273,-122.16969761194824,1724969764.1031477
37.427536402682655,-122.16969725034367,1724969764.3532012
37.42753631541642,-122.1696971984296,1724969764.4518008
37.427536339440955,-122.16969719462291,1724969764.5509834
37.42753633328058,-122.16969721106248,1724969764.633112
37.42753628712473,-122.16969721743422,1724969764.7116382
37.42753620344985,-122.16969758338826,1724969764.791394
37.427536299290374,-122.1696975771648,1724969764.8714159
37.42753644419391,-122.16969758319699,1724969764.9542303
37.42753639500051,-122.16969720687209,1724969765.0329957
37.42753644207599,-122.16969718050905,1724969765.1225178
37.427536439965614,-122.16969717479766,1724969765.222851
37.42753634532012,-122.16969717362875,1724969765.32063
37.42753617380994,-122.16969718033477,1724969765.4179041
37.42753622632681,-122.1696975339102,1724969765.515219
37.42753628707039,-122.16969754508163,1724969765.6265502
37.42753787573922,-122.16969685189065,1724969765.9198544
37.42753952122881,-122.16969623094583,1724969766.0180037
37.427541098140786,-122.16969553778112,1724969766.1135259
37.42754263186679,-122.16969484957623,1724969766.2262404
37.42754413863061,-122.16969415314985,1724969766.315402
37.42754413178153,-122.16969414674128,1724969766.4173121
37.42754405554153,-122.16969407347074,1724969766.516231
37.42754403429505,-122.16969408026773,1724969766.6243017
37.42754408121501,-122.16969410825816,1724969766.721162
37.4275441543341,-122.16969414658128,1724969766.8212218
37.427544159043165,-122.16969420349467,1724969766.921189
37.427544167119294,-122.169694313611,1724969767.0249908
37.42754418631126,-122.16969442282367,1724969767.1268697
37.42754413498708,-122.16969457678063,1724969767.2286553
37.427544120777874,-122.16969465010578,1724969767.330844
37.427544159961336,-122.16969481219937,1724969767.4239109
37.42754420004725,-122.1696948578576,1724969767.526354
37.42754414971553,-122.16969489824899,1724969767.6389697
37.42754419647093,-122.16969494852209,1724969767.7357643
37.42754415091315,-122.16969501087824,1724969767.8338501
37.42754403915688,-122.16969501775128,1724969767.939162
37.42754399209579,-122.16969518225966,1724969768.0453627
37.42754402390644,-122.1696953849152,1724969768.1301594
37.42754398249747,-122.16969560683779,1724969768.2437315
37.427543908893966,-122.16969591980435,1724969768.3490589
37.427543866959105,-122.16969625585712,1724969768.452131
37.42754374741093,-122.16969648427077,1724969768.5416532
37.427543655514256,-122.16969667380722,1724969768.6449718
37.4275436040541,-122.16969680640771,1724969768.7420924
37.427543521836775,-122.16969689041213,1724969768.846897
37.42754346932506,-122.16969691933227,1724969768.952977
37.427543470361776,-122.1696969605599,1724969769.0472023
37.42754344178437,-122.16969707953751,1724969769.1519117
37.42754333448089,-122.16969719265386,1724969769.2561634
37.4275432647235,-122.16969727841129,1724969769.352789
37.427543233513475,-122.16969727755539,1724969769.4521785
37.42754315837852,-122.16969732283793,1724969769.5589018
37.427543091112604,-122.16969721085698,1724969769.6581285
37.427543065546956,-122.169697106082,1724969769.763809
37.42754302407931,-122.16969713079719,1724969769.86339
37.427542971964385,-122.16969732083223,1724969769.959897
37.42754272976214,-122.16969677926888,1724969770.0575857
37.427542550274836,-122.16969630928409,1724969770.1666312
37.42754233638532,-122.16969601266959,1724969770.2663083
37.427542147865324,-122.16969568988188,1724969770.3633072
37.42754199380533,-122.1696953883482,1724969770.4633782
37.42754198242787,-122.16969581270881,1724969770.5607471
37.42754186573593,-122.16969623758621,1724969770.6657028
37.427541780806294,-122.16969652377658,1724969770.767438
37.42754167333461,-122.16969680108309,1724969770.8721554
37.42754154558009,-122.16969695452212,1724969770.9708006
37.42754145876004,-122.16969713478044,1724969771.0727084
37.42754138209772,-122.16969733874664,1724969771.179786
37.42754131731963,-122.16969768963415,1724969771.2715757
37.427541276577664,-122.16969801748886,1724969771.3682954
37.42754125611249,-122.1696985911325,1724969771.4696686
37.42754113544165,-122.16969862363825,1724969771.570502
37.427541247054435,-122.16969923753348,1724969771.676959
37.427541203490364,-122.1696990683885,1724969771.7756302
37.42754139466123,-122.16969959983398,1724969771.8742392
37.42754124679965,-122.16969935405635,1724969771.9738445
37.427541296310324,-122.16969960587734,1724969772.0794737
37.42754111814677,-122.16969923702855,1724969772.1797335
37.42754108344852,-122.16969944316807,1724969772.2839992
37.42754086317265,-122.1696989660129,1724969772.3803563
37.42754088083144,-122.16969909731321,1724969772.494176
37.42754077688169,-122.16969924430616,1724969772.5805202
37.427540665009204,-122.16969944232792,1724969772.6891541
37.42754060237114,-122.16969961217258,1724969772.7896333
37.42754044371725,-122.16969978751004,1724969772.8843327
37.427540374690246,-122.16969983341333,1724969772.9851992
37.42754030689651,-122.16969988941828,1724969773.085616
37.42754030787266,-122.16969993447174,1724969773.1895285
37.42754039858351,-122.16969996469251,1724969773.2882044
37.42754041910369,-122.16970002882897,1724969773.3883245
37.42754039466221,-122.16970015805032,1724969773.490057
37.42754031749784,-122.16970028553749,1724969773.589436
37.427540167653035,-122.16970043788598,1724969773.6892672
37.42754001206076,-122.1697006946858,1724969773.7958627
37.42753980924432,-122.16970094775532,1724969773.9004667
37.42753958363858,-122.16970124102711,1724969773.992591
37.42753948318545,-122.16970147009269,1724969774.0942576
37.42753937890703,-122.16970158730864,1724969774.197908
37.42753931449411,-122.16970172790492,1724969774.2950833
37.42753941190884,-122.1697017475388,1724969774.3934085
37.42753943208702,-122.16970191617803,1724969774.5038955
37.427539515287584,-122.1697020529407,1724969774.6020882
37.42753966128346,-122.16970238257579,1724969774.6998835
37.42753965172014,-122.16970270858062,1724969774.7996993
37.427539651279744,-122.16970315360734,1724969774.9063568
37.42753974023918,-122.16970338839832,1724969775.0040812
37.42753971167702,-122.16970370406996,1724969775.1020675
37.427539703358136,-122.16970392689822,1724969775.2050006
37.42753972415392,-122.16970405530084,1724969775.3072696
37.42753970399722,-122.16970408945147,1724969775.4026167
37.42753972567055,-122.16970414868484,1724969775.507499
37.427539735557176,-122.1697041553854,1724969775.603229
37.42753972786063,-122.16970416474058,1724969775.708816
37.4275397113101,-122.16970421657668,1724969775.8044403
37.427539694785764,-122.1697043529186,1724969775.910999
37.427539681378676,-122.16970450356617,1724969776.0009818
37.427539727631185,-122.16970474378218,1724969776.1077726
37.42753971536607,-122.16970494840261,1724969776.2105608
37.427539707016244,-122.16970529919743,1724969776.3111148
37.4275397564167,-122.16970566553002,1724969776.4093592
37.42753977878515,-122.1697062945109,1724969776.5100975
37.42753974723698,-122.1697069462299,1724969776.6089993
37.42753976621364,-122.1697076216603,1724969776.7200341
37.427539795927615,-122.169708246555,1724969776.809868
37.427539895068996,-122.16970888019445,1724969776.918756
37.427538723627244,-122.16970886378176,1724969777.0198307
37.42753757915842,-122.16970884110134,1724969777.1127489
37.42753760562453,-122.16970939680412,1724969777.2119195
37.42753755845499,-122.16970884176986,1724969777.3156219
37.42753624454545,-122.16970703136295,1724969777.4168859
37.42753639497464,-122.16970558926201,1724969777.5167797
37.42753762944157,-122.16970539868535,1724969777.616281
37.427537628328366,-122.16970573249496,1724969777.7189724
37.42753777777653,-122.16970713092792,1724969777.8171828
37.42753915941272,-122.16970974785538,1724969777.9187295
37.42754002923361,-122.16971020008415,1724969778.021178
37.42753865443133,-122.16970969908387,1724969778.1191328
37.427537344190675,-122.16970815184716,1724969778.2213442
37.42753590651305,-122.16970562110124,1724969778.324187
37.42753444974909,-122.16970400456293,1724969778.4214554
37.42753330686322,-122.16970458070766,1724969778.5227659
37.42753333282932,-122.16970356090637,1724969778.6242645
37.42753339254803,-122.1697024917534,1724969778.7269924
37.42753338989952,-122.16970231615252,1724969778.8305008
37.42753334053685,-122.16970243632089,1724969778.9272256
37.42753331449753,-122.16970263312366,1724969779.0254586
37.427533263552284,-122.16970295606643,1724969779.128827
37.42753461582733,-122.16970468776407,1724969779.2311823
37.42753602897501,-122.16970654814244,1724969779.3305826
37.427536031501695,-122.1697067504326,1724969779.4318285
37.42753599661621,-122.16970546673889,1724969779.5295208
37.42753747676428,-122.16970725399467,1724969779.6315706
37.42753750269108,-122.1697062094035,1724969779.7336113
37.42753605424107,-122.16970453953138,1724969779.8343155
37.42753594408181,-122.169702913965,1724969779.9352689
37.42753748804461,-122.1697034637533,1724969780.0372572
37.427537512477535,-122.16970221498539,1724969780.1366618
37.427537631670205,-122.16970222776563,1724969780.2368858
37.42753917503645,-122.16970277587632,1724969780.3442073
37.42753919097949,-122.16970281967869,1724969780.44694
37.427537807355606,-122.16970238071508,1724969780.5434098
37.4275364034571,-122.1697017540015,1724969780.6462586
37.427536368238144,-122.1697016673033,1724969780.7449274
37.42753647005579,-122.16970157522317,1724969780.8474033
37.42753820850756,-122.16970229909917,1724969780.9517753
37.4275396482463,-122.16970288806523,1724969781.051144
37.42754094779572,-122.16970338831003,1724969781.1514087
37.427539477858105,-122.16970301047752,1724969781.2525024
37.42753925139245,-122.16970305890504,1724969781.3544834
37.42753767434684,-122.16970272333819,1724969781.46048
37.42753609912891,-122.16970179862436,1724969781.551869
37.427534720345136,-122.1697010167605,1724969781.6536274
37.4275360212584,-122.16970344266083,1724969781.7466574
37.42755138425173,-122.16970177214208,1724969781.8462758
37.427552739233526,-122.16970254021791,1724969781.9492228
37.427554114664595,-122.16970350576524,1724969782.0508547
37.42755577740095,-122.16970416831259,1724969782.152391
37.42755605049941,-122.16970217944112,1724969782.2556632
37.427540998926744,-122.16970411351723,1724969782.355707
37.42754125489763,-122.1697038740102,1724969782.4569483
37.42754168420163,-122.16970415670696,1724969782.558362
37.42754170860636,-122.16970464651429,1724969782.6558914
37.427541814749176,-122.16970478660271,1724969782.7575593
37.427541956349664,-122.16970460063108,1724969782.8576655
37.42754213510935,-122.16970450459934,1724969782.9582586
37.427542176435864,-122.16970408073982,1724969783.0587935
37.427542278357286,-122.16970362601357,1724969783.1611197
37.427542172601996,-122.1697034766242,1724969783.2601259
37.42754227265191,-122.16970333964119,1724969783.3616498
37.427542103334616,-122.16970309604557,1724969783.4642565
37.42754195896815,-122.16970280207515,1724969783.5648801
37.42754189298536,-122.16970247373827,1724969783.6658866
37.42754192543982,-122.16970205639635,1724969783.76658
37.427541715955414,-122.16970169424937,1724969783.8663774
37.42754180037787,-122.16970152389494,1724969783.9679086
37.427541838951676,-122.16970148117474,1724969784.069542
37.427542131098086,-122.16970215809133,1724969784.168805
37.42754240620785,-122.16970284972436,1724969784.2727854
37.427542574759535,-122.1697030617532,1724969784.3731892
37.42754259855634,-122.16970309818193,1724969784.4738305
37.4275426839631,-122.16970309333509,1724969784.5793014
37.427542520269355,-122.16970243892192,1724969784.6812406
37.427542363986,-122.16970186727568,1724969784.7896192
37.4275422646005,-122.16970329200781,1724969784.8840067
37.42754226172944,-122.1697032681263,1724969784.984335
37.4275425309763,-122.16970500963106,1724969785.0832887
37.427542490848914,-122.16970478987369,1724969785.1853344
37.42754265803092,-122.16970499122404,1724969785.286699
37.42754274872008,-122.1697052498112,1724969785.3867586
37.42754296793881,-122.16970502654092,1724969785.4903867
37.427542772092046,-122.16970328310602,1724969785.5900166
37.42754308602129,-122.16970553171389,1724969785.6925578
37.42754331672136,-122.1697073281745,1724969785.7939992
37.42754356643015,-122.16970545162062,1724969785.895373
37.42754357478518,-122.16970793230314,1724969785.996812
37.42754369106624,-122.16971015093353,1724969786.1030812
37.42754352833915,-122.16971038602189,1724969786.19905
37.427543386332864,-122.16971059159106,1724969786.2827365
37.42754338981921,-122.16971010816042,1724969786.4345644
37.427543485418916,-122.16970734752776,1724969786.5182776
37.42754351196406,-122.16970453627525,1724969786.6210806
37.42754352855892,-122.16970168961261,1724969786.7104461
37.42754348392593,-122.16969878546396,1724969786.8279424
37.427543481792775,-122.16969864022136,1724969786.9091148
37.42754349959292,-122.16969849312389,1724969787.003135
37.42754368223202,-122.16969838849018,1724969787.0961199
37.42754389834704,-122.16969828546836,1724969787.203439
37.42754405978649,-122.16969827547742,1724969787.309245
37.427543902281236,-122.16969844232794,1724969787.4121656
37.42754390216159,-122.16969886554476,1724969787.5135355
37.42754373593382,-122.16969922043258,1724969787.6047626
37.42754359054545,-122.16969955945038,1724969787.709588
37.42754347697331,-122.16969996808531,1724969787.808831
37.42754363375785,-122.16970024291253,1724969787.91944
37.42754364484294,-122.16970027232048,1724969788.010893
37.42754361756326,-122.16970061993997,1724969788.1139383
37.427543752950946,-122.16970074792063,1724969788.2151265
37.427543946044445,-122.16970075710455,1724969788.3256605
37.42754394505112,-122.16970071653269,1724969788.4235501
37.427544048216355,-122.16970066442359,1724969788.511582
37.42754410116519,-122.16970050660439,1724969788.6237066
37.427544015728365,-122.16970052129685,1724969788.7169821
37.42754386497187,-122.16970060640969,1724969788.8208327
37.42754385405476,-122.16970066791525,1724969788.9221554
37.42754369439143,-122.16970072934538,1724969789.0265567
37.427543732164814,-122.16970063661593,1724969789.1329217
37.427543871929224,-122.16970076878428,1724969789.2232625
37.427543795589564,-122.16970061527158,1724969789.3341157
37.427543648734826,-122.16970051971836,1724969789.43264
37.42754355980267,-122.16970047706361,1724969789.5381997
37.427543390756256,-122.1697004350905,1724969789.6330435
37.427543156026495,-122.1697002077882,1724969789.7284403
37.42754312493892,-122.16970022570929,1724969789.8352294
37.42754318769494,-122.1697002392323,1724969789.9353058
37.42754315481126,-122.16970027410517,1724969790.0313976
37.42754309070663,-122.16970040954216,1724969790.1310055
37.42754301259662,-122.16970065444947,1724969790.2374485
37.42753707968628,-122.16970105766006,1724969790.3410861
37.427531098298196,-122.1697015384018,1724969790.4607759
37.427525211935624,-122.16970206170197,1724969790.5550656
37.427525321415686,-122.16970145800913,1724969790.6404774
37.427525422218125,-122.16970079801317,1724969790.7356348
37.42753148535426,-122.16969995403434,1724969790.84448
37.42753753689799,-122.1696989899567,1724969790.9362938
37.42754355934809,-122.16969794464177,1724969791.0411727
37.42754355898526,-122.16969797013556,1724969791.1409388
37.42754350422376,-122.16969812457623,1724969791.2434063
37.42754338586438,-122.16969816178613,1724969791.3408082
37.42754320330068,-122.16969829766745,1724969791.4453945
37.427543043734026,-122.16969850032098,1724969791.5438344
37.42754302187918,-122.16969865403193,1724969791.6483169
37.427543000381135,-122.16969874939646,1724969791.7482395
37.42754306528061,-122.16969906679395,1724969791.8487449
37.427543217104976,-122.16969944802959,1724969791.9461668
37.42754337215592,-122.16969992824909,1724969792.0548253
37.42754335700858,-122.16970053737924,1724969792.148913
37.42754348938213,-122.16970130576782,1724969792.250903
37.4275434405131,-122.16970179548937,1724969792.346042
37.42754341421235,-122.16970213548107,1724969792.4509642
37.42754326084452,-122.16970204224224,1724969792.551434
37.42754316780028,-122.16970209725243,1724969792.654085
37.42754295402463,-122.16970206312475,1724969792.7517595
37.42754273954696,-122.16970209154924,1724969792.866161
37.42754255125123,-122.16970213220999,1724969792.956392
37.42754251322049,-122.16970215324874,1724969793.0664585
37.42754251094384,-122.16970222511144,1724969793.160407
37.4275423595068,-122.1697021505742,1724969793.2651248
37.427542483067185,-122.1697021743458,1724969793.3689055
37.42754243823376,-122.16970221708807,1724969793.4661267
37.42754229413407,-122.16970242174743,1724969793.572954
37.4275421732177,-122.16970230534254,1724969793.664581
37.427542375642055,-122.16970348547802,1724969793.7688851
37.42754225591773,-122.16970267536766,1724969793.8689272
37.42754223429684,-122.16970183384768,1724969793.9656286
37.42754240643709,-122.16970101688936,1724969794.065654
37.4275425830763,-122.16970028883198,1724969794.16843
37.42754258410677,-122.16969827938003,1724969794.2618337
37.427542640766,-122.16969826931906,1724969794.366584
37.42754256077697,-122.16969825049397,1724969794.464294
37.42754238917206,-122.16969836839182,1724969794.5630102
37.42754222407209,-122.1696983941768,1724969794.6673949
37.42754209440677,-122.16969845351787,1724969794.7673585
37.42754200529825,-122.16969887546112,1724969794.8716545
37.42754201516833,-122.16969898208558,1724969794.977067
37.427542098055895,-122.1696987773271,1724969795.075042
37.42754217457773,-122.16969869067374,1724969795.169741
37.42754220481183,-122.16969855316452,1724969795.2686877
37.42754220427692,-122.16969804205272,1724969795.3765633
37.42754224416735,-122.16969792070212,1724969795.47735
37.42754219061635,-122.16969812261271,1724969795.5768983
37.427542102277094,-122.16969816805931,1724969795.6859813
37.42754200279817,-122.169698273569,1724969795.7816064
37.4275419458511,-122.16969835576218,1724969795.8845313
37.427541909393476,-122.16969839921222,1724969795.9831629
37.42754194605539,-122.16969842453376,1724969796.0850608
37.42754193649293,-122.16969851080474,1724969796.1886458
37.42754172470973,-122.16969869815057,1724969796.293726
37.42754160993546,-122.16969877955786,1724969796.3885846
37.427541494322966,-122.16969894087156,1724969796.489199
37.42754126245052,-122.16969906769029,1724969796.5834694
37.4275410923691,-122.16969912679768,1724969796.693699
37.427541198355975,-122.16969897396257,1724969796.7917037
37.42754122051092,-122.16969895887023,1724969796.8952446
37.42754134045954,-122.16969887318027,1724969796.98456
37.4275413937446,-122.1696987553235,1724969797.0836172
37.42754142992424,-122.16969880204944,1724969797.1850858
37.427541485130206,-122.16969880583378,1724969797.289347
37.42754161777014,-122.16969879359253,1724969797.389192
37.42754150561537,-122.16969882740949,1724969797.4932675
37.427541369085496,-122.16969891156083,1724969797.5974126
37.42754129293572,-122.16969884870737,1724969797.6955988
37.42754111047536,-122.16969917740062,1724969797.798935
37.427540897153406,-122.16969930471741,1724969797.9150157
37.427540724263444,-122.16969936306033,1724969798.0080123
37.4275407392097,-122.16969932857495,1724969798.105404
37.427540687664475,-122.16969936972393,1724969798.2063015
37.42754064479579,-122.16969910363512,1724969798.3019316
37.427540599989214,-122.16969907775356,1724969798.4040403
37.42754065074607,-122.16969909222934,1724969798.5015545
37.42754067787581,-122.16969917720506,1724969798.6040316
37.42754070844201,-122.16969924120158,1724969798.7039666
37.427540780925675,-122.1696992399928,1724969798.808146
37.42754092962055,-122.16969930328263,1724969798.9099042
37.42754097257838,-122.16969929406962,1724969799.0139544
37.42754092954793,-122.16969938908586,1724969799.1128967
37.42754104273512,-122.16969961155142,1724969799.21029
37.42754105354161,-122.16969996447554,1724969799.3138218
37.42754081959786,-122.16970048753738,1724969799.4230013
37.42754073734486,-122.1697010512092,1724969799.5300827
37.427540897617405,-122.16970151979879,1724969799.6238315
37.427540616323434,-122.16970191628594,1724969799.7220159
37.42754072114554,-122.16970218097418,1724969799.8242226
37.427540772475524,-122.16970229392754,1724969799.9266157
37.42754062742377,-122.1697024115194,1724969800.0266492
37.42754033725453,-122.1697025328728,1724969800.1208065
37.42754033095087,-122.16970257647881,1724969800.2159326
37.427540009726506,-122.16970269367886,1724969800.3172112
37.427539866894485,-122.16970274074191,1724969800.4180946
37.427539910165514,-122.16970289033047,1724969800.5191453
37.427539905733354,-122.16970302378425,1724969800.6180112
37.42753991403139,-122.1697031785565,1724969800.7225862
37.42753997806943,-122.16970327788327,1724969800.8191206
37.42753996888826,-122.16970347926686,1724969800.9216144
37.42753997209229,-122.16970351015998,1724969801.0242174
37.42753996526127,-122.16970340675566,1724969801.1234276
37.42754007734043,-122.16970259089139,1724969801.2233434
37.42754010591356,-122.16970183459755,1724969801.3198247
37.427540291768494,-122.16970211229687,1724969801.425802
37.42754037991484,-122.16970171971539,1724969801.524428
37.42754060148973,-122.16970144571233,1724969801.6264002
37.427540732368556,-122.16970255850991,1724969801.7247818
37.42754093270185,-122.1697035252692,1724969801.8270109
37.427540946941605,-122.169702694414,1724969801.9299645
37.4275409761813,-122.16970256886317,1724969802.0315828
37.42754092750756,-122.16970250255481,1724969802.130324
37.42754084527112,-122.16970181733171,1724969802.243823
37.427540673987785,-122.16970124142566,1724969802.3389611
37.427540679284164,-122.16970132793543,1724969802.4377646
37.42754056613651,-122.16970077688963,1724969802.5417068
37.427540558469396,-122.16970022649367,1724969802.641046
37.42754053776168,-122.169699627579,1724969802.7469454
37.42754058484812,-122.1696990850499,1724969802.8540184
37.42754058864977,-122.16969849399386,1724969802.9484515
37.42754081821356,-122.1696986359071,1724969803.047864
37.42754079531512,-122.16969886053216,1724969803.1450565
37.427540797684586,-122.1696993611042,1724969803.2503283
37.42754082893304,-122.1696999663471,1724969803.350782
37.427540833113426,-122.16970059421692,1724969803.4492054
37.427540785856415,-122.16970118043999,1724969803.5519147
37.427540765971024,-122.16970161195152,1724969803.6521208
37.427540789440876,-122.16970181612064,1724969803.752758
37.427540770356565,-122.16970187476902,1724969803.8529332
37.427540703599114,-122.16970197557272,1724969803.9513683
37.42754063961905,-122.16970209743471,1724969804.051901
37.42754071097535,-122.1697022455031,1724969804.1471877
37.42754076081621,-122.1697023941043,1724969804.254722
37.42754084390528,-122.1697025791531,1724969804.3589854
37.42754099418959,-122.1697027521336,1724969804.4576268
37.427541072485184,-122.16970286545828,1724969804.5630667
37.42754105248444,-122.16970295097948,1724969804.6579592
37.42754097967447,-122.16970300960914,1724969804.758389
37.42754092840527,-122.16970302164457,1724969804.8618164
37.427540830033536,-122.16970315979852,1724969804.9597611
37.42754071068233,-122.16970319185315,1724969805.0626385
37.4275407083483,-122.1697032589762,1724969805.164045
37.42754072049525,-122.169703294587,1724969805.263767
37.42754068880125,-122.16970335998477,1724969805.3628387
37.427540697876076,-122.16970327248883,1724969805.4688823
37.427540723473726,-122.16970332192798,1724969805.5708294
37.42754069653196,-122.16970334995935,1724969805.6722212
37.42754073253974,-122.16970336242294,1724969805.7750351
37.42754073785373,-122.16970335274432,1724969805.8719265
37.42754069778371,-122.16970332585265,1724969805.9740455
37.427540730836654,-122.16970337397298,1724969806.078006
37.427540762528714,-122.1697034958351,1724969806.1820292
37.4275407357472,-122.16970360319976,1724969806.2837424
37.42754067925555,-122.16970369666055,1724969806.3763084
37.42754062641859,-122.16970383983023,1724969806.4805639
37.42754055187631,-122.16970388645652,1724969806.5798736
37.42754045603257,-122.16970386966258,1724969806.6766884
37.427540349585115,-122.16970391250574,1724969806.7741635
37.42754028892488,-122.16970404309923,1724969806.8724737
37.427540210050985,-122.16970412093917,1724969806.9742024
37.42754017473342,-122.16970419452917,1724969807.0793927
37.4275400708855,-122.16970434279017,1724969807.177186
37.42753998267857,-122.16970438224172,1724969807.2804363
37.42753988173994,-122.16970443024528,1724969807.3799036
37.427539810570536,-122.1697044880434,1724969807.4817793
37.42753967414184,-122.16970473040503,1724969807.5822358
37.42753963818259,-122.16970500889971,1724969807.8554568
37.427539575282196,-122.16970549129042,1724969807.9311323
37.42753949285882,-122.16970605339836,1724969808.0090466
37.427539419101464,-122.16970665374355,1724969808.1015575
37.4275393736747,-122.16970699850388,1724969808.1773646
37.427539306997346,-122.16970743376709,1724969808.2554924
37.427539322952605,-122.16970778081456,1724969808.3315623
37.42753944810821,-122.16970792952486,1724969808.4082146
37.42753956526889,-122.16970816981672,1724969808.4882197
37.42753976091507,-122.16970844880758,1724969808.5865815
37.427540002644726,-122.1697082355142,1724969808.6906676
37.427539914473506,-122.16970768459217,1724969808.7897332
37.42754014433141,-122.16970717004651,1724969808.890768
37.42753958215365,-122.16970484604141,1724969808.9969125
37.42753894768402,-122.16970259409621,1724969809.0953066
37.42753829836389,-122.16970109400735,1724969809.196511
37.42753834641423,-122.16969999455745,1724969809.297346
37.427537577467255,-122.16969878693116,1724969809.394653
37.42753786927684,-122.16969885435341,1724969809.4927714
37.427538007130856,-122.16969931522422,1724969809.5978186
37.42753818144337,-122.16969942306042,1724969809.698082
37.42753787331266,-122.16969978317593,1724969809.7988362
37.427537936646736,-122.16970021164772,1724969809.909084
37.427537901173636,-122.16970078929972,1724969810.0011842
37.42753791493968,-122.16970116244639,1724969810.1013427
37.42753773301765,-122.16970151337866,1724969810.1999936
37.42753770281814,-122.1697014059601,1724969810.3041887
37.427537833115245,-122.16970137904593,1724969810.402954
37.42753754481129,-122.16970158206375,1724969810.515253
37.42753734691357,-122.16970156973471,1724969810.6049385
37.42753742240083,-122.16970147784582,1724969810.712266
37.42753722867362,-122.16970146266728,1724969810.813353
37.42753699720653,-122.16970143950888,1724969810.914016
37.42753701134744,-122.16970124638087,1724969811.0110953
37.4275371788594,-122.16970123650601,1724969811.119965
37.427537185575936,-122.16970124920248,1724969811.2193892
37.42753691569853,-122.16970132419547,1724969811.318783
37.42753667715164,-122.16970103112935,1724969811.4220583
37.427536560021665,-122.16970095655724,1724969811.5160406
37.427536208764074,-122.16970067922844,1724969811.6178088
37.42753492215515,-122.16970036407655,1724969811.7167072
37.42753505889059,-122.16969972206178,1724969811.819061
37.42753468735105,-122.16969943739237,1724969811.9194005
37.42753454369756,-122.1696991782457,1724969812.0200455
37.42753442563031,-122.16969865762194,1724969812.1160305
37.427534706002284,-122.16969820860496,1724969812.2192743
37.42753410321068,-122.16969794642226,1724969812.3198473
37.42753413903115,-122.16969775983311,1724969812.4224248
37.42753355521175,-122.1696977428885,1724969812.5202036
37.42753295574834,-122.16969799617512,1724969812.6204762
37.42753290851819,-122.16969819123233,1724969812.7209556
37.42753283279076,-122.16969846669265,1724969812.824047
37.42753206027263,-122.16969892520761,1724969812.9218032
37.42753192581405,-122.1696990461901,1724969813.0251474
37.42753236048531,-122.16969911432544,1724969813.1267977
37.427532207213716,-122.16969913738362,1724969813.2267916
37.42753258015861,-122.16969920510371,1724969813.3274953
37.427533150290586,-122.16969926903666,1724969813.4299252
37.427532605212754,-122.16969922482606,1724969813.5318453
37.42753223928171,-122.16969943252937,1724969813.6303506
37.42753241488421,-122.16969979065922,1724969813.7361019
37.42753203789964,-122.16969955989929,1724969813.8365397
37.42753189836915,-122.16969895313898,1724969813.9360785
37.42753281709284,-122.16969862533723,1724969814.0401
37.42753274916484,-122.16969823984869,1724969814.1411016
37.42753274546565,-122.16969807052702,1724969814.2495952
37.42753271496133,-122.16969871044266,1724969814.3556552
37.42753294420139,-122.16969984462897,1724969814.450002
37.42753264560651,-122.16970100156188,1724969814.5437496
37.42753247096983,-122.16970208657094,1724969814.6481612
37.42753215010206,-122.16970284051766,1724969814.749667
37.42753179601226,-122.1697033546408,1724969814.8420825
37.42753178371927,-122.16970198310075,1724969814.9378903
37.42753192638416,-122.16970125530348,1724969815.0376568
37.42753243037267,-122.16969978331723,1724969815.1483448
37.42753311946208,-122.16969832590077,1724969815.2461307
37.42753383365334,-122.16969703691998,1724969815.345974
37.42753359143455,-122.16969726195254,1724969815.4496455
37.42753368634061,-122.16969697349468,1724969815.551373
37.42753320470427,-122.16969727167917,1724969815.6535337
37.42753270752706,-122.1696975633444,1724969815.7566729
37.42753250212185,-122.16969766826038,1724969815.857323
37.427532632075895,-122.16969807898796,1724969815.9524126
37.42753244659387,-122.1696979938424,1724969816.0548766
37.42753267481654,-122.16969801828324,1724969816.1542816
37.42753269128545,-122.16969803160356,1724969816.259661
37.42753254410893,-122.16969807061659,1724969816.3626704
37.42753252335651,-122.16969779125465,1724969816.457013
37.42753258293728,-122.16969848012852,1724969816.5576537
37.427532535548806,-122.16969846333244,1724969816.6608045
37.42753269266095,-122.16969865049613,1724969816.768689
37.42753275859391,-122.1696989004069,1724969816.864538
37.427532712225606,-122.16969895124053,1724969816.9681082
37.42753275940742,-122.16969836512745,1724969817.0674508
37.42753291532451,-122.16969842756136,1724969817.1652029
37.42753277425337,-122.16969829840683,1724969817.2674205
37.42753269180467,-122.16969833981601,1724969817.3675983
37.42753264969538,-122.16969835042421,1724969817.469224
37.427532449589535,-122.16969840559021,1724969817.5675232
37.427532297536615,-122.16969875515866,1724969817.6701787
37.42753232377979,-122.1696990365554,1724969817.7718966
37.4275323000182,-122.16969910677886,1724969817.8757167
37.42753232670778,-122.16969920769907,1724969817.9804416
37.42753237378584,-122.16969932329503,1724969818.0772896
37.42753238508748,-122.16969935845424,1724969818.1762795
37.42753242806379,-122.16969920370988,1724969818.2845082
37.42753248671503,-122.16969901527168,1724969818.3864272
37.42753304713137,-122.16969874497605,1724969818.4793534
37.427533630824044,-122.16969837502799,1724969818.5834858
37.427534183557384,-122.16969782399906,1724969818.6901908
37.4275347769066,-122.1696980522316,1724969818.7858183
37.42753525216259,-122.16969777500961,1724969818.88844
37.42753513687597,-122.1696977859595,1724969818.9869733
37.427534997746584,-122.16969814139381,1724969819.0908718
37.42753487759925,-122.16969815716658,1724969819.178734
37.42753468195671,-122.16969768433518,1724969819.275937
37.427534589798405,-122.16969772357112,1724969819.384148
37.42753453016413,-122.16969770092803,1724969819.485222
37.42753447353242,-122.16969740436944,1724969819.5763898
37.42753438579723,-122.16969767621849,1724969819.6748743
37.42753432943124,-122.16969812548962,1724969819.7857394
37.42753427214046,-122.16969885368188,1724969819.8872473
37.427533984213945,-122.16970002979154,1724969819.991753
37.42753354365727,-122.16970152779933,1724969820.0941155
37.42753306516886,-122.16970305872036,1724969820.1960618
37.42753265459081,-122.16970442255383,1724969820.2983956
37.42753210376868,-122.16970553628325,1724969820.390364
37.42753221559193,-122.1697062819264,1724969820.491539
37.42753244443691,-122.1697067125339,1724969820.59075
37.42753317035763,-122.16970496254841,1724969820.7018003
37.42753387133241,-122.16970309245812,1724969820.80289
37.42753460518569,-122.16970148079714,1724969820.8972657
37.42753464098446,-122.16970043596544,1724969821.00257
37.42753492622103,-122.16969852746129,1724969821.1007795
37.42753476073651,-122.16969859807104,1724969821.198323
37.4275343702031,-122.16969972749497,1724969821.2983005
37.427533990217505,-122.1697004896625,1724969821.4034111
37.427533799307646,-122.16970070122893,1724969821.5078003
37.42753337118814,-122.1697016820289,1724969821.603884
37.4275329468372,-122.16970264359945,1724969821.711766
37.42753280919155,-122.1697025678857,1724969821.8090339
37.4275327265536,-122.1697025036021,1724969821.9223478
37.4275326311034,-122.16970242953828,1724969822.0257967
37.427532613384685,-122.16970238738436,1724969822.1179166
37.42753254190937,-122.16970227525191,1724969822.21648
37.42753240984195,-122.16970238606864,1724969822.318968
37.42753231265622,-122.16970233995752,1724969822.416713
37.427532289437266,-122.16970241624604,1724969822.5180314
37.427532232947755,-122.1697024127638,1724969822.616543
37.42753227563728,-122.16970243921149,1724969822.7183971
37.42753225390595,-122.16970227585534,1724969822.8168683
37.427532196555866,-122.16970230092382,1724969822.9181197
37.42753211336089,-122.1697021866903,1724969823.018032
37.427531988435774,-122.1697021799092,1724969823.1225932
37.4275318223341,-122.16970218358658,1724969823.2195425
37.42753161871575,-122.1697022335082,1724969823.3229842
37.42753160334348,-122.16970230787338,1724969823.4206421
37.427531539588145,-122.16970239803636,1724969823.5202467
37.427531519255936,-122.16970246492096,1724969823.6240854
37.42753136194531,-122.1697025206341,1724969823.719919
37.42753134618831,-122.16970251569008,1724969823.82344
37.427531144003886,-122.16970252059255,1724969823.920062
37.42753104898589,-122.16970247303587,1724969824.0244112
37.42753094041731,-122.16970251378908,1724969824.1237397
37.42753096154029,-122.1697025138806,1724969824.2281265
37.42753087552945,-122.16970257315053,1724969824.3270226
37.42753081873897,-122.16970258232953,1724969824.430555
37.42753076719977,-122.16970266558891,1724969824.5280232
37.42753066510026,-122.16970263393222,1724969824.6280117
37.42753059472139,-122.16970267927104,1724969824.7291622
37.42753057944065,-122.16970263662373,1724969824.8285956
37.42753052971988,-122.16970264885053,1724969824.9273257
37.42753046970454,-122.16970259945894,1724969825.0303528
37.427530471646506,-122.16970263816779,1724969825.1318688
37.427530405609566,-122.16970257181256,1724969825.235807
37.42753037903363,-122.16970268686899,1724969825.3404148
37.4275303974924,-122.16970275298448,1724969825.4444466
37.42753040684821,-122.1697027631697,1724969825.5471332
37.42753038869341,-122.16970278603999,1724969825.6482668
37.42753038381506,-122.16970289765653,1724969825.7471538
37.42753038858942,-122.16970281390293,1724969825.841998
37.42753030779204,-122.1697028703817,1724969825.947358
37.42753034691899,-122.16970327183537,1724969826.0457184
37.42753032172477,-122.16970377471634,1724969826.1431274
37.427530296503264,-122.16970427664897,1724969826.2466416
37.4275303290812,-122.16970499775981,1724969826.3424268
37.42753049581956,-122.16970589427243,1724969826.4458058
37.42753046784641,-122.16970668467975,1724969826.5418787
37.42753056422137,-122.16970743307778,1724969826.6493273
37.42753072214096,-122.16970822699062,1724969826.7510314
37.427530728752615,-122.16970884064216,1724969826.848365
37.42753054296144,-122.16970910431557,1724969826.950726
37.427530410599054,-122.16970921979637,1724969827.044272
37.42753057845318,-122.16970658594545,1724969827.1370401
37.427530888490686,-122.16970526335489,1724969827.2398922
37.42753114903511,-122.16970400627918,1724969827.3622227
37.427531520550644,-122.16970281252502,1724969827.4570487
37.42753188968271,-122.1697017541568,1724969827.5559893
37.427531983653,-122.16970332580095,1724969827.6649182
37.42753183847622,-122.16970352734222,1724969827.764967
37.42753182925747,-122.16970367942704,1724969827.8565137
37.427531801103456,-122.16970383746212,1724969827.961712
37.427531784064215,-122.1697038092517,1724969828.0555859
37.42753181889351,-122.16970378705098,1724969828.1535375
37.427531875844245,-122.16970374784205,1724969828.2622855
37.42753198217611,-122.16970372378594,1724969828.3622367
37.42753206212346,-122.16970368377909,1724969828.46194
37.427532217373965,-122.16970374307037,1724969828.5594242
37.427532291383486,-122.16970371389583,1724969828.6687267
37.42753236988746,-122.16970360946989,1724969828.7656717
37.42753247107743,-122.16970357168773,1724969828.9048603
37.42753259806289,-122.16970353441945,1724969829.0129223
37.42753272398907,-122.16970338372025,1724969829.150016
37.42753280755247,-122.16970328746292,1724969829.2271314
37.427532964572436,-122.1697033398917,1724969829.3069706
37.42753301832623,-122.16970330419942,1724969829.3836186
37.42753311728379,-122.16970323277984,1724969829.4724689
37.42753314624486,-122.16970321592072,1724969829.567838
37.42753317568004,-122.16970326554842,1724969829.6747
37.427533178877404,-122.16970321859836,1724969829.7763026
37.42753307302329,-122.16970322332008,1724969829.878338
37.42753298911081,-122.16970321778594,1724969829.9909344
37.4275329158987,-122.16970327610125,1724969830.0786216
37.42753281571539,-122.1697033172024,1724969830.1743977
37.42753272617872,-122.16970335194503,1724969830.277425
37.42753275942457,-122.1697033650312,1724969830.3802109
37.42753273406817,-122.16970343932027,1724969830.4834208
37.42753264613964,-122.16970345199537,1724969830.582386
37.42753265365425,-122.16970340774202,1724969830.6801233
37.427532583400826,-122.16970349274071,1724969830.7827792
37.4275325508353,-122.1697036487397,1724969830.8827317
37.42753252244521,-122.16970380973862,1724969830.9939651
37.42753253311742,-122.16970408022009,1724969831.0835392
37.427532497498454,-122.16970437419464,1724969831.1800203
37.42753246427235,-122.16970462608086,1724969831.2841039
37.42753242332457,-122.169704780245,1724969831.38471
37.42753242004491,-122.16970498169118,1724969831.5033398
37.42753239579677,-122.16970504525233,1724969831.5875413
37.42753233892272,-122.16970514326115,1724969831.6924636
37.42753235493041,-122.1697051260353,1724969831.795057
37.42753228596741,-122.16970524428203,1724969831.8959737
37.42753220784194,-122.16970533576746,1724969831.9984834
37.427532186483106,-122.16970539960653,1724969832.0900898
37.4275322252496,-122.1697054212545,1724969832.191611
37.42753212494813,-122.16970560513853,1724969832.295487
37.42753208015079,-122.16970562755596,1724969832.3998454
37.42753205686482,-122.16970558968927,1724969832.493856
37.42753177440652,-122.16970556599456,1724969832.6047435
37.427531546961276,-122.16970563275994,1724969832.6996775
37.42753133549816,-122.16970555038493,1724969832.796911
37.427531366548344,-122.16970565376116,1724969832.9017107
37.42753122991836,-122.16970570724784,1724969832.99672
37.42753134642213,-122.16970580396372,1724969833.1040266
37.42753148573368,-122.16970603574725,1724969833.2019553
37.42753175592042,-122.1697062301327,1724969833.3051488
37.42753175892982,-122.16970654710104,1724969833.4021213
37.42753187244972,-122.1697071903355,1724969833.5045276
37.42753194838654,-122.16970816100685,1724969833.5971515
37.42753211797272,-122.16970917388387,1724969833.7005296
37.427526883480944,-122.1697081345709,1724969833.8139713
37.427521626758754,-122.16970693236883,1724969833.9249227
37.427520281510894,-122.1697053429804,1724969834.0039
37.42752014671764,-122.16970475878242,1724969834.1051147
37.427519910611565,-122.16970400140809,1724969834.2106354
37.42752491449521,-122.1697034575548,1724969834.3108175
37.42753008146767,-122.16970479655403,1724969834.4147267
37.42753137476707,-122.16970633935432,1724969834.5094683
37.42753148376378,-122.16970658397861,1724969834.6126955
37.427531512637394,-122.16970679171752,1724969834.7155693
37.42753167464244,-122.16970728936714,1724969834.8125517
37.42753076527845,-122.16970697029707,1724969834.9163446
37.427531149065345,-122.1697055669916,1724969835.013262
37.427530218210414,-122.16970518284695,1724969835.11736
37.42753064501027,-122.16970536053633,1724969835.2229154
37.42753099540055,-122.16970724403045,1724969835.3206735
37.42753041990475,-122.16970708869992,1724969835.4152493
37.42753046433259,-122.1697070216294,1724969835.514176
37.42753133231776,-122.16970555266812,1724969835.6192346
37.427530799565275,-122.16970299892257,1724969835.7206113
37.42753034006416,-122.16970059166245,1724969835.8313227
37.42753222633458,-122.16969974499594,1724969835.9209123
37.42753224235492,-122.16969987073234,1724969836.0184975
37.42753283339011,-122.16970025720171,1724969836.1210365
37.427533374149206,-122.16970124738998,1724969836.226109
37.42753398081142,-122.1697017158423,1724969836.3241735
37.42753413098532,-122.16970126247331,1724969836.4365456
37.427496568559235,-122.16970469371623,1724970038.588743
37.4274967266616,-122.16970543346078,1724970039.0679777
37.42749702017746,-122.16970511612693,1724970039.5077627
37.42749681972585,-122.16970551367238,1724970039.964388
37.42749682956512,-122.16970522329133,1724970040.4139483
37.42749692112323,-122.1697053544169,1724970040.849869
37.42749697831187,-122.16970537037484,1724970041.335367
37.42749691314591,-122.16970547788571,1724970041.7903214
37.42750385455914,-122.16969985248281,1724970042.280571
37.42750768916777,-122.16969271855007,1724970042.7826653
37.42751476558814,-122.16968750642205,1724970043.278163
37.42751474364113,-122.16968750830762,1724970043.766607
37.42752181903874,-122.16968246429701,1724970044.2820768
37.427514897235866,-122.16968804714162,1724970044.74924
37.427519669854966,-122.16969301823936,1724970045.1822565
37.427512520678306,-122.169698235003,1724970045.6288357
37.42751266117976,-122.16969928289926,1724970046.037214
37.42750563554323,-122.16970425468446,1724970046.5114477
37.42750564783518,-122.16970423995853,1724970046.9746945
37.42750403821239,-122.16970184466936,1724970047.3859627
37.42750704944155,-122.1696947108445,1724970047.8418808
37.42750689532909,-122.16969351028219,1724970048.2973788
37.42751435623856,-122.16969080697119,1724970048.7600214
37.42751434551371,-122.16969081017666,1724970049.2046778
37.427511523973294,-122.16968739208595,1724970049.6438947
37.42751073095413,-122.1696877686052,1724970050.1128933
37.42751347556749,-122.16968002717864,1724970050.549466
37.427510160240764,-122.16967498993061,1724970050.9897275
37.42751716085128,-122.16967243340845,1724970051.43041
37.42751483033548,-122.16967310372246,1724970051.8474138
37.42751431588621,-122.16967242102133,1724970052.2835858
37.42751380190428,-122.16967227616969,1724970052.7559268
37.42751298266413,-122.16967177102161,1724970053.2086105
37.427512829315276,-122.16967120562678,1724970053.726467
37.427512734169774,-122.16967155268938,1724970054.5873904
37.427513190931464,-122.16967214767132,1724970055.036918
37.42751524963349,-122.16967242368503,1724970055.5067635
37.42751188405239,-122.1696806309452,1724970055.9913657
37.42750499003935,-122.16968364491261,1724970056.4580383
37.427503205210144,-122.16969058499237,1724970056.9164624
37.42750729102836,-122.16969513929948,1724970057.4205298
37.427505726273246,-122.16968836010786,1724970057.870614
37.427507957636756,-122.16968053288333,1724970058.3139763
37.42751114619213,-122.16967402700435,1724970058.807483
37.42751392873198,-122.16966618514392,1724970059.251115
37.42751040963887,-122.16966093090439,1724970059.7806084
37.42751022085895,-122.16966806361587,1724970060.2579262
37.42751018596806,-122.16966826862534,1724970060.7369866
37.42750914828887,-122.16966748833303,1724970061.2237659
37.427508658892435,-122.16966187053907,1724970061.653604
37.42750788865948,-122.1696566839957,1724970062.1245377
37.42751017406322,-122.1696562047052,1724970062.5889974
37.427512751999366,-122.16965616720789,1724970063.0708585
37.427515304030564,-122.1696564094477,1724970063.5206835
37.42751759694894,-122.16966292825332,1724970063.973019
37.42751758754797,-122.16966869494051,1724970064.4223833
37.427517854652045,-122.16966862865468,1724970064.8349051
37.42751515295654,-122.16966931886708,1724970065.2851746
37.427512730293884,-122.16966936283137,1724970065.7197442
37.4275081159857,-122.16967640100759,1724970066.1462746
37.427508344285854,-122.16967603049932,1724970066.588713
37.42750550666576,-122.16967767195483,1724970067.0204628
37.4275047180912,-122.16967780825719,1724970067.5044463
37.42750034178795,-122.1696763736424,1724970067.9955082
37.42750382359812,-122.1696694255058,1724970068.4919481
37.42750259831873,-122.16967005261566,1724970068.99221
37.42749997881533,-122.16967121607505,1724970069.4896145
37.427498294905746,-122.16967317538524,1724970069.9829364
37.42750106039953,-122.16967846614813,1724970070.4613118
37.42742951331676,-122.16973053259372,1724970287.1629395
37.42756382525691,-122.16961357904576,1724970287.4956746
37.42756629293335,-122.16959812213598,1724970287.8293285
37.42762225493179,-122.16956891471635,1724970288.1446764
37.42754244643434,-122.16965395774874,1724970288.4403694
37.42758290997971,-122.16962803692834,1724970288.7672906
37.42757122214319,-122.16962345522738,1724970289.1033194
37.42756476048285,-122.16962233277224,1724970289.4118288
37.42754256845618,-122.1696284814865,1724970289.6945875
37.42754629487313,-122.16959316040848,1724970290.033297
37.427514432008905,-122.16959552191445,1724970290.3823402
37.427551032945644,-122.1696172698574,1724970290.7364397
37.42753803711598,-122.16963788292337,1724970291.0685456
37.42755226292436,-122.16963248935113,1724970291.4255693
37.427533716338765,-122.16966475474197,1724970291.7751472
37.42755538228336,-122.16965791044855,1724970292.1402102
37.42750631095336,-122.16962540914857,1724970292.498296
37.42750719101188,-122.16963243676817,1724970292.8475986
37.4274999462218,-122.1696281425994,1724970293.2255034
37.427506569984565,-122.16959442459101,1724970293.6201882
37.427485995211434,-122.16958921466431,1724970293.9924283
37.427505799198265,-122.16961916129078,1724970294.3659358
37.427506422384766,-122.16958337140741,1724970294.751865
37.42751019062782,-122.16958771352466,1724970295.1296077
37.42753781874985,-122.16958353685754,1724970295.530569
37.42755401370483,-122.16963925562412,1724970308.2838569
37.427545776382054,-122.16960974326439,1724970308.6006439
37.4275428423501,-122.16964317105987,1724970308.913779
37.42755012276119,-122.16976089556285,1724970309.197939
37.42754824236158,-122.16965664227449,1724970309.5002315
37.42755889686674,-122.16966782081234,1724970309.7829413
37.42757943918923,-122.16967038396808,1724970310.0829327
37.42757369014591,-122.16967344376071,1724970310.3680425
37.42761172651484,-122.16965205558847,1724970310.6588478
37.427609073820335,-122.16964423503039,1724970310.9516578
37.427634734274044,-122.1696524161376,1724970311.2321985
37.42765205871313,-122.16967334538175,1724970311.5109453
37.42767914608096,-122.16969030664208,1724970311.7762644
37.427664529573974,-122.1697088322866,1724970312.0506098
37.4276837753127,-122.16972619980852,1724970312.3130634
37.42764541988932,-122.16971910303143,1724970312.5890734
37.42759951813897,-122.1697219485245,1724970312.834882
37.42756255668614,-122.16969281898619,1724970313.0806208
37.42753380295278,-122.16966124577905,1724970313.349322
37.4275337483557,-122.16966566670942,1724970313.6125278
37.427562146781455,-122.1696454020478,1724970313.8727963
37.427560638919466,-122.16963967596006,1724970314.1093345
37.42756428135846,-122.16963647516987,1724970314.3710263
37.4275850426924,-122.16963579785656,1724970314.637354
37.427587741134126,-122.16961317315797,1724970314.8859248
37.427538141879005,-122.16961093549006,1724970315.132173
37.427570214295486,-122.16957998164101,1724970315.3937933
37.427607246401045,-122.16959974847433,1724970315.6492343
37.42756406918718,-122.1695912124096,1724970315.8900545
37.427559630193215,-122.16958742908584,1724970316.1300635
37.4275965808269,-122.1695938160189,1724970316.368719
37.42755733752243,-122.1696077921524,1724970316.6260798
37.42754772877254,-122.1696009152344,1724970316.8656754
37.427595584931396,-122.16960130909331,1724970317.106803
37.42759474302721,-122.16962186458179,1724970317.3449311
37.427593566434865,-122.16961950286124,1724970317.5776281
37.42762311271485,-122.16963146480981,1724970317.8339927
37.42758536484693,-122.16962620852911,1724970318.0763092
37.427538275585356,-122.16964350335395,1724970318.331425
37.42750459099486,-122.16963317966166,1724970318.584452
37.4274663649622,-122.16963933391892,1724970318.8716545
37.42746186241409,-122.16962942822423,1724970319.130563
37.42746559576799,-122.16963229983816,1724970319.3861542
37.427541059318905,-122.16970300301465,1724970532.618937
37.42754084909788,-122.16970293324195,1724970532.754181
37.42754058476173,-122.16970313304596,1724970532.8405297
37.427540869326336,-122.16970299975127,1724970532.920292
37.427540830033536,-122.16970315979852,1724970533.0097263
37.42754071068233,-122.16970319185315,1724970533.1099026
37.4275407083483,-122.1697032589762,1724970533.213274
37.42754072049525,-122.169703294587,1724970533.3107781
37.42754068880125,-122.16970335998477,1724970533.4073098
37.427540697876076,-122.16970327248883,1724970533.5109446
37.427540723473726,-122.16970332192798,1724970533.6165879
37.42754069653196,-122.16970334995935,1724970533.719271
37.42754073253974,-122.16970336242294,1724970533.8145325
37.42754073785373,-122.16970335274432,1724970533.9139886
37.42754069778371,-122.16970332585265,1724970534.0135252
37.427540730836654,-122.16970337397298,1724970534.1160514
37.427540762528714,-122.1697034958351,1724970534.2139366
37.4275407357472,-122.16970360319976,1724970534.3176792
37.42754067925555,-122.16970369666055,1724970534.413078
37.42754062641859,-122.16970383983023,1724970534.5159287
37.42754055187631,-122.16970388645652,1724970534.6147294
37.42754045603257,-122.16970386966258,1724970534.719958
37.427540349585115,-122.16970391250574,1724970534.8208067
37.42754028892488,-122.16970404309923,1724970534.917022
37.427540210050985,-122.16970412093917,1724970535.0202594
37.42754017473342,-122.16970419452917,1724970535.1207376
37.4275400708855,-122.16970434279017,1724970535.219948
37.42753998267857,-122.16970438224172,1724970535.3237123
37.42753988173994,-122.16970443024528,1724970535.4203715
37.427539810570536,-122.1697044880434,1724970535.5253181
37.42753967414184,-122.16970473040503,1724970535.619249
37.42753963818259,-122.16970500889971,1724970535.7249718
37.427539575282196,-122.16970549129042,1724970535.8259957
37.42753949285882,-122.16970605339836,1724970535.9287348
37.427539419101464,-122.16970665374355,1724970536.0271485
37.4275393736747,-122.16970699850388,1724970536.1293657
37.427539306997346,-122.16970743376709,1724970536.2275255
37.427539322952605,-122.16970778081456,1724970536.331492
37.42753944810821,-122.16970792952486,1724970536.4273615
37.42753956526889,-122.16970816981672,1724970536.5343256
37.42753976091507,-122.16970844880758,1724970536.6279356
37.427540002644726,-122.1697082355142,1724970536.7343843
37.427539914473506,-122.16970768459217,1724970536.8305352
37.42754014433141,-122.16970717004651,1724970536.9322495
37.42753958215365,-122.16970484604141,1724970537.0337605
37.42753894768402,-122.16970259409621,1724970537.1381674
37.42753829836389,-122.16970109400735,1724970537.240323
37.42753834641423,-122.16969999455745,1724970537.3389513
37.427537577467255,-122.16969878693116,1724970537.4371264
37.42753786927684,-122.16969885435341,1724970537.541769
37.427538007130856,-122.16969931522422,1724970537.6438353
37.42753818144337,-122.16969942306042,1724970537.7485373
37.42753787331266,-122.16969978317593,1724970537.847001
37.427537936646736,-122.16970021164772,1724970537.9478335
37.427537901173636,-122.16970078929972,1724970538.0423608
37.42753791493968,-122.16970116244639,1724970538.1704953
37.42753773301765,-122.16970151337866,1724970538.2527938
37.42753770281814,-122.1697014059601,1724970538.3485813
37.427537833115245,-122.16970137904593,1724970538.4504046
37.42753754481129,-122.16970158206375,1724970538.5489738
37.42753734691357,-122.16970156973471,1724970538.6469908
37.42753742240083,-122.16970147784582,1724970538.7493591
37.42753722867362,-122.16970146266728,1724970538.8504553
37.42753699720653,-122.16970143950888,1724970538.9503453
37.42753701134744,-122.16970124638087,1724970539.048677
37.4275371788594,-122.16970123650601,1724970539.1534762
37.427537185575936,-122.16970124920248,1724970539.2520163
37.42753691569853,-122.16970132419547,1724970539.3521612
37.42753667715164,-122.16970103112935,1724970539.4529467
37.427536560021665,-122.16970095655724,1724970539.5549474
37.427536208764074,-122.16970067922844,1724970539.654469
37.42753492215515,-122.16970036407655,1724970539.7546213
37.42753505889059,-122.16969972206178,1724970539.8559537
37.42753468735105,-122.16969943739237,1724970539.9594305
37.42753454369756,-122.1696991782457,1724970540.0706325
37.42753442563031,-122.16969865762194,1724970540.1668403
37.427534706002284,-122.16969820860496,1724970540.2604797
37.42753410321068,-122.16969794642226,1724970540.3608882
37.42753413903115,-122.16969775983311,1724970540.4667985
37.42753355521175,-122.1696977428885,1724970540.5658476
37.42753295574834,-122.16969799617512,1724970540.6635218
37.42753290851819,-122.16969819123233,1724970540.764438
37.42753283279076,-122.16969846669265,1724970540.8681016
37.42753206027263,-122.16969892520761,1724970540.9701593
37.42753192581405,-122.1696990461901,1724970541.0656416
37.42753236048531,-122.16969911432544,1724970541.1699765
37.427532207213716,-122.16969913738362,1724970541.269074
37.42753258015861,-122.16969920510371,1724970541.369326
37.427533150290586,-122.16969926903666,1724970541.470776
37.427532605212754,-122.16969922482606,1724970541.5719879
37.42753223928171,-122.16969943252937,1724970541.6790466
37.42753241488421,-122.16969979065922,1724970541.7739882
37.42753203789964,-122.16969955989929,1724970541.8877096
37.42753189836915,-122.16969895313898,1724970541.990186
37.42753281709284,-122.16969862533723,1724970542.0893471
37.42753274916484,-122.16969823984869,1724970542.1727421
37.42753274546565,-122.16969807052702,1724970542.2889695
37.42753271496133,-122.16969871044266,1724970542.3841286
37.42753294420139,-122.16969984462897,1724970542.4869838
37.42753264560651,-122.16970100156188,1724970542.5889413
37.42753247096983,-122.16970208657094,1724970542.6874814
37.42753215010206,-122.16970284051766,1724970542.788846
37.42753179601226,-122.1697033546408,1724970542.8876987
37.42753178371927,-122.16970198310075,1724970542.980138
37.42753192638416,-122.16970125530348,1724970543.0781972
37.42753243037267,-122.16969978331723,1724970543.1930323
37.42753311946208,-122.16969832590077,1724970543.286242
37.42753383365334,-122.16969703691998,1724970543.3906155
37.42753359143455,-122.16969726195254,1724970543.498119
37.42753368634061,-122.16969697349468,1724970543.5982184
37.42753320470427,-122.16969727167917,1724970543.6932888
37.42753270752706,-122.1696975633444,1724970543.7884467
37.42753250212185,-122.16969766826038,1724970543.8996189
37.427532632075895,-122.16969807898796,1724970544.0008347
37.42753244659387,-122.1696979938424,1724970544.1195357
37.42753267481654,-122.16969801828324,1724970544.2145991
37.42753269128545,-122.16969803160356,1724970544.3004835
37.42753254410893,-122.16969807061659,1724970544.4085228
37.42753252335651,-122.16969779125465,1724970544.5001717
37.42753258293728,-122.16969848012852,1724970544.6030955
37.427532535548806,-122.16969846333244,1724970544.7076564
37.42753269266095,-122.16969865049613,1724970544.8098347
37.42753275859391,-122.1696989004069,1724970544.9051156
37.427532712225606,-122.16969895124053,1724970545.005855
37.42753275940742,-122.16969836512745,1724970545.1143215
37.42753291532451,-122.16969842756136,1724970545.2127962
37.42753277425337,-122.16969829840683,1724970545.3121011
37.42753269180467,-122.16969833981601,1724970545.4111269
37.42753264969538,-122.16969835042421,1724970545.5152547
37.427532449589535,-122.16969840559021,1724970545.6129165
37.427532297536615,-122.16969875515866,1724970545.7134788
37.42753232377979,-122.1696990365554,1724970545.8110278
37.4275323000182,-122.16969910677886,1724970545.9159102
37.42753232670778,-122.16969920769907,1724970546.015481
37.42753237378584,-122.16969932329503,1724970546.1154392
37.42753238508748,-122.16969935845424,1724970546.2231693
37.42753242806379,-122.16969920370988,1724970546.319015
37.42753248671503,-122.16969901527168,1724970546.4170692
37.42753304713137,-122.16969874497605,1724970546.5173104
37.427533630824044,-122.16969837502799,1724970546.6206934
37.427534183557384,-122.16969782399906,1724970546.719814
37.4275347769066,-122.1696980522316,1724970546.8209038
37.42753525216259,-122.16969777500961,1724970546.9241624
37.42753513687597,-122.1696977859595,1724970547.0267959
37.427534997746584,-122.16969814139381,1724970547.1340275
37.42753487759925,-122.16969815716658,1724970547.219837
37.42753468195671,-122.16969768433518,1724970547.321885
37.427534589798405,-122.16969772357112,1724970547.419962
37.42753453016413,-122.16969770092803,1724970547.5178053
37.42753447353242,-122.16969740436944,1724970547.6187704
37.42753438579723,-122.16969767621849,1724970547.7172375
37.42753432943124,-122.16969812548962,1724970547.8278043
37.42753427214046,-122.16969885368188,1724970547.9367745
37.427533984213945,-122.16970002979154,1724970548.0366569
37.42753354365727,-122.16970152779933,1724970548.141345
37.42753306516886,-122.16970305872036,1724970548.2439048
37.42753265459081,-122.16970442255383,1724970548.3446102
37.42753210376868,-122.16970553628325,1724970548.4333816
37.42753221559193,-122.1697062819264,1724970548.5386865
37.42753244443691,-122.1697067125339,1724970548.636421
37.42753317035763,-122.16970496254841,1724970548.743488
37.42753387133241,-122.16970309245812,1724970548.837886
37.42753460518569,-122.16970148079714,1724970548.9406977
37.42753464098446,-122.16970043596544,1724970549.0397942
37.42753492622103,-122.16969852746129,1724970549.1469586
37.42753476073651,-122.16969859807104,1724970549.2532914
37.4275343702031,-122.16969972749497,1724970549.3478472
37.427533990217505,-122.1697004896625,1724970549.444372
37.427533799307646,-122.16970070122893,1724970549.556039
37.42753337118814,-122.1697016820289,1724970549.6448643
37.4275329468372,-122.16970264359945,1724970549.7547057
37.42753280919155,-122.1697025678857,1724970549.8589435
37.4275327265536,-122.1697025036021,1724970549.9557931
37.4275326311034,-122.16970242953828,1724970550.058336
37.427532613384685,-122.16970238738436,1724970550.1595943
37.42753254190937,-122.16970227525191,1724970550.2581422
37.42753240984195,-122.16970238606864,1724970550.3581302
37.42753231265622,-122.16970233995752,1724970550.4619918
37.427532289437266,-122.16970241624604,1724970550.5600502
37.427532232947755,-122.1697024127638,1724970550.6586616
37.42753227563728,-122.16970243921149,1724970550.7570796
37.42753225390595,-122.16970227585534,1724970550.858427
37.427532196555866,-122.16970230092382,1724970550.9615774
37.42753211336089,-122.1697021866903,1724970551.063084
37.427531988435774,-122.1697021799092,1724970551.1708524
37.4275318223341,-122.16970218358658,1724970551.2682395
37.42753161871575,-122.1697022335082,1724970551.3638508
37.42753160334348,-122.16970230787338,1724970551.4620757
37.427531539588145,-122.16970239803636,1724970551.5623677
37.427531519255936,-122.16970246492096,1724970551.6650276
37.42753136194531,-122.1697025206341,1724970551.7607274
37.42753134618831,-122.16970251569008,1724970551.8641226
37.427531144003886,-122.16970252059255,1724970551.9642928
37.42753104898589,-122.16970247303587,1724970552.0700557
37.42753094041731,-122.16970251378908,1724970552.1701107
37.42753096154029,-122.1697025138806,1724970552.268308
37.42753087552945,-122.16970257315053,1724970552.3783407
37.42753081873897,-122.16970258232953,1724970552.475227
37.42753076719977,-122.16970266558891,1724970552.5756445
37.42753066510026,-122.16970263393222,1724970552.670702
37.42753059472139,-122.16970267927104,1724970552.7708833
37.42753057944065,-122.16970263662373,1724970552.8692012
37.42753052971988,-122.16970264885053,1724970552.97115
37.42753046970454,-122.16970259945894,1724970553.071803
37.427530471646506,-122.16970263816779,1724970553.1785607
37.427530405609566,-122.16970257181256,1724970553.2790887
37.42753037903363,-122.16970268686899,1724970553.3748693
37.4275303974924,-122.16970275298448,1724970553.4787781
37.42753040684821,-122.1697027631697,1724970553.5772977
37.42753038869341,-122.16970278603999,1724970553.679765
37.42753038381506,-122.16970289765653,1724970553.7811604
37.42753038858942,-122.16970281390293,1724970553.8850112
37.42753030779204,-122.1697028703817,1724970553.9870548
37.42753034691899,-122.16970327183537,1724970554.0848022
37.42753032172477,-122.16970377471634,1724970554.1847928
37.427530296503264,-122.16970427664897,1724970554.2862968
37.4275303290812,-122.16970499775981,1724970554.3932257
37.42753049581956,-122.16970589427243,1724970554.487681
37.42753046784641,-122.16970668467975,1724970554.5908337
37.42753056422137,-122.16970743307778,1724970554.6873786
37.42753072214096,-122.16970822699062,1724970554.7859526
37.427530728752615,-122.16970884064216,1724970554.8991134
37.42753054296144,-122.16970910431557,1724970554.9893727
37.427530410599054,-122.16970921979637,1724970555.0885499
37.42753057845318,-122.16970658594545,1724970555.17718
37.427530888490686,-122.16970526335489,1724970555.2839992
37.42753114903511,-122.16970400627918,1724970555.3872354
37.427531520550644,-122.16970281252502,1724970555.4852705
37.42753188968271,-122.1697017541568,1724970555.5890517
37.427531983653,-122.16970332580095,1724970555.690524
37.42753183847622,-122.16970352734222,1724970555.791903
37.42753182925747,-122.16970367942704,1724970555.8995316
37.427531801103456,-122.16970383746212,1724970555.9978368
37.427531784064215,-122.1697038092517,1724970556.0973985
37.42753181889351,-122.16970378705098,1724970556.1947682
37.427531875844245,-122.16970374784205,1724970556.2992346
37.42753198217611,-122.16970372378594,1724970556.3980196
37.42753206212346,-122.16970368377909,1724970556.501848
37.427532217373965,-122.16970374307037,1724970556.601179
37.427532291383486,-122.16970371389583,1724970556.7110481
37.42753236988746,-122.16970360946989,1724970556.8054593
37.42753247107743,-122.16970357168773,1724970556.906933
37.42753259806289,-122.16970353441945,1724970557.0118904
37.42753272398907,-122.16970338372025,1724970557.1109388
37.42753280755247,-122.16970328746292,1724970557.21209
37.427532964572436,-122.1697033398917,1724970557.309519
37.42753301832623,-122.16970330419942,1724970557.4098206
37.42753311728379,-122.16970323277984,1724970557.5141985
37.42753314624486,-122.16970321592072,1724970557.6099067
37.42753317568004,-122.16970326554842,1724970557.7169168
37.427533178877404,-122.16970321859836,1724970557.8126523
37.42753307302329,-122.16970322332008,1724970557.9210427
37.42753298911081,-122.16970321778594,1724970558.0192833
37.4275329158987,-122.16970327610125,1724970558.1201012
37.42753281571539,-122.1697033172024,1724970558.2202156
37.42753272617872,-122.16970335194503,1724970558.3271666
37.42753275942457,-122.1697033650312,1724970558.423897
37.42753273406817,-122.16970343932027,1724970558.532607
37.42753264613964,-122.16970345199537,1724970558.6250398
37.42753265365425,-122.16970340774202,1724970558.7275488
37.427532583400826,-122.16970349274071,1724970558.8260744
37.4275325508353,-122.1697036487397,1724970558.9295058
37.42753252244521,-122.16970380973862,1724970559.02489
37.42753253311742,-122.16970408022009,1724970559.1251755
37.427532497498454,-122.16970437419464,1724970559.2311473
37.42753246427235,-122.16970462608086,1724970559.3339417
37.42753242332457,-122.169704780245,1724970559.546637
37.42753242004491,-122.16970498169118,1724970559.6539998
37.42753239579677,-122.16970504525233,1724970559.7340717
37.42753233892272,-122.16970514326115,1724970559.8155756
37.42753235493041,-122.1697051260353,1724970559.9000416
37.42753228596741,-122.16970524428203,1724970559.973889
37.42753220784194,-122.16970533576746,1724970560.0515063
37.427532186483106,-122.16970539960653,1724970560.1362686
37.4275322252496,-122.1697054212545,1724970560.2333193
37.42753212494813,-122.16970560513853,1724970560.3332276
37.42753208015079,-122.16970562755596,1724970560.4447975
37.42753205686482,-122.16970558968927,1724970560.5381377
37.42753177440652,-122.16970556599456,1724970560.6465354
37.427531546961276,-122.16970563275994,1724970560.7401104
37.42753133549816,-122.16970555038493,1724970560.8407614
37.427531366548344,-122.16970565376116,1724970560.9405935
37.42753122991836,-122.16970570724784,1724970561.0428598
37.42753134642213,-122.16970580396372,1724970561.34996
37.42753148573368,-122.16970603574725,1724970561.4538426
37.42753175592042,-122.1697062301327,1724970561.5412204
37.42753175892982,-122.16970654710104,1724970561.623056
37.42753187244972,-122.1697071903355,1724970561.703912
37.42753194838654,-122.16970816100685,1724970561.7887003
37.42753211797272,-122.16970917388387,1724970561.8716962
37.427526883480944,-122.1697081345709,1724970561.9476027
37.427521626758754,-122.16970693236883,1724970562.01925
37.427520281510894,-122.1697053429804,1724970562.0890255
37.42752014671764,-122.16970475878242,1724970562.1592252
37.427519910611565,-122.16970400140809,1724970562.25314
37.42752491449521,-122.1697034575548,1724970562.3523402
37.42753008146767,-122.16970479655403,1724970562.455856
37.42753137476707,-122.16970633935432,1724970562.5507746
37.42753148376378,-122.16970658397861,1724970562.658417
37.427531512637394,-122.16970679171752,1724970562.7576294
37.42753167464244,-122.16970728936714,1724970562.8581347
37.42753076527845,-122.16970697029707,1724970562.9585783
37.427531149065345,-122.1697055669916,1724970563.0590146
37.427530218210414,-122.16970518284695,1724970563.1597226
37.42753064501027,-122.16970536053633,1724970563.263645
37.42753099540055,-122.16970724403045,1724970563.359986
37.42753041990475,-122.16970708869992,1724970563.4587736
37.42753046433259,-122.1697070216294,1724970563.557355
37.42753133231776,-122.16970555266812,1724970563.6609714
37.427530799565275,-122.16970299892257,1724970563.7602987
37.42753034006416,-122.16970059166245,1724970563.864951
37.42753222633458,-122.16969974499594,1724970563.9664102
37.42753224235492,-122.16969987073234,1724970564.0726209
37.42753283339011,-122.16970025720171,1724970564.1648912
37.427533374149206,-122.16970124738998,1724970564.2767417
37.42753398081142,-122.1697017158423,1724970564.3721104
37.42753413098532,-122.16970126247331,1724970564.4729145
37.42753423949955,-122.16970061175061,1724970564.578452
37.427534330908145,-122.16969989087234,1724970564.676172
37.42753451184609,-122.1696991591142,1724970564.7798917
37.427534682628036,-122.16969900296132,1724970564.8743021
37.42753489224199,-122.16969908324427,1724970564.9807904
37.42753502556569,-122.16969932652094,1724970565.077583
37.427535083880294,-122.16969982058409,1724970565.1773336
37.427535093740076,-122.16970007747602,1724970565.2798967
37.427535213305895,-122.16970003986384,1724970565.3787775
37.427535269092296,-122.1697000221725,1724970565.4821737
37.42753535920038,-122.16969979790814,1724970565.5817778
37.42753548071438,-122.16969948770303,1724970565.682316
37.42753569692371,-122.16969913668161,1724970565.7856936
37.42753573801155,-122.16969889341638,1724970565.8897743
37.42753576232006,-122.16969891677141,1724970565.9874272
37.42753572125758,-122.16969913888408,1724970566.0998552
37.42753567722264,-122.16969916982191,1724970566.1934965
37.427535535710035,-122.16969936364518,1724970566.2886403
37.42753540209741,-122.16969941759297,1724970566.39145
37.427535280219274,-122.16969920166711,1724970566.4876575
37.42753524736441,-122.16969895743135,1724970566.5896442
37.42753524947028,-122.16969891232364,1724970566.6930954
37.42753524174689,-122.1696988564333,1724970566.7995853
37.42753526412245,-122.1696988685878,1724970566.8937323
37.4275353071746,-122.16969888673987,1724970566.989308
37.427535290610955,-122.16969908163183,1724970567.1033957
37.427535288175534,-122.16969939183561,1724970567.1991463
37.427535306686096,-122.16969994682394,1724970567.3008423
37.427535414268654,-122.16970073767088,1724970567.392723
37.42753552636475,-122.1697018049292,1724970567.5035903
37.42753570663136,-122.1697031924737,1724970567.600419
37.427535879640494,-122.16970470642656,1724970567.6966689
37.42753609579821,-122.16970620567616,1724970567.7996962
37.4275359330386,-122.16970767344009,1724970567.8973727
37.427529906262436,-122.16970695233202,1724970567.9923277
37.427523869240396,-122.16970593198639,1724970568.1019676
37.42751781681691,-122.16970466321027,1724970568.201725
37.42751802568422,-122.16970266805002,1724970568.3047652
37.42751829015122,-122.16970042640385,1724970568.3944921
37.42752443583161,-122.16970007634448,1724970568.501688
37.427530648375416,-122.16969957206017,1724970568.6052651
37.42753677092411,-122.16969908759641,1724970568.7060459
37.427536561818634,-122.16969903717381,1724970568.8080688
37.42753656553973,-122.16969892606387,1724970568.9165604
37.42753662849638,-122.1696988691292,1724970569.0027637
37.42753653914683,-122.16969871445582,1724970569.098557
37.42753656448691,-122.16969848125278,1724970569.2075145
37.42753663412056,-122.16969833465662,1724970569.3134267
37.4275366446061,-122.16969814177668,1724970569.4197218
37.427536622044684,-122.16969790554474,1724970569.5249438
37.42753667214527,-122.1696977729454,1724970569.619984
37.42753666456495,-122.169697748695,1724970569.7164152
37.4275366615637,-122.16969761880954,1724970569.8139455
37.42753667915804,-122.16969762193203,1724970569.9151008
37.4275365982801,-122.16969762212962,1724970570.0150115
37.4275364964371,-122.16969762309395,1724970570.1156766
37.427536461869025,-122.16969762397129,1724970570.220776
37.42753639152345,-122.16969729617142,1724970570.3212
37.42753626922277,-122.16969732142965,1724970570.4226835
37.427536228260394,-122.16969732376587,1724970570.5202603
37.42753627176795,-122.1696973148998,1724970570.618926
37.42753621398459,-122.16969723956498,1724970570.7213185
37.42753618248499,-122.16969721004132,1724970570.8235023
37.42753623479884,-122.1696972123141,1724970570.9268665
37.427536233305844,-122.16969720613686,1724970571.0244403
37.427536178981065,-122.16969719476918,1724970571.1239705
37.427536213920135,-122.16969718861051,1724970571.223374
37.42753624580168,-122.16969753707862,1724970571.3347485
37.42753624916961,-122.16969752382228,1724970571.443652
37.42753625997782,-122.16969753845521,1724970571.5407293
37.427536298918966,-122.16969761709032,1724970571.6407478
37.42753626512767,-122.16969761650485,1724970571.740338
37.427536202355554,-122.16969764289429,1724970571.8443997
37.42753620736535,-122.169697633168,1724970571.9512973
37.42753621686317,-122.16969761211607,1724970572.0432181
37.42753625391862,-122.16969752889378,1724970572.1400957
37.42753628646717,-122.16969753472812,1724970572.2345476
37.42753631551288,-122.16969753732414,1724970572.3353977
37.42753634236851,-122.16969756715837,1724970572.4340057
37.427536364648496,-122.16969756821833,1724970572.5439475
37.427536319910885,-122.16969758119399,1724970572.6429186
37.4275363674014,-122.16969763606234,1724970572.7380888
37.42753636958138,-122.16969761670539,1724970572.843925
37.427536346024745,-122.16969759634438,1724970572.9393616
37.42753631772273,-122.16969761194824,1724970573.041063
37.427536402682655,-122.16969725034367,1724970573.1414843
37.42753631541642,-122.1696971984296,1724970573.2429361
37.427536339440955,-122.16969719462291,1724970573.3419948
37.42753633328058,-122.16969721106248,1724970573.4421988
37.42753628712473,-122.16969721743422,1724970573.543822
37.42753620344985,-122.16969758338826,1724970573.650901
37.427536299290374,-122.1696975771648,1724970573.7652514
37.42753644419391,-122.16969758319699,1724970573.8591182
37.42753639500051,-122.16969720687209,1724970573.9540427
37.42753644207599,-122.16969718050905,1724970574.0572577
37.427536439965614,-122.16969717479766,1724970574.1600387
37.42753634532012,-122.16969717362875,1724970574.2621365
37.42753617380994,-122.16969718033477,1724970574.3593009
37.42753622632681,-122.1696975339102,1724970574.4540715
37.42753628707039,-122.16969754508163,1724970574.5672534
37.42753787573922,-122.16969685189065,1724970574.8661997
37.42753952122881,-122.16969623094583,1724970574.9600627
37.427541098140786,-122.16969553778112,1724970575.059007
37.42754263186679,-122.16969484957623,1724970575.1627233
37.42754413863061,-122.16969415314985,1724970575.263968
37.42754413178153,-122.16969414674128,1724970575.3596766
37.42754405554153,-122.16969407347074,1724970575.463613
37.42754403429505,-122.16969408026773,1724970575.5644917
37.42754408121501,-122.16969410825816,1724970575.6607578
37.4275441543341,-122.16969414658128,1724970575.7628038
37.427544159043165,-122.16969420349467,1724970575.869264
37.427544167119294,-122.169694313611,1724970575.9628494
37.42754418631126,-122.16969442282367,1724970576.0715628
37.42754413498708,-122.16969457678063,1724970576.1653337
37.427544120777874,-122.16969465010578,1724970576.2604506
37.427544159961336,-122.16969481219937,1724970576.371234
37.42754420004725,-122.1696948578576,1724970576.4622133
37.42754414971553,-122.16969489824899,1724970576.568268
37.42754419647093,-122.16969494852209,1724970576.6649404
37.42754415091315,-122.16969501087824,1724970576.768371
37.42754403915688,-122.16969501775128,1724970576.869107
37.42754399209579,-122.16969518225966,1724970576.9761882
37.42754402390644,-122.1696953849152,1724970577.1016335
37.42754398249747,-122.16969560683779,1724970577.198359
37.427543908893966,-122.16969591980435,1724970577.284859
37.427543866959105,-122.16969625585712,1724970577.381284
37.42754374741093,-122.16969648427077,1724970577.4906044
37.427543655514256,-122.16969667380722,1724970577.5751007
37.4275436040541,-122.16969680640771,1724970577.7051888
37.427543521836775,-122.16969689041213,1724970577.7930827
37.42754346932506,-122.16969691933227,1724970577.8984525
37.427543470361776,-122.1696969605599,1724970577.9897373
37.42754344178437,-122.16969707953751,1724970578.0846574
37.42754333448089,-122.16969719265386,1724970578.1885123
37.4275432647235,-122.16969727841129,1724970578.2950218
37.427543233513475,-122.16969727755539,1724970578.3948772
37.42754315837852,-122.16969732283793,1724970578.4926243
37.427543091112604,-122.16969721085698,1724970578.5925663
37.427543065546956,-122.169697106082,1724970578.6919625
37.42754302407931,-122.16969713079719,1724970578.7921555
37.427542971964385,-122.16969732083223,1724970578.8929965
37.42754272976214,-122.16969677926888,1724970578.9940095
37.427542550274836,-122.16969630928409,1724970579.0999384
37.42754233638532,-122.16969601266959,1724970579.2127607
37.427542147865324,-122.16969568988188,1724970579.309058
37.42754199380533,-122.1696953883482,1724970579.403726
37.42754198242787,-122.16969581270881,1724970579.5119112
37.42754186573593,-122.16969623758621,1724970579.6235228
37.427541780806294,-122.16969652377658,1724970579.7168732
37.42754167333461,-122.16969680108309,1724970579.8107088
37.42754154558009,-122.16969695452212,1724970579.9041913
37.42754145876004,-122.16969713478044,1724970580.0075686
37.42754138209772,-122.16969733874664,1724970580.105654
37.42754131731963,-122.16969768963415,1724970580.2144585
37.427541276577664,-122.16969801748886,1724970580.311763
37.42754125611249,-122.1696985911325,1724970580.4178624
37.42754113544165,-122.16969862363825,1724970580.5206444
37.427541247054435,-122.16969923753348,1724970580.63744
37.427541203490364,-122.1696990683885,1724970580.7407868
37.42754139466123,-122.16969959983398,1724970580.8229163
37.42754124679965,-122.16969935405635,1724970580.9136937
37.427541296310324,-122.16969960587734,1724970581.0154402
37.42754111814677,-122.16969923702855,1724970581.119644
37.42754108344852,-122.16969944316807,1724970581.230938
37.42754086317265,-122.1696989660129,1724970581.3323781
37.42754088083144,-122.16969909731321,1724970581.42817
37.42754077688169,-122.16969924430616,1724970581.5271456
37.427540665009204,-122.16969944232792,1724970581.624827
37.42754060237114,-122.16969961217258,1724970581.7271817
37.42754044371725,-122.16969978751004,1724970581.830131
37.427540374690246,-122.16969983341333,1724970581.9345095
37.42754030689651,-122.16969988941828,1724970582.033001
37.42754030787266,-122.16969993447174,1724970582.130618
37.42754039858351,-122.16969996469251,1724970582.2314985
37.42754041910369,-122.16970002882897,1724970582.3353615
37.42754039466221,-122.16970015805032,1724970582.4351768
37.42754031749784,-122.16970028553749,1724970582.530986
37.427540167653035,-122.16970043788598,1724970582.6306825
37.42754001206076,-122.1697006946858,1724970582.741473
37.42753980924432,-122.16970094775532,1724970582.8305664
37.42753958363858,-122.16970124102711,1724970582.9302077
37.42753948318545,-122.16970147009269,1724970583.030054
37.42753937890703,-122.16970158730864,1724970583.138327
37.42753931449411,-122.16970172790492,1724970583.2337375
37.42753941190884,-122.1697017475388,1724970583.343563
37.42753943208702,-122.16970191617803,1724970583.4402363
37.427539515287584,-122.1697020529407,1724970583.536306
37.42753966128346,-122.16970238257579,1724970583.6356058
37.42753965172014,-122.16970270858062,1724970583.7358198
37.427539651279744,-122.16970315360734,1724970583.83967
37.42753974023918,-122.16970338839832,1724970583.9351618
37.42753971167702,-122.16970370406996,1724970584.0400279
37.427539703358136,-122.16970392689822,1724970584.1395116
37.42753972415392,-122.16970405530084,1724970584.242404
37.42753970399722,-122.16970408945147,1724970584.344489
37.42753972567055,-122.16970414868484,1724970584.4417865
37.427539735557176,-122.1697041553854,1724970584.5456128
37.42753972786063,-122.16970416474058,1724970584.648533
37.4275397113101,-122.16970421657668,1724970584.748963
37.427539694785764,-122.1697043529186,1724970584.852307
37.427539681378676,-122.16970450356617,1724970584.9409876
37.427539727631185,-122.16970474378218,1724970585.0456464
37.42753971536607,-122.16970494840261,1724970585.1447365
37.427539707016244,-122.16970529919743,1724970585.250664
37.4275397564167,-122.16970566553002,1724970585.3529904
37.42753977878515,-122.1697062945109,1724970585.450568
37.42753974723698,-122.1697069462299,1724970585.5752637
37.42753976621364,-122.1697076216603,1724970585.678298
37.427539795927615,-122.169708246555,1724970585.7654335
37.427539895068996,-122.16970888019445,1724970585.859516
37.427538723627244,-122.16970886378176,1724970585.9571574
37.42753757915842,-122.16970884110134,1724970586.0558178
37.42753760562453,-122.16970939680412,1724970586.1528664
37.42753755845499,-122.16970884176986,1724970586.2563884
37.42753624454545,-122.16970703136295,1724970586.354828
37.42753639497464,-122.16970558926201,1724970586.4600067
37.42753762944157,-122.16970539868535,1724970586.5533943
37.427537628328366,-122.16970573249496,1724970586.6568546
37.42753777777653,-122.16970713092792,1724970586.7540805
37.42753915941272,-122.16970974785538,1724970586.853654
37.42754002923361,-122.16971020008415,1724970586.9580834
37.42753865443133,-122.16970969908387,1724970587.067706
37.427537344190675,-122.16970815184716,1724970587.1655102
37.42753590651305,-122.16970562110124,1724970587.2822552
37.42753444974909,-122.16970400456293,1724970587.3830876
37.42753330686322,-122.16970458070766,1724970587.4889562
37.42753333282932,-122.16970356090637,1724970587.578941
37.42753339254803,-122.1697024917534,1724970587.6768835
37.42753338989952,-122.16970231615252,1724970587.7758198
37.42753334053685,-122.16970243632089,1724970587.8795846
37.42753331449753,-122.16970263312366,1724970587.9918845
37.427533263552284,-122.16970295606643,1724970588.0868044
37.42753461582733,-122.16970468776407,1724970588.1877916
37.42753602897501,-122.16970654814244,1724970588.2825663
37.427536031501695,-122.1697067504326,1724970588.3973708
37.42753599661621,-122.16970546673889,1724970588.4764524
37.42753747676428,-122.16970725399467,1724970588.57478
37.42753750269108,-122.1697062094035,1724970588.6720724
37.42753605424107,-122.16970453953138,1724970588.7912254
37.42753594408181,-122.169702913965,1724970588.8807683
37.42753748804461,-122.1697034637533,1724970588.9736934
37.427537512477535,-122.16970221498539,1724970589.0885322
37.427537631670205,-122.16970222776563,1724970589.1765244
37.42753917503645,-122.16970277587632,1724970589.2865758
37.42753919097949,-122.16970281967869,1724970589.3872533
37.427537807355606,-122.16970238071508,1724970589.4874218
37.4275364034571,-122.1697017540015,1724970589.5872014
37.427536368238144,-122.1697016673033,1724970589.6865907
37.42753647005579,-122.16970157522317,1724970589.786335
37.42753820850756,-122.16970229909917,1724970589.892805
37.4275396482463,-122.16970288806523,1724970589.9915285
37.42754094779572,-122.16970338831003,1724970590.0848274
37.427539477858105,-122.16970301047752,1724970590.1882915
37.42753925139245,-122.16970305890504,1724970590.2896225
37.42753767434684,-122.16970272333819,1724970590.391373
37.42753609912891,-122.16970179862436,1724970590.4940236
37.427534720345136,-122.1697010167605,1724970590.5922575
37.4275360212584,-122.16970344266083,1724970590.6843407
37.42755138425173,-122.16970177214208,1724970590.7840815
37.427552739233526,-122.16970254021791,1724970590.9071398
37.427554114664595,-122.16970350576524,1724970590.9951255
37.42755577740095,-122.16970416831259,1724970591.0972154
37.42755605049941,-122.16970217944112,1724970591.2031016
37.427540998926744,-122.16970411351723,1724970591.3015437
37.42754125489763,-122.1697038740102,1724970591.4027226
37.42754168420163,-122.16970415670696,1724970591.503835
37.42754170860636,-122.16970464651429,1724970591.5988488
37.427541814749176,-122.16970478660271,1724970591.7088172
37.427541956349664,-122.16970460063108,1724970591.7996721
37.42754213510935,-122.16970450459934,1724970591.9000328
37.427542176435864,-122.16970408073982,1724970592.002547
37.427542278357286,-122.16970362601357,1724970592.1047947
37.427542172601996,-122.1697034766242,1724970592.2093074
37.42754227265191,-122.16970333964119,1724970592.3071308
37.427542103334616,-122.16970309604557,1724970592.4054365
37.42754195896815,-122.16970280207515,1724970592.5151505
37.42754189298536,-122.16970247373827,1724970592.6100423
37.42754192543982,-122.16970205639635,1724970592.709424
37.427541715955414,-122.16970169424937,1724970592.8061674
37.42754180037787,-122.16970152389494,1724970592.9074025
37.427541838951676,-122.16970148117474,1724970593.008279
37.427542131098086,-122.16970215809133,1724970593.1091218
37.42754240620785,-122.16970284972436,1724970593.2123704
37.427542574759535,-122.1697030617532,1724970593.324374
37.42754259855634,-122.16970309818193,1724970593.4114397
37.4275426839631,-122.16970309333509,1724970593.5244834
37.427542520269355,-122.16970243892192,1724970593.6202626
37.427542363986,-122.16970186727568,1724970593.724633
37.4275422646005,-122.16970329200781,1724970593.8224165
37.42754226172944,-122.1697032681263,1724970593.9231944
37.4275425309763,-122.16970500963106,1724970594.024811
37.427542490848914,-122.16970478987369,1724970594.123304
37.42754265803092,-122.16970499122404,1724970594.2238958
37.42754274872008,-122.1697052498112,1724970594.3239522
37.42754296793881,-122.16970502654092,1724970594.424326
37.427542772092046,-122.16970328310602,1724970594.5305629
37.42754308602129,-122.16970553171389,1724970594.626408
37.42754331672136,-122.1697073281745,1724970594.738579
37.42754356643015,-122.16970545162062,1724970594.8335528
37.42754357478518,-122.16970793230314,1724970594.9378216
37.42754369106624,-122.16971015093353,1724970595.038782
37.42754352833915,-122.16971038602189,1724970595.1387997
37.427543386332864,-122.16971059159106,1724970595.224613
37.42754338981921,-122.16971010816042,1724970595.3317256
37.427543485418916,-122.16970734752776,1724970595.4402368
37.42754351196406,-122.16970453627525,1724970595.5312243
37.42754352855892,-122.16970168961261,1724970595.629436
37.42754348392593,-122.16969878546396,1724970595.7357504
37.427543481792775,-122.16969864022136,1724970595.8287773
37.42754349959292,-122.16969849312389,1724970595.9391165
37.42754368223202,-122.16969838849018,1724970596.0321412
37.42754389834704,-122.16969828546836,1724970596.1336358
37.42754405978649,-122.16969827547742,1724970596.242644
37.427543902281236,-122.16969844232794,1724970596.3526695
37.42754390216159,-122.16969886554476,1724970596.4555895
37.42754373593382,-122.16969922043258,1724970596.5568843
37.42754359054545,-122.16969955945038,1724970596.655977
37.42754347697331,-122.16969996808531,1724970596.7458327
37.42754363375785,-122.16970024291253,1724970596.8512022
37.42754364484294,-122.16970027232048,1724970596.951795
37.42754361756326,-122.16970061993997,1724970597.0592043
37.427543752950946,-122.16970074792063,1724970597.1510584
37.427543946044445,-122.16970075710455,1724970597.2531679
37.42754394505112,-122.16970071653269,1724970597.354431
37.427544048216355,-122.16970066442359,1724970597.4544313
37.42754410116519,-122.16970050660439,1724970597.5567193
37.427544015728365,-122.16970052129685,1724970597.6614287
37.42754386497187,-122.16970060640969,1724970597.7673616
37.42754385405476,-122.16970066791525,1724970597.8650079
37.42754369439143,-122.16970072934538,1724970597.9617953
37.427543732164814,-122.16970063661593,1724970598.0581272
37.427543871929224,-122.16970076878428,1724970598.1595283
37.427543795589564,-122.16970061527158,1724970598.2607055
37.427543648734826,-122.16970051971836,1724970598.3674157
37.42754355980267,-122.16970047706361,1724970598.4661624
37.427543390756256,-122.1697004350905,1724970598.5794146
37.427543156026495,-122.1697002077882,1724970598.6819777
37.42754312493892,-122.16970022570929,1724970598.779651
37.42754318769494,-122.1697002392323,1724970598.8769846
37.42754315481126,-122.16970027410517,1724970598.9742742
37.42754309070663,-122.16970040954216,1724970599.0703235
37.42754301259662,-122.16970065444947,1724970599.1810846
37.42753707968628,-122.16970105766006,1724970599.2752233
37.427531098298196,-122.1697015384018,1724970599.4049373
37.427525211935624,-122.16970206170197,1724970599.4904487
37.427525321415686,-122.16970145800913,1724970599.5852022
37.427525422218125,-122.16970079801317,1724970599.6841342
37.42753148535426,-122.16969995403434,1724970599.7765179
37.42753753689799,-122.1696989899567,1724970599.8709476
37.42754355934809,-122.16969794464177,1724970599.975792
37.42754355898526,-122.16969797013556,1724970600.092995
37.42754350422376,-122.16969812457623,1724970600.195986
37.42754338586438,-122.16969816178613,1724970600.2869987
37.42754320330068,-122.16969829766745,1724970600.3860652
37.427543043734026,-122.16969850032098,1724970600.4823608
37.42754302187918,-122.16969865403193,1724970600.5806696
37.427543000381135,-122.16969874939646,1724970600.6839924
37.42754306528061,-122.16969906679395,1724970600.7852197
37.427543217104976,-122.16969944802959,1724970600.8829393
37.42754337215592,-122.16969992824909,1724970600.9901319
37.42754335700858,-122.16970053737924,1724970601.0874975
37.42754348938213,-122.16970130576782,1724970601.1885128
37.4275434405131,-122.16970179548937,1724970601.2962098
37.42754341421235,-122.16970213548107,1724970601.3921437
37.42754326084452,-122.16970204224224,1724970601.4984663
37.42754316780028,-122.16970209725243,1724970601.5927372
37.42754295402463,-122.16970206312475,1724970601.6969104
37.42754273954696,-122.16970209154924,1724970601.827214
37.42754255125123,-122.16970213220999,1724970601.9664707
37.42754251322049,-122.16970215324874,1724970602.066212
37.42754251094384,-122.16970222511144,1724970602.1826339
37.4275423595068,-122.1697021505742,1724970602.2678132
37.427542483067185,-122.1697021743458,1724970602.3521934
37.42754243823376,-122.16970221708807,1724970602.4458122
37.42754229413407,-122.16970242174743,1724970602.5310369
37.4275421732177,-122.16970230534254,1724970602.6198666
37.427542375642055,-122.16970348547802,1724970602.702213
37.42754225591773,-122.16970267536766,1724970602.809032
37.42754223429684,-122.16970183384768,1724970602.9102502
37.42754240643709,-122.16970101688936,1724970603.0115335
37.4275425830763,-122.16970028883198,1724970603.111611
37.42754258410677,-122.16969827938003,1724970603.2076077
37.427542640766,-122.16969826931906,1724970603.3110583
37.42754256077697,-122.16969825049397,1724970603.4090729
37.42754238917206,-122.16969836839182,1724970603.5099976
37.42754222407209,-122.1696983941768,1724970603.608671
37.42754209440677,-122.16969845351787,1724970603.7104897
37.42754200529825,-122.16969887546112,1724970603.8172922
37.42754201516833,-122.16969898208558,1724970603.9103513
37.427542098055895,-122.1696987773271,1724970604.0161476
37.42754217457773,-122.16969869067374,1724970604.1133933
37.42754220481183,-122.16969855316452,1724970604.2136793
37.42754220427692,-122.16969804205272,1724970604.3174193
37.42754224416735,-122.16969792070212,1724970604.4233348
37.42754219061635,-122.16969812261271,1724970604.5212743
37.427542102277094,-122.16969816805931,1724970604.6245112
37.42754200279817,-122.169698273569,1724970604.7175834
37.4275419458511,-122.16969835576218,1724970604.8127334
37.427541909393476,-122.16969839921222,1724970604.924457
37.42754194605539,-122.16969842453376,1724970605.026874
37.42754193649293,-122.16969851080474,1724970605.1264007
37.42754172470973,-122.16969869815057,1724970605.2263978
37.42754160993546,-122.16969877955786,1724970605.328355
37.427541494322966,-122.16969894087156,1724970605.4270024
37.42754126245052,-122.16969906769029,1724970605.522231
37.4275410923691,-122.16969912679768,1724970605.6280153
37.427541198355975,-122.16969897396257,1724970605.726667
37.42754122051092,-122.16969895887023,1724970605.8268938
37.42754134045954,-122.16969887318027,1724970605.9207551
37.4275413937446,-122.1696987553235,1724970606.023906
37.42754142992424,-122.16969880204944,1724970606.1244814
37.427541485130206,-122.16969880583378,1724970606.2274845
37.42754161777014,-122.16969879359253,1724970606.332248
37.42754150561537,-122.16969882740949,1724970606.433967
37.427541369085496,-122.16969891156083,1724970606.5411668
37.42754129293572,-122.16969884870737,1724970606.6366212
37.42754111047536,-122.16969917740062,1724970606.733834
37.427540897153406,-122.16969930471741,1724970606.842874
37.427540724263444,-122.16969936306033,1724970606.937391
37.4275407392097,-122.16969932857495,1724970607.0464394
37.427540687664475,-122.16969936972393,1724970607.1448588
37.42754064479579,-122.16969910363512,1724970607.245864
37.427540599989214,-122.16969907775356,1724970607.3386393
37.42754065074607,-122.16969909222934,1724970607.4442537
37.42754067787581,-122.16969917720506,1724970607.5461938
37.42754070844201,-122.16969924120158,1724970607.6500368
37.427540780925675,-122.1696992399928,1724970607.7495365
37.42754092962055,-122.16969930328263,1724970607.8557382
37.42754097257838,-122.16969929406962,1724970607.9503365
37.42754092954793,-122.16969938908586,1724970608.0463417
37.42754104273512,-122.16969961155142,1724970608.1450324
37.42754105354161,-122.16969996447554,1724970608.247694
37.42754081959786,-122.16970048753738,1724970608.3494666
37.42754073734486,-122.1697010512092,1724970608.4517896
37.427540897617405,-122.16970151979879,1724970608.547948
37.427540616323434,-122.16970191628594,1724970608.6585164
37.42754072114554,-122.16970218097418,1724970608.75174
37.427540772475524,-122.16970229392754,1724970608.8544223
37.42754062742377,-122.1697024115194,1724970608.9561014
37.42754033725453,-122.1697025328728,1724970609.0533595
37.42754033095087,-122.16970257647881,1724970609.1529076
37.427540009726506,-122.16970269367886,1724970609.252685
37.427539866894485,-122.16970274074191,1724970609.354958
37.427539910165514,-122.16970289033047,1724970609.455592
37.427539905733354,-122.16970302378425,1724970609.553211
37.42753991403139,-122.1697031785565,1724970609.6615808
37.42753997806943,-122.16970327788327,1724970609.7587278
37.42753996888826,-122.16970347926686,1724970609.8631575
37.42753997209229,-122.16970351015998,1724970609.9625788
37.42753996526127,-122.16970340675566,1724970610.060961
37.42754007734043,-122.16970259089139,1724970610.160931
37.42754010591356,-122.16970183459755,1724970610.2633686
37.427540291768494,-122.16970211229687,1724970610.3614168
37.42754037991484,-122.16970171971539,1724970610.4647923
37.42754060148973,-122.16970144571233,1724970610.563679
37.427540732368556,-122.16970255850991,1724970610.6675355
37.42754093270185,-122.1697035252692,1724970610.7655933
37.427540946941605,-122.169702694414,1724970610.867738
37.4275409761813,-122.16970256886317,1724970610.9709218
37.42754092750756,-122.16970250255481,1724970611.066496
37.42754084527112,-122.16970181733171,1724970611.173213
37.427540673987785,-122.16970124142566,1724970611.2743225
37.427540679284164,-122.16970132793543,1724970611.3765028
37.42754056613651,-122.16970077688963,1724970611.4805918
37.427540558469396,-122.16970022649367,1724970611.582322
37.42754053776168,-122.169699627579,1724970611.6813545
37.42754058484812,-122.1696990850499,1724970611.784157
37.42754058864977,-122.16969849399386,1724970611.8830469
37.42754081821356,-122.1696986359071,1724970611.9892497
37.42754079531512,-122.16969886053216,1724970612.0838113
37.427540797684586,-122.1696993611042,1724970612.1849012
37.42754082893304,-122.1696999663471,1724970612.286723
37.427540833113426,-122.16970059421692,1724970612.388501
37.427540785856415,-122.16970118043999,1724970612.4853218
37.427540765971024,-122.16970161195152,1724970612.588276
37.427540789440876,-122.16970181612064,1724970612.698441
37.427540770356565,-122.16970187476902,1724970612.7978075
37.427540703599114,-122.16970197557272,1724970612.8904989
37.42754063961905,-122.16970209743471,1724970612.9979305
37.42754071097535,-122.1697022455031,1724970613.0888648
37.42754076081621,-122.1697023941043,1724970613.197934
37.42754084390528,-122.1697025791531,1724970613.3004968
37.42754099418959,-122.1697027521336,1724970613.4036424
37.427541072485184,-122.16970286545828,1724970613.4945564
37.42754105248444,-122.16970295097948,1724970613.5950851
37.42754097967447,-122.16970300960914,1724970613.6949742
37.42754092840527,-122.16970302164457,1724970613.7973838
37.427540830033536,-122.16970315979852,1724970613.9014053
37.42754071068233,-122.16970319185315,1724970614.0035436
37.4275407083483,-122.1697032589762,1724970614.103249
37.42754072049525,-122.169703294587,1724970614.2020912
37.42754068880125,-122.16970335998477,1724970614.3075814
37.427540697876076,-122.16970327248883,1724970614.414074
37.427540723473726,-122.16970332192798,1724970614.505617
37.42754069653196,-122.16970334995935,1724970614.6180239
37.42754073253974,-122.16970336242294,1724970614.706649
37.42754073785373,-122.16970335274432,1724970614.810404
37.42754069778371,-122.16970332585265,1724970614.9113708
37.427540730836654,-122.16970337397298,1724970615.0172963
37.427540762528714,-122.1697034958351,1724970615.110299
37.4275407357472,-122.16970360319976,1724970615.221293
37.42754067925555,-122.16970369666055,1724970615.3240545
37.42754062641859,-122.16970383983023,1724970615.414159
37.42754055187631,-122.16970388645652,1724970615.521899
37.42754045603257,-122.16970386966258,1724970615.624876
37.427540349585115,-122.16970391250574,1724970615.7233005
37.42754028892488,-122.16970404309923,1724970615.8137367
37.427540210050985,-122.16970412093917,1724970615.919759
37.42754017473342,-122.16970419452917,1724970616.0179749
37.4275400708855,-122.16970434279017,1724970616.11558
37.42753998267857,-122.16970438224172,1724970616.216608
37.42753988173994,-122.16970443024528,1724970616.3169708
37.427539810570536,-122.1697044880434,1724970616.4211025
37.42753967414184,-122.16970473040503,1724970616.517868
37.42753963818259,-122.16970500889971,1724970616.63162
37.427539575282196,-122.16970549129042,1724970616.7327578
37.42753949285882,-122.16970605339836,1724970616.8296986
37.427539419101464,-122.16970665374355,1724970616.9240758
37.4275393736747,-122.16970699850388,1724970617.030301
37.427539306997346,-122.16970743376709,1724970617.122491
37.427539322952605,-122.16970778081456,1724970617.2261117
37.42753944810821,-122.16970792952486,1724970617.3212495
37.42753956526889,-122.16970816981672,1724970617.4299066
37.42753976091507,-122.16970844880758,1724970617.5272517
37.427540002644726,-122.1697082355142,1724970617.6298258
37.427539914473506,-122.16970768459217,1724970617.7272382
37.42754014433141,-122.16970717004651,1724970617.8281271
37.42753958215365,-122.16970484604141,1724970617.9309912
37.42753894768402,-122.16970259409621,1724970618.036498
37.42753829836389,-122.16970109400735,1724970618.131671
37.42753834641423,-122.16969999455745,1724970618.2372856
37.427537577467255,-122.16969878693116,1724970618.337668
37.42753786927684,-122.16969885435341,1724970618.438669
37.427538007130856,-122.16969931522422,1724970618.5371397
37.42753818144337,-122.16969942306042,1724970618.6436002
37.42753787331266,-122.16969978317593,1724970618.747564
37.427537936646736,-122.16970021164772,1724970618.8399444
37.427537901173636,-122.16970078929972,1724970618.9399347
37.42753791493968,-122.16970116244639,1724970619.0401647
37.42753773301765,-122.16970151337866,1724970619.1445973
37.42753770281814,-122.1697014059601,1724970619.2450316
37.427537833115245,-122.16970137904593,1724970619.3399944
37.42753754481129,-122.16970158206375,1724970619.446447
37.42753734691357,-122.16970156973471,1724970619.5461662
37.42753742240083,-122.16970147784582,1724970619.6501205
37.42753722867362,-122.16970146266728,1724970619.7436893
37.42753699720653,-122.16970143950888,1724970619.8459523
37.42753701134744,-122.16970124638087,1724970619.948467
37.4275371788594,-122.16970123650601,1724970620.061102
37.427537185575936,-122.16970124920248,1724970620.1626947
37.42753691569853,-122.16970132419547,1724970620.2543058
37.42753667715164,-122.16970103112935,1724970620.3591592
37.427536560021665,-122.16970095655724,1724970620.4598558
37.427536208764074,-122.16970067922844,1724970620.5632505
37.42753492215515,-122.16970036407655,1724970620.6569993
37.42753505889059,-122.16969972206178,1724970620.7610807
37.42753468735105,-122.16969943739237,1724970620.8625875
37.42753454369756,-122.1696991782457,1724970620.957886
37.42753442563031,-122.16969865762194,1724970621.0557926
37.427534706002284,-122.16969820860496,1724970621.1583889
37.42753410321068,-122.16969794642226,1724970621.2627761
37.42753413903115,-122.16969775983311,1724970621.3566074
37.42753355521175,-122.1696977428885,1724970621.4637988
37.42753295574834,-122.16969799617512,1724970621.5596788
37.42753290851819,-122.16969819123233,1724970621.6615095
37.42753283279076,-122.16969846669265,1724970621.7587411
37.42753206027263,-122.16969892520761,1724970621.8611972
37.42753192581405,-122.1696990461901,1724970621.962495
37.42753236048531,-122.16969911432544,1724970622.0684204
37.427532207213716,-122.16969913738362,1724970622.170675
37.42753258015861,-122.16969920510371,1724970622.2719138
37.427533150290586,-122.16969926903666,1724970622.368444
37.427532605212754,-122.16969922482606,1724970622.4809015
37.42753223928171,-122.16969943252937,1724970622.5706396
37.42753241488421,-122.16969979065922,1724970622.6906314
37.42753203789964,-122.16969955989929,1724970622.7757666
37.42753189836915,-122.16969895313898,1724970622.868263
37.42753281709284,-122.16969862533723,1724970622.9708085
37.42753274916484,-122.16969823984869,1724970623.0655878
37.42753274546565,-122.16969807052702,1724970623.1755142
37.42753271496133,-122.16969871044266,1724970623.2779145
37.42753294420139,-122.16969984462897,1724970623.376181
37.42753264560651,-122.16970100156188,1724970623.4790173
37.42753247096983,-122.16970208657094,1724970623.5831118
37.42753215010206,-122.16970284051766,1724970623.677723
37.42753179601226,-122.1697033546408,1724970623.7790222
37.42753178371927,-122.16970198310075,1724970623.8731146
37.42753192638416,-122.16970125530348,1724970623.9706
37.42753243037267,-122.16969978331723,1724970624.1081731
37.42753311946208,-122.16969832590077,1724970624.2093146
37.42753383365334,-122.16969703691998,1724970624.295018
37.42753359143455,-122.16969726195254,1724970624.3903048
37.42753368634061,-122.16969697349468,1724970624.4942765
37.42753320470427,-122.16969727167917,1724970624.5951815
37.42753270752706,-122.1696975633444,1724970624.6908607
37.42753250212185,-122.16969766826038,1724970624.790309
37.427532632075895,-122.16969807898796,1724970624.8923647
37.42753244659387,-122.1696979938424,1724970624.9951174
37.42753267481654,-122.16969801828324,1724970625.0930252
37.42753269128545,-122.16969803160356,1724970625.199549
37.42753254410893,-122.16969807061659,1724970625.2985592
37.42753252335651,-122.16969779125465,1724970625.3970275
37.42753258293728,-122.16969848012852,1724970625.506701
37.427532535548806,-122.16969846333244,1724970625.6023438
37.42753269266095,-122.16969865049613,1724970625.7037375
37.42753275859391,-122.1696989004069,1724970625.8003666
37.427532712225606,-122.16969895124053,1724970625.8986516
37.42753275940742,-122.16969836512745,1724970626.003843
37.42753291532451,-122.16969842756136,1724970626.1018188
37.42753277425337,-122.16969829840683,1724970626.203555
37.42753269180467,-122.16969833981601,1724970626.3097613
37.42753264969538,-122.16969835042421,1724970626.4124992
37.427532449589535,-122.16969840559021,1724970626.5108554
37.427532297536615,-122.16969875515866,1724970626.60671
37.42753232377979,-122.1696990365554,1724970626.7088075
37.4275323000182,-122.16969910677886,1724970626.8088174
37.42753232670778,-122.16969920769907,1724970626.9181402
37.42753237378584,-122.16969932329503,1724970627.0201974
37.42753238508748,-122.16969935845424,1724970627.1125677
37.42753242806379,-122.16969920370988,1724970627.221328
37.42753248671503,-122.16969901527168,1724970627.3183513
37.42753304713137,-122.16969874497605,1724970627.4221003
37.427533630824044,-122.16969837502799,1724970627.519947
37.427534183557384,-122.16969782399906,1724970627.616136
37.4275347769066,-122.1696980522316,1724970627.7133288
37.42753525216259,-122.16969777500961,1724970627.8192117
37.42753513687597,-122.1696977859595,1724970627.9166758
37.427534997746584,-122.16969814139381,1724970628.021651
37.42753487759925,-122.16969815716658,1724970628.1097403
37.42753468195671,-122.16969768433518,1724970628.2082307
37.427534589798405,-122.16969772357112,1724970628.3082306
37.42753453016413,-122.16969770092803,1724970628.4136474
37.42753447353242,-122.16969740436944,1724970628.5116613
37.42753438579723,-122.16969767621849,1724970628.6167397
37.42753432943124,-122.16969812548962,1724970628.722819
37.42753427214046,-122.16969885368188,1724970628.8248355
37.427533984213945,-122.16970002979154,1724970628.9280226
37.42753354365727,-122.16970152779933,1724970629.0312881
37.42753306516886,-122.16970305872036,1724970629.1401567
37.42753265459081,-122.16970442255383,1724970629.2316124
37.42753210376868,-122.16970553628325,1724970629.327389
37.42753221559193,-122.1697062819264,1724970629.4325383
37.42753244443691,-122.1697067125339,1724970629.5354173
37.42753317035763,-122.16970496254841,1724970629.6335156
37.42753387133241,-122.16970309245812,1724970629.7338498
37.42753460518569,-122.16970148079714,1724970629.8370876
37.42753464098446,-122.16970043596544,1724970629.9377205
37.42753492622103,-122.16969852746129,1724970630.0357537
37.42753476073651,-122.16969859807104,1724970630.138138
37.4275343702031,-122.16969972749497,1724970630.235084
37.427533990217505,-122.1697004896625,1724970630.3385217
37.427533799307646,-122.16970070122893,1724970630.446927
37.42753337118814,-122.1697016820289,1724970630.5504901
37.4275329468372,-122.16970264359945,1724970630.6498263
37.42753280919155,-122.1697025678857,1724970630.7477405
37.4275327265536,-122.1697025036021,1724970630.8504956
37.4275326311034,-122.16970242953828,1724970630.9540992
37.427532613384685,-122.16970238738436,1724970631.0549939
37.42753254190937,-122.16970227525191,1724970631.1632845
37.42753240984195,-122.16970238606864,1724970631.2540588
37.42753231265622,-122.16970233995752,1724970631.359749
37.427532289437266,-122.16970241624604,1724970631.455731
37.427532232947755,-122.1697024127638,1724970631.558202
37.42753227563728,-122.16970243921149,1724970631.6536045
37.42753225390595,-122.16970227585534,1724970631.753084
37.427532196555866,-122.16970230092382,1724970631.8562243
37.42753211336089,-122.1697021866903,1724970631.9573095
37.427531988435774,-122.1697021799092,1724970632.0693521
37.4275318223341,-122.16970218358658,1724970632.1595368
37.42753161871575,-122.1697022335082,1724970632.2612953
37.42753160334348,-122.16970230787338,1724970632.3611212
37.427531539588145,-122.16970239803636,1724970632.458877
37.427531519255936,-122.16970246492096,1724970632.565081
37.42753136194531,-122.1697025206341,1724970632.6661286
37.42753134618831,-122.16970251569008,1724970632.7621968
37.427531144003886,-122.16970252059255,1724970632.857071
37.42753104898589,-122.16970247303587,1724970632.9607172
37.42753094041731,-122.16970251378908,1724970633.0645463
37.42753096154029,-122.1697025138806,1724970633.1648784
37.42753087552945,-122.16970257315053,1724970633.265034
37.42753081873897,-122.16970258232953,1724970633.3662703
37.42753076719977,-122.16970266558891,1724970633.4653618
37.427543259631186,-122.16971284473641,1724970675.940612
37.42754304859812,-122.16971291888491,1724970676.02718
37.42754348788092,-122.16971289405377,1724970676.117389
37.427543930051584,-122.16969967243944,1724970676.218665
37.42754348541888,-122.16970803847991,1724970676.3344753
37.42754351196403,-122.1697052272274,1724970676.413491
37.42754352855885,-122.16970434122459,1724970676.5171645
37.42754348392588,-122.1697033561483,1724970676.6220324
37.42754352616982,-122.16970491139243,1724970676.7194288
37.42754354396992,-122.1697058836222,1724970676.8150847
37.42754372660891,-122.16970773557102,1724970676.9129257
37.42754394272396,-122.16970758115383,1724970677.0155654
37.42754410416341,-122.16970756401221,1724970677.1280704
37.427543902281094,-122.16970611281077,1724970677.2339168
37.42754390216143,-122.16970632512587,1724970677.3368466
37.42754373593367,-122.1697061725754,1724970677.4343584
37.4275435905453,-122.16970608976422,1724970677.5377479
37.42754347697316,-122.16970594608215,1724970677.633054
37.42754363375762,-122.16970727722487,1724970677.735899
37.427543656785886,-122.16970583097002,1724970677.8406856
37.42754362950627,-122.16970474013144,1724970677.9382215
37.42754376489399,-122.16970338067664,1724970678.0401394
37.427543957987524,-122.16970203025588,1724970678.1394396
37.42754395699419,-122.16970175316577,1724970678.2397904
37.427544048216326,-122.16970170105665,1724970678.3399858
37.42754410116519,-122.16970153255129,1724970678.4490616
37.42754401572833,-122.16970282543254,1724970678.5480974
37.427543864971796,-122.16970427891118,1724970678.6466022
37.42754387391064,-122.16970437788264,1724970678.7477152
37.4275437142473,-122.16970443931277,1724970678.851021
37.427543774051856,-122.16970575595859,1724970678.9541366
37.42754391381627,-122.16970569396634,1724970679.0524342
37.427543852923186,-122.16970551920738,1724970679.1539981
37.42754375360364,-122.16970560012844,1724970679.2562304
37.427543664671504,-122.16970551270657,1724970679.3568852
37.42754355966679,-122.16970521752596,1724970679.4539878
37.42754332493708,-122.16970390619547,1724970679.553514
37.4275433402262,-122.16970383038675,1724970679.65515
37.427543370300036,-122.16970386986031,1724970679.7560923
37.427543398528755,-122.16970467322217,1724970679.8640838
37.427543248351235,-122.16970356295715,1724970679.9681594
37.42753729264051,-122.16970386577377,1724970680.077652
37.427537653518556,-122.1697042332723,1724970680.1612108
37.427531637421524,-122.16970344817636,1724970680.2789407
37.42753250967785,-122.16970429501033,1724970680.3665078
37.42753347725637,-122.16970378085169,1724970680.466276
37.427540280129946,-122.16970459025403,1724970680.5727804
37.42753998765447,-122.16970252859747,1724970680.6714602
37.42754603919822,-122.16970156451994,1724970680.7810912
37.42754577598923,-122.16970107867753,1724970680.8646111
37.42754491752793,-122.16970177018753,1724970680.9681704
37.42754448731222,-122.1697017898997,1724970681.0673487
37.42754436895284,-122.1697018271096,1724970681.167235
37.42754418638914,-122.1697019629909,1724970681.2695913
37.42754349275028,-122.16970055891645,1724970681.3741188
37.42754367785399,-122.16970123322989,1724970681.471391
37.42754336011787,-122.16970105384796,1724970681.5707502
37.42754344633041,-122.16970241077084,1724970681.6787927
37.42754359815474,-122.16970311509772,1724970681.7796197
37.42754378661562,-122.16970443833956,1724970681.8798518
37.427543618970056,-122.16970397841864,1724970681.9734519
37.42754365337316,-122.16970362897439,1724970682.0868783
37.427543668201466,-122.16970397585655,1724970682.184865
37.42754364190072,-122.16970399275702,1724970682.28515
37.42754353107203,-122.1697040983436,1724970682.3910286
37.4275436769364,-122.16970502002226,1724970682.4814162
37.42754340835308,-122.1697048644637,1724970682.5876265
37.427543108865,-122.16970399620219,1724970682.6875446
37.42754322637365,-122.16970540346317,1724970682.7813222
37.427543112393835,-122.16970438265417,1724970682.8892815
37.4275429013253,-122.16970484996874,1724970682.9860954
37.42754317745305,-122.16970619707621,1724970683.0870364
37.42754364492198,-122.16970753829476,1724970683.1877847
37.42754362684344,-122.16970748702457,1724970683.2923594
37.42754348274375,-122.1697076916839,1724970683.39369
37.42754327725034,-122.16970619559105,1724970683.4950209
37.427543284101134,-122.1697060755127,1724970683.5915396
37.42754282046824,-122.16970394795541,1724970683.6918924
37.42754246628807,-122.16970251870244,1724970683.7919943
37.42754263842832,-122.16970170174412,1724970683.8954642
37.427542815067525,-122.16970097368673,1724970683.9975448
37.42754258410677,-122.16969896423478,1724970684.09189
37.42754264076599,-122.16969895417381,1724970684.1965475
37.42754285224975,-122.16969940120458,1724970684.2966244
37.42754296011778,-122.16970064699602,1724970684.395048
37.42754316028033,-122.16970172850846,1724970684.4919775
37.427543030615006,-122.16970178784952,1724970684.6020994
37.42754294150648,-122.16970186683818,1724970684.6960387
37.427542659903814,-122.169700822752,1724970684.7971208
37.42754249852796,-122.16970048279398,1724970684.896906
37.42754266332203,-122.16969941147224,1724970684.995712
37.42754314736261,-122.169699273963,1724970685.0975304
37.42754362912699,-122.16970008808786,1724970685.1944625
37.427543669017425,-122.16969996673727,1724970685.2987375
37.427543580256895,-122.16969917595382,1724970685.405241
37.42754348056509,-122.16969972617444,1724970685.5057313
37.427543362947695,-122.16970075640998,1724970685.6037178
37.427542823701344,-122.16969985632107,1724970685.705303
37.42754283822634,-122.16969989977112,1724970685.8120532
37.42754333974528,-122.16970079805985,1724970685.912632
37.42754336785867,-122.16970030849777,1724970686.0086617
37.42754272040744,-122.16969957111773,1724970686.1131065
37.42754260563318,-122.16970027969035,1724970686.2165127
37.42754243903806,-122.16970044100404,1724970686.3209598
37.42754230765075,-122.1697005925237,1724970686.4163172
37.42754165771127,-122.16970065163108,1724970686.5331051
37.42754228286468,-122.16970145883538,1724970686.6171176
37.42754230501963,-122.16970100913578,1724970686.720751
37.42754292057321,-122.16970190002893,1724970686.813073
37.427542926970524,-122.16970177153998,1724970686.9139502
37.42754348627001,-122.16970263834368,1724970687.0148125
37.42754302230946,-122.16970168208859,1724970687.117323
37.42754356357703,-122.1697014772893,1724970687.218968
37.427543451019915,-122.1697013820006,1724970687.3221252
37.42754336868336,-122.16970140465068,1724970687.4270027
37.42754276941372,-122.16970052171948,1724970687.5218573
37.42754314769278,-122.16970139830252,1724970687.626194
37.42754262063658,-122.1697015256193,1724970687.7350938
37.427541982342454,-122.16970114562747,1724970687.8465402
37.427541424640985,-122.16970069882585,1724970687.9490547
37.42754195006908,-122.16970146408303,1724970688.0339959
37.427541346460956,-122.16970065010443,1724970688.1339562
37.427541206760985,-122.16970062422288,1724970688.231232
37.42754122771941,-122.16970022955597,1724970688.3322368
37.42754125484913,-122.16969990131324,1724970688.4391768
37.42754127909214,-122.16970010580572,1724970688.5297656
37.42754182151953,-122.16970103005465,1724970688.6295002
37.42754197021439,-122.16970109334449,1724970688.737348
37.42754250239297,-122.16970207990317,1724970688.8349926
37.427543091981555,-122.16970217491944,1724970688.930798
37.42754309530609,-122.16970241772454,1724970689.0353081
37.427543253207254,-122.16970261233106,1724970689.1356347
37.42754368929501,-122.16970377004135,1724970689.2374253
37.42754311782128,-122.16970333794146,1724970689.3422031
37.427543022313024,-122.16970437923517,1724970689.4415922
37.427542280231584,-122.16970389077859,1724970689.544134
37.42754176801532,-122.1697033883267,1724970689.6448133
37.42754134226551,-122.16970286663165,1724970689.7452493
37.42754119721373,-122.1697029842235,1724970689.8426359
37.42754121157613,-122.16970306341176,1724970689.9401104
37.42754192928849,-122.16970366434073,1724970690.0412893
37.427541608064104,-122.16970396622025,1724970690.143404
37.427541993690824,-122.16970474225239,1724970690.2454255
37.427542740464546,-122.16970568844417,1724970690.343326
37.427542054662524,-122.16970529135897,1724970690.4492695
37.42754208232907,-122.16970564040447,1724970690.547012
37.42754345808988,-122.16970626649695,1724970690.6490014
37.427542869170246,-122.16970632870483,1724970690.7492204
37.42754288337238,-122.16970618070148,1724970690.8509555
37.427543191406606,-122.16970664382055,1724970690.9546359
37.427543219131415,-122.16970625437732,1724970691.0532734
37.42754262540112,-122.16970596086283,1724970691.1530347
37.42754323268224,-122.1697056487688,1724970691.2519245
37.42754260632782,-122.16970463848055,1724970691.3572707
37.42754299567096,-122.16970379795416,1724970691.4554787
37.42754294190385,-122.1697037327345,1724970691.5545268
37.427542917255714,-122.16970352526928,1724970691.6608696
37.42754297156526,-122.16970269926307,1724970691.7615678
37.42754300080496,-122.16970257371224,1724970691.8625069
37.42754311611906,-122.1697025397194,1724970691.9617987
37.427543167028446,-122.16970185449627,1724970692.062988
37.42754253130721,-122.1697012785902,1724970692.1627324
37.42754245137556,-122.16970138293972,1724970692.266109
37.42754288655939,-122.1697008318939,1724970692.3640893
37.42754275289284,-122.16970027555706,1724970692.46627
37.42754260567034,-122.16969969474691,1724970692.5709279
37.427542652756784,-122.16969915221779,1724970692.6754668
37.4275423720791,-122.169698538473,1724970692.7746153
37.42754238518588,-122.16969868038623,1724970692.8754501
37.427542279555176,-122.16969887863668,1724970692.9759595
37.427541800909346,-122.16969936192481,1724970693.0759687
37.42754183215781,-122.16969996716772,1724970693.1802714
37.42754167788,-122.16970059959188,1724970693.275055
37.427541378895,-122.16970118581493,1724970693.37567
37.42754092111992,-122.16970161732647,1724970693.4810324
37.427541352106815,-122.16970182067496,1724970693.5771315
37.42754174736949,-122.16970187932336,1724970693.6798594
37.42754204908784,-122.16970197557276,1724970693.7756557
37.427541904961316,-122.16970209743475,1724970693.8791506
37.427541976317606,-122.16970224550315,1724970693.9820359
37.427541938954946,-122.16970239410435,1724970694.0895963
37.427541903418906,-122.16970257915314,1724970694.1909223
37.427541633484566,-122.16970275213362,1724970694.286481
37.42754198014138,-122.16970286545832,1724970694.3827953
37.427542239660845,-122.16970295097953,1724970694.4869716
37.42754184653734,-122.16970300960918,1724970694.5900793
37.42754149954627,-122.1697030216446,1724970694.690669
37.42754139806822,-122.16970316955378,1724970694.7893195
37.427541240413035,-122.16970321974351,1724970694.8955503
37.427540958558794,-122.16970330454333,1724970694.9923952
37.42754119848697,-122.16970334928891,1724970695.0918837
37.42754116679298,-122.16970341468668,1724970695.1902332
37.42754115571452,-122.1697033174355,1724970695.2933316
37.427541070472536,-122.1697033626499,1724970695.3883905
37.42754041035191,-122.16970327395242,1724970695.5019777
37.42754032385151,-122.16970328821229,1724970695.594039
37.42754037976809,-122.16970327853367,1724970695.6964252
37.42754039558373,-122.169703251642,1724970695.795531
37.42754030941909,-122.16970328585197,1724970695.9007459
37.427540974290004,-122.16970350676614,1724970695.9993608
37.42754084223545,-122.16970360319978,1724970696.1014087
37.42754075968021,-122.1697036833999,1724970696.1995428
37.42754065095761,-122.16970382656959,1724970696.3034327
37.42754058400575,-122.16970387319587,1724970696.3994594
37.427540488162,-122.16970385640194,1724970696.513313
37.42754038171455,-122.16970389924509,1724970696.5995827
37.42754029651531,-122.1697039366795,1724970696.7057207
37.42754021764141,-122.16970401451944,1724970696.802441
37.427540174733416,-122.16970408810944,1724970696.9078014
37.42754007088549,-122.16970423637042,1724970697.005293
37.42753998267857,-122.16970427582199,1724970697.1104102
37.427539881739946,-122.16970436596564,1724970697.2123342
37.42753981057053,-122.1697043902543,1724970697.3102522
37.42753967414184,-122.16970455027635,1724970697.4073205
37.4275396381826,-122.16970463137355,1724970697.51315
37.427539575282225,-122.16970502381359,1724970697.6162605
37.42753949285884,-122.16970565020115,1724970697.7128897
37.427539419101485,-122.1697062840558,1724970697.8121328
37.4275393736747,-122.16970671115573,1724970697.9145858
37.42753929183068,-122.16970734381643,1724970698.0250125
37.42753930778593,-122.16970771104322,1724970698.117135
37.42753943294156,-122.16970785975353,1724970698.2152436
37.42753955010223,-122.16970810004537,1724970698.3169756
37.4275397457484,-122.16970837903625,1724970698.4188216
37.42754000264474,-122.16970805855745,1724970698.5209954
37.427539914473506,-122.16970771537915,1724970698.6183364
37.42754014433141,-122.16970720083349,1724970698.7224095
37.42753999137935,-122.16970544123716,1724970698.8212337
37.427539356909705,-122.16970370392455,1724970698.9297538
37.42753870758959,-122.16970231102108,1724970699.0248523
37.427538755639944,-122.16970107359879,1724970699.1233208
37.42753798669296,-122.16969986597249,1724970699.2234385
37.42753787307379,-122.16969958016902,1724970699.327042
37.42753801092781,-122.1696999629085,1724970699.4248993
37.42753809865311,-122.1696999277734,1724970699.5289097
37.4275377905224,-122.169700694655,1724970699.6252356
37.42753785385647,-122.1697013022898,1724970699.7289107
37.42753781458642,-122.16970229219287,1724970699.8291724
37.427537828352456,-122.16970289433614,1724970699.9329085
37.42753773301758,-122.16970401066696,1724970700.030226
37.4275377028181,-122.16970349648231,1724970700.135613
37.4275378331152,-122.16970329040515,1724970700.2398858
37.427537544811244,-122.1697032549596,1724970700.3389122
37.42753734691356,-122.16970248459783,1724970700.444748
37.42753742240083,-122.16970199356963,1724970700.5404086
37.42753722867361,-122.16970197839109,1724970700.63734
37.42753699720653,-122.16970175407269,1724970700.7380223
37.42753701134745,-122.16970143368033,1724970700.8442743
37.427537178859396,-122.16970159364031,1724970700.9447923
37.427537185575936,-122.16970138304885,1724970701.0477738
37.42753691569851,-122.16970193731045,1724970701.1537392
37.42753667715163,-122.16970216864718,1724970701.2447689
37.42753656002167,-122.16970183636869,1724970701.3484302
37.42753620876406,-122.16970177917797,1724970701.446941
37.42753492215514,-122.16970146402606,1724970701.5484889
37.427535058890605,-122.16970063769871,1724970701.6479597
37.427534687351056,-122.16970002978643,1724970701.7521966
37.42753454369756,-122.16970009665492,1724970701.847408
37.427534533692985,-122.16969947510275,1724970701.9515266
37.42753451941675,-122.16969971358752,1724970702.046952
37.427533916625165,-122.16969915644883,1724970702.1480324
37.427533952445614,-122.16969896985968,1724970702.2477803
37.4275333686262,-122.16969862689989,1724970702.3485143
37.4275325149745,-122.16969906601966,1724970702.4509456
37.42753274133468,-122.16969840589567,1724970702.5546794
37.42753221490531,-122.16969913090185,1724970702.6536055
37.42753144238719,-122.16969977831052,1724970702.7626987
37.427530923216985,-122.16970020861243,1724970702.8581684
37.42753150401389,-122.16969989440494,1724970702.9565046
37.42753137180016,-122.1697000851426,1724970703.0609517
37.42753219544699,-122.16969986191772,1724970703.1571014
37.42753204146456,-122.16969973695696,1724970703.2573678
37.42753188109834,-122.16969961582362,1724970703.3568857
37.4275315151673,-122.16969982352693,1724970703.4583814
37.42753169076979,-122.16970004240827,1724970703.5585663
37.42753131378521,-122.16969965304746,1724970703.6616237
37.42753189836916,-122.16969904628715,1724970703.7602093
37.427532817092846,-122.16969871749966,1724970703.8646107
37.42753274916484,-122.16969833201111,1724970703.96256
37.427532745465655,-122.16969830193796,1724970704.0741043
37.42753271496132,-122.16969894185358,1724970704.171372
37.42753294420139,-122.1697000760399,1724970704.2708423
37.42753264560651,-122.16970100156188,1724970704.3737123
37.42753247096983,-122.16970208657094,1724970704.4713142
37.42753215010206,-122.16970284051766,1724970704.57649
37.42753179601226,-122.1697033546408,1724970704.674764
37.42753178371925,-122.16970232862397,1724970704.7707293
37.42753192638417,-122.1697016008267,1724970704.8748345
37.42753243037268,-122.16970012884046,1724970704.977444
37.4275331194621,-122.16969867142399,1724970705.072059
37.427533833653364,-122.16969777442868,1724970705.1823125
37.42753359143456,-122.169697653938,1724970705.2798085
37.42753368634062,-122.16969778231177,1724970705.3874407
37.4275332047043,-122.16969808049627,1724970705.4945195
37.427532639881356,-122.16969837216148,1724970705.5816543
37.42753243447614,-122.16969808509202,1724970705.6890552
37.42753256443018,-122.16969876717091,1724970705.7925887
37.42753237894816,-122.16969883352164,1724970705.9013286
37.42753260717084,-122.16969944811599,1724970705.9939282
37.42753269128546,-122.16970011640178,1724970706.0980191
37.427532544108935,-122.16970015541482,1724970706.1955373
37.42753252335653,-122.16969960470153,1724970706.2939863
37.42753272555901,-122.16969972524753,1724970706.3877773
37.427532678170536,-122.16969983817884,1724970706.4969835
37.42753283528267,-122.16969991409356,1724970706.590467
37.427532901215635,-122.16970070914022,1724970706.7086272
37.42753083923875,-122.1697025576338,1724970713.5684981
37.42753102617017,-122.16970152969499,1724970713.6526387
37.42753089179213,-122.16970263553664,1724970713.7471392
37.42753097402494,-122.1697023231913,1724970713.8463898
37.42753094041733,-122.16970236363635,1724970713.9545743
37.42753096154029,-122.16970246021133,1724970714.0550048
37.42753087552945,-122.16970270212175,1724970714.1546912
37.42753081873897,-122.169702678813,1724970714.2590108
37.427530767199755,-122.16970276207238,1724970714.3574553
37.42753066510025,-122.16970273041568,1724970714.4587016
37.42753059472139,-122.16970267927104,1724970714.5556593
37.42753057944065,-122.16970273178755,1724970714.6550457
37.42753052971989,-122.16970274401437,1724970714.7532063
37.427530469704536,-122.16970278176576,1724970714.85586
37.4275304716465,-122.16970282047461,1724970714.9574828
37.42753040560957,-122.16970275411938,1724970715.0630543
37.42753037903363,-122.16970277401197,1724970715.1677678
37.4275303974924,-122.16970284012746,1724970715.2603033
37.42753040684821,-122.1697027631697,1724970715.3666115
37.4275303886934,-122.169702882092,1724970715.4643457
37.42753038381507,-122.16970299370854,1724970715.566005
37.427530388589425,-122.16970290995494,1724970715.6693215
37.42753030779204,-122.1697029664337,1724970715.7676904
37.42753034691899,-122.16970336788738,1724970715.8683844
37.42753032172477,-122.16970377471634,1724970715.9710875
37.427530296503264,-122.16970427664897,1724970716.074234
37.4275303290812,-122.16970495200897,1724970716.1662893
37.42753049581957,-122.1697058485216,1724970716.2689207
37.42753046784641,-122.16970663892893,1724970716.372258
37.427530564221364,-122.16970738732695,1724970716.4750993
37.42753072214095,-122.16970818123978,1724970716.5700643
37.427530728752615,-122.16970884064216,1724970716.6744282
37.427530474096635,-122.16970910431556,1724970716.7724574
37.42753034173424,-122.16970921979636,1724970716.886106
37.427530509588365,-122.16970658594545,1724970716.964986
37.42753081962588,-122.16970526335489,1724970717.0680149
37.427531080170304,-122.16970400627918,1724970717.1751328
37.427531520550644,-122.16970281252502,1724970717.2790322
37.42753188968271,-122.1697017541568,1724970717.3798578
37.427531983653,-122.16970332580095,1724970717.4794066
37.42753183847622,-122.16970352734222,1724970717.5763454
37.42753182925747,-122.16970367942704,1724970717.6794908
37.427531801103456,-122.16970383746212,1724970717.7816896
37.427531835660794,-122.1697038092517,1724970717.8797545
37.42753186506181,-122.16970379541839,1724970717.9819615
37.42753192201254,-122.16970375620946,1724970718.0864468
37.427532028344416,-122.16970373215334,1724970718.1818209
37.42753210829176,-122.16970369214648,1724970718.28888
37.4275322119457,-122.16970375143778,1724970718.3803904
37.427532291383486,-122.16970371389583,1724970718.4867172
37.42753241647188,-122.16970368855053,1724970718.5903156
37.42753251766184,-122.16970365076837,1724970718.6992579
37.42753266661706,-122.16970361350009,1724970718.7936535
37.42753280953265,-122.16970346280088,1724970718.8943605
37.427532893096064,-122.16970336654356,1724970719.0021548
37.4275330050736,-122.16970332642161,1724970719.0938458
37.42753305882739,-122.16970329072933,1724970719.1997008
37.427533135815175,-122.16970335543826,1724970719.3040366
37.427533145659055,-122.16970333857914,1724970719.4015875
37.42753317509421,-122.16970338820684,1724970719.5106938
37.427533195846614,-122.16970335472686,1724970719.6000712
37.42753308999251,-122.16970335944859,1724970719.7081933
37.42753300608003,-122.1697032586428,1724970719.810577
37.427532934995696,-122.16970331695809,1724970719.9120002
37.42753287670127,-122.16970335805925,1724970720.0064096
37.427532768067614,-122.16970339280188,1724970720.1167805
37.42753280131346,-122.16970340588804,1724970720.2122796
37.42753277595706,-122.16970344436591,1724970720.306268
37.427532688028535,-122.1697034756121,1724970720.41306
37.42753270586412,-122.16970343135874,1724970720.5133471
37.4275326356107,-122.16970351635742,1724970720.6110077
37.42753265627266,-122.16970367235642,1724970720.7137792
37.42753257988508,-122.1697038283097,1724970720.8059273
37.42753266348907,-122.1697040802201,1724970720.9074068
37.42753264568097,-122.16970437419464,1724970721.00605
37.427532612454876,-122.16970462608087,1724970721.1166964
37.42753251827962,-122.169704780245,1724970721.213475
37.427532562997456,-122.16970501005099,1724970721.3160677
37.42753240281834,-122.16970506017329,1724970721.4188359
37.42753227592355,-122.1697051581821,1724970721.5183578
37.42753229193123,-122.16970514095625,1724970721.6222384
37.427532330611356,-122.16970525920298,1724970721.7161505
37.42753225248588,-122.16970532232862,1724970721.8211486
37.42753238121331,-122.16970539960654,1724970721.9136775
37.427532419979805,-122.16970542125452,1724970722.0212107
37.42753231967833,-122.16970560513855,1724970722.117124
37.42753216723787,-122.16970562755596,1724970722.2211792
37.42753214395191,-122.16970558968929,1724970722.327031
37.42753177440652,-122.16970556599456,1724970722.424342
37.42753154696128,-122.16970561403916,1724970722.524597
37.42753133549815,-122.16970553166416,1724970722.6239693
37.42753136654834,-122.16970572449763,1724970722.7230382
37.427531229918365,-122.16970577798432,1724970722.8203127
37.427531346422136,-122.16970587470018,1724970722.9309604
37.42753148573368,-122.16970614043375,1724970723.0292318
37.42753175592042,-122.16970633481918,1724970723.1309338
37.42753175892981,-122.16970656233029,1724970723.2266722
37.42753187244973,-122.16970720556475,1724970723.3311837
37.42753194838655,-122.1697081762361,1724970723.4297664
37.42753211797272,-122.16970917388387,1724970723.5355928
37.427532349378055,-122.16971051020187,1724970723.6322055
37.427533000325575,-122.16971162414012,1724970723.7335393
37.42754929101892,-122.16970676890885,1724970723.8269215
37.427549156225666,-122.16970618471065,1724970723.9345794
37.427548920119605,-122.16970542733603,1724970724.0348184
37.42754762551215,-122.16970405689347,1724970724.136076
37.4275468848148,-122.16970307975244,1724970724.239229
37.42753054217315,-122.16970788839603,1724970724.3401453
37.42753065116983,-122.16970813302031,1724970724.4403026
37.42753068004345,-122.16970839138574,1724970724.5382469
37.42753167464239,-122.16970810176775,1724970724.6375685
37.427530765278405,-122.16970778269767,1724970724.7450533
37.4275311490653,-122.16970637939221,1724970724.8534174
37.42753021821037,-122.16970599524755,1724970724.9472523
37.42753064501023,-122.16970619381819,1724970725.045065
37.427530995400545,-122.16970731553823,1724970725.1409664
37.42753041990474,-122.16970716020772,1724970725.2406104
37.42753046433257,-122.16970735527747,1724970725.3438346
37.42753085495621,-122.16970763837763,1724970725.4428124
37.4275289572667,-122.16970682208984,1724970725.5411024
37.427527598847604,-122.1697062716837,1724970725.6447413
37.42752948511795,-122.16970722403086,1724970725.7441688
37.4275295011383,-122.16970733162044,1724970725.8436944
37.42753056953491,-122.16970777638997,1724970725.950212
37.427532475230926,-122.1697084856237,1724970726.050092
37.42753398081111,-122.16970862729937,1724970726.1507988
37.427534130985144,-122.16970659574471,1724970726.2505696
37.427534239499344,-122.16970697128129,1724970726.3700252
37.427534330908045,-122.16970482206217,1724970726.4562576
37.42753451184605,-122.16970299219992,1724970726.5610406
37.42753468262802,-122.16970218288034,1724970726.6627045
37.42753489224195,-122.16970286593917,1724970726.771004
37.42753502556566,-122.16970264480662,1724970726.860079
37.42753508388026,-122.1697035416289,1724970726.9592402
37.427535093740005,-122.16970409986021,1724970727.0636702
37.427535213305816,-122.16970392558692,1724970727.166438
37.42753526909226,-122.16970308429181,1724970727.2658246
37.42753535920034,-122.16970289097867,1724970727.3643436
37.42753548071436,-122.16970271805212,1724970727.4657228
37.427535696923684,-122.16970276750185,1724970727.5641923
37.42753573801152,-122.1697029763421,1724970727.663724
37.427535762320005,-122.16970395954158,1724970727.7599568
37.427535749073414,-122.16970334485951,1724970727.8674483
37.427535705038494,-122.16970245373884,1724970727.9621263
37.42753556352591,-122.1697015158447,1724970728.0652993
37.427535429913284,-122.16970046002845,1724970728.1677032
37.427535308035154,-122.1697006404289,1724970728.2709308
37.42753524736441,-122.16970039619315,1724970728.368115
37.42753524947026,-122.16970192553354,1724970728.4710395
37.42753524174687,-122.16970186964322,1724970728.5747092
37.42753526412241,-122.1697032713106,1724970728.6786191
37.427535307174544,-122.16970339223904,1724970728.7760754
37.427535290610855,-122.16970488260733,1724970728.8786817
37.42753528817549,-122.1697036623166,1724970728.9781806
37.42753530668599,-122.16970502583253,1724970729.0856218
37.42753541426855,-122.16970487017713,1724970729.180678
37.427535526364665,-122.16970468768515,1724970729.2822905
37.42753570663131,-122.16970477975333,1724970729.3852103
37.42753587964042,-122.16970624975256,1724970729.4774268
37.42753694268371,-122.16970706639546,1724970729.574048
37.42753677992414,-122.16970800855782,1724970729.682185
37.42753693298707,-122.16970899419171,1724970729.7867312
37.42753678892066,-122.16970600760595,1724970729.8867075
37.4275307364972,-122.16970473882961,1724970729.982668
37.427530098478954,-122.1697026177482,1724970730.088071
37.427530362945944,-122.16970181069813,1724970730.2079597
37.42753032878713,-122.16970094329449,1724970730.3083453
37.427530648375374,-122.1697036655849,1724970730.3856292
37.427536770924036,-122.16970435698694,1724970730.4875245
37.427535624343115,-122.16970389134357,1724970730.594695
37.427535628064234,-122.16970279791987,1724970730.6895306
37.42753569102089,-122.16970231890245,1724970730.7840748
37.427535601671345,-122.16970192300853,1724970730.8868675
37.427535627011416,-122.16970145335195,1724970730.9892557
37.427536634120536,-122.16970246787574,1724970731.096728
37.42753664460608,-122.16970252109995,1724970731.1956813
37.42753662204471,-122.16970136583718,1724970731.3081355
37.427536672145294,-122.16970061884123,1724970731.398477
37.42753666456496,-122.1696999134235,1724970731.4984953
37.427536661563714,-122.16969895568927,1724970731.5947747
37.42753667915805,-122.16969825250816,1724970731.7009103
37.42753659828012,-122.1696985469863,1724970731.8001318
37.42753649643711,-122.16969851552159,1724970731.902209
37.42753646186904,-122.16969851085024,1724970732.0045333
37.42753639152346,-122.16969818415248,1724970732.1038387
37.42753626922279,-122.16969858698118,1724970732.2033503
37.427536228260415,-122.16969854101,1724970732.3046923
37.42753627176797,-122.16969815985563,1724970732.4047704
37.427536213984595,-122.16969822522806,1724970732.5062284
37.427536182485014,-122.16969891651618,1724970732.6072762
37.42753623479887,-122.16969892124047,1724970732.70897
37.42753624672671,-122.16969861160965,1724970732.8063648
37.42753619240193,-122.16969899088586,1724970732.910012
37.427536227340994,-122.16969890029398,1724970733.011888
37.42753625922253,-122.16969899693342,1724970733.1119528
37.427536269321386,-122.16969861157179,1724970733.2141807
37.427536266708756,-122.16969856495359,1724970733.3148513
37.42753630564991,-122.1696984679788,1724970733.4127219
37.427536271858635,-122.16969847145161,1724970733.520463
37.427536209086504,-122.16969810970537,1724970733.614068
37.42753620736538,-122.16969842055789,1724970733.7238684
37.42753621686319,-122.16969888872038,1724970733.817048
37.427536283870026,-122.1696985904641,1724970733.9183385
37.42753631641858,-122.16969828327024,1724970734.0237694
37.42753637231798,-122.16969828586625,1724970734.1257865
37.4275363991736,-122.16969799512167,1724970734.2232244
37.427536437188856,-122.16969756821833,1724970734.321006
37.427536362499865,-122.16969777133971,1724970734.4268913
37.427536409990395,-122.16969804384658,1724970734.527929
37.42753638531669,-122.16969802448962,1724970734.630039
37.42753636639304,-122.1696980041286,1724970734.7223349
37.42753634193071,-122.16969801973248,1724970734.828265
37.4275364807149,-122.16969746798217,1724970734.9315283
37.427536393448655,-122.16969746296752,1724970735.0423958
37.42753641747319,-122.16969745916083,1724970735.1295612
37.427535508403274,-122.16969747560043,1724970735.2285872
37.42753544267244,-122.16969748197216,1724970735.3320425
37.427535340603455,-122.16969784792619,1724970735.4305778
37.42753543644399,-122.16969800241883,1724970735.531196
37.427535593329914,-122.16969824152665,1724970735.6311257
37.42753644241307,-122.16969786520171,1724970735.7325442
37.42753651568983,-122.16969783883867,1724970735.8356268
37.42753649717092,-122.16969783312729,1724970735.935287
37.42753581978397,-122.16969728673511,1724970736.0370243
37.4275356362914,-122.16969736279711,1724970736.13998
37.42753568880826,-122.16969774358044,1724970736.238938
37.427535723350545,-122.16969775475188,1724970736.3402097
37.42753723354827,-122.16969690267011,1724970736.644114
37.4275394617793,-122.16969595071225,1724970736.7375588
37.42754097383687,-122.16969443545658,1724970736.8388233
37.42754247497026,-122.16969334489433,1724970736.9426053
37.427543952763536,-122.16969254260543,1724970737.0431254
37.42754392384263,-122.16969231877579,1724970737.1455517
37.42754384760266,-122.16969269648757,1724970737.2427273
37.42754389230743,-122.16969322294395,1724970737.347509
37.42754397182,-122.1696936260838,1724970737.4407651
37.42754407390964,-122.1696937702694,1724970737.5473182
37.42754416014003,-122.16969420349467,1724970737.6490314
37.42754416821616,-122.169694313611,1724970737.746769
37.427544088714995,-122.16969433800404,1724970737.8515587
37.42754403739083,-122.169694491961,1724970737.9504054
37.42754402318161,-122.16969456528615,1724970738.047366
37.42754389793466,-122.16969408290187,1724970738.1483235
37.42754393935334,-122.16969412856011,1724970738.2482917
37.427543986617856,-122.16969425377114,1724970738.3522327
37.427543908907396,-122.16969367693383,1724970738.451182
37.4275438633496,-122.16969373928998,1724970738.5534036
37.427543916023744,-122.16969439064087,1724970738.6544294
37.427543867629915,-122.16969455514926,1724970738.7664533
37.42754392496798,-122.16969475780479,1724970738.8553867
37.427544008024874,-122.16969560683779,1724970738.9669044
37.42754383468636,-122.16969552139572,1724970739.0636163
37.4275437927515,-122.16969585744849,1724970739.1721282
37.42754367320332,-122.16969608586214,1724970739.266656
37.42754355577926,-122.16969627539859,1724970739.3591037
37.4275435043191,-122.1696964079991,1724970739.4635408
37.4275434458827,-122.16969667119572,1724970739.5718431
37.42754339337099,-122.16969670011586,1724970739.669173
37.42754339440771,-122.1696967413435,1724970739.7698243
37.4275433658303,-122.16969686032111,1724970739.8729575
37.427543102321415,-122.16969627660582,1724970739.9734228
37.4275431085181,-122.16969658157966,1724970740.072147
37.42754307730808,-122.16969658072375,1724970740.1769173
37.42754300217312,-122.1696966260063,1724970740.2771158
37.42754277166691,-122.16969609379649,1724970740.3738337
37.427542902306655,-122.16969668585313,1724970740.4833229
37.42754286083903,-122.16969671056833,1724970740.578513
37.4275428087241,-122.16969690060337,1724970740.678169
37.42754261761789,-122.16969635904,1724970740.792126
37.42754260137088,-122.16969630928409,1724970740.8832712
37.42754238748138,-122.16969601266959,1724970740.9818847
37.42754223384845,-122.16969568988188,1724970741.0953093
37.427542091526824,-122.16969538834819,1724970741.1969893
37.42754202905332,-122.16969581270881,1724970741.2934484
37.427542017302294,-122.16969623758621,1724970741.399978
37.42754200678667,-122.16969652377657,1724970741.495632
37.42754189214517,-122.16969680108309,1724970741.5938318
37.4275417526523,-122.16969695452212,1724970741.7031937
37.42754166583225,-122.16969713478044,1724970741.7946465
37.42754153224563,-122.16969733874664,1724970741.896966
37.4275414888152,-122.16969759103358,1724970741.9926295
37.427541420355965,-122.16969791888829,1724970742.0939927
37.427541399890785,-122.16969849253194,1724970742.2030208
37.427541279219945,-122.16969852503769,1724970742.2989876
37.42754145137159,-122.16969913893291,1724970742.395273
37.42754131204585,-122.1696990683885,1724970742.498548
37.42754125080925,-122.1696989635995,1724970742.608574
37.42754110859203,-122.16969870174042,1724970742.7050068
37.42754117518149,-122.16969895356142,1724970742.8056023
37.42754088846245,-122.16969858471263,1724970742.9025645
37.427540853764214,-122.16969879085215,1724970743.0083218
37.42754089105532,-122.1696989058935,1724970743.1020353
37.42754090306975,-122.16969905327528,1724970743.208104
37.42754078204123,-122.16969920026823,1724970743.31097
37.42754068065729,-122.16969939828998,1724970743.4075875
37.427540618019215,-122.16969956813465,1724970743.5062046
37.4275404542058,-122.16969978751004,1724970743.6097395
37.427540385178794,-122.16969988053579,1724970743.71422
37.42754031738507,-122.16969993654074,1724970743.8195448
37.427540307872654,-122.16969998159419,1724970743.9264884
37.42754039858352,-122.16970001181497,1724970744.0147994
37.42754041910369,-122.16970007595143,1724970744.1093192
37.42754040329063,-122.16970015805032,1724970744.2080204
37.427540333065146,-122.16970028553749,1724970744.313315
37.42754018322036,-122.16970043788598,1724970744.4103813
37.42754002762806,-122.1697006946858,1724970744.5118115
37.42753982481163,-122.16970094775532,1724970744.6157484
37.42753959057746,-122.16970124102711,1724970744.7122324
37.42753948318545,-122.16970147009269,1724970744.815557
37.42753937890703,-122.16970158730864,1724970744.9148293
37.42753932266306,-122.16970172790492,1724970745.0148034
37.42753942007777,-122.1697017475388,1724970745.1128824
37.42753944025596,-122.16970191617803,1724970745.2210155
37.42753952345652,-122.1697020529407,1724970745.3155525
37.42753966945241,-122.16970238257579,1724970745.420622
37.42753965172014,-122.16970270858062,1724970745.5230677
37.427539651279744,-122.16970315360734,1724970745.6225426
37.42753974023918,-122.16970338839832,1724970745.7227218
37.427539711677014,-122.16970378407993,1724970745.8211427
37.42753970335814,-122.16970400690819,1724970745.9234488
37.42753977020708,-122.1697041353108,1724970746.0247312
37.427539750050386,-122.1697041964193,1724970746.1251662
37.42753977172371,-122.16970425565268,1724970746.2311773
37.427539781610335,-122.16970418234328,1724970746.3273408
37.42753977574771,-122.16970419169846,1724970746.4286606
37.42753971314401,-122.16970424353455,1724970746.5288346
37.42753969661968,-122.1697043529186,1724970746.633816
37.427539683212586,-122.16970450356617,1724970746.7279787
37.427539729465096,-122.16970474378218,1724970746.8300524
37.42753971536607,-122.16970494840261,1724970746.933336
37.42753970701624,-122.16970534498424,1724970747.0322042
37.42753975641671,-122.16970572068087,1724970747.1343365
37.427539832526264,-122.16970634966177,1724970747.2301235
37.42753980097808,-122.16970700138076,1724970747.334795
37.42753981995475,-122.16970767681116,1724970747.432723
37.427539849668726,-122.16970825591906,1724970747.5351276
37.42753994881012,-122.16970888019446,1724970747.641703
37.427538723627244,-122.16970886378176,1724970747.7390704
37.42753757915842,-122.16970884110134,1724970747.8316185
37.42753760562453,-122.16970939680412,1724970747.931352
37.4275375584549,-122.16970990888048,1724970748.0348942
37.42753624454532,-122.16970889292735,1724970748.1376622
37.42753639497452,-122.16970745082642,1724970748.2381084
37.427537629441474,-122.1697072602498,1724970748.3399532
37.42753762832826,-122.1697075940594,1724970748.4430914
37.42753777777647,-122.16970792538176,1724970748.5362947
37.42753915941272,-122.1697097200597,1724970748.642626
37.427540029233505,-122.16971136716023,1724970748.745
37.42753865443122,-122.16971095661803,1724970748.8422549
37.427537344190576,-122.1697094995307,1724970748.9444165
37.42753590651297,-122.16970696878475,1724970749.0436642
37.42753444974903,-122.16970538004209,1724970749.1587963
37.427533349500116,-122.16970483928647,1724970749.2474806
37.42753337546617,-122.16970500916007,1724970749.3512044
37.42753343518488,-122.16970425159654,1724970749.4482348
37.42753343253632,-122.16970537157697,1724970749.5484784
37.42753338317363,-122.16970551796827,1724970749.6509783
37.42753331449744,-122.16970563679973,1724970749.7507794
37.42753326355218,-122.16970581383937,1724970749.8493974
37.427534668654474,-122.16970714379823,1724970749.9490082
37.42753608180222,-122.1697077085953,1724970750.0524733
37.427536084328906,-122.16970788466251,1724970750.1561987
37.42753604944333,-122.16970802026384,1724970750.25958
37.42753345634784,-122.16971040053642,1724970752.1887584
37.42753193992393,-122.16970838557161,1724970752.27501
37.427531839187644,-122.16970868790888,1724970752.3762152
37.42754008466719,-122.16971335478891,1724970752.4682071
37.42755085639209,-122.16970719219728,1724970752.5670612
37.42755221137388,-122.16970775369543,1724970752.6720023
37.42755383538943,-122.16970884216161,1724970752.7758656
37.42755577740059,-122.16970986757963,1724970752.8758612
37.42755605049911,-122.16970860601349,1724970752.974184
37.42754099892616,-122.1697124002226,1724970753.07959
37.42754125489702,-122.16971258163558,1724970753.179571
37.42754168420102,-122.16971269024816,1724970753.2778475
37.42754170860576,-122.16971271725792,1724970753.3770008
37.42754181474852,-122.1697134670261,1724970753.4768128
37.427541956348996,-122.16971327986732,1724970753.5795665
37.42754213510887,-122.16971151547548,1724970753.680102
37.427542176435416,-122.16971105533844,1724970753.7797315
37.42754227835688,-122.16971055533462,1724970753.8831172
37.42754217260157,-122.16971062213968,1724970753.9816952
37.42754227265163,-122.16970897181831,1724970754.0888615
37.42754210333425,-122.16971002850005,1724970754.1842933
37.42754195896779,-122.16970970423036,1724970754.2901497
37.42754189298501,-122.16970937829237,1724970754.3916438
37.427541925439584,-122.16970765950454,1724970754.494622
37.42754171595511,-122.16970862470377,1724970754.59115
37.42754180037758,-122.1697084058715,1724970754.6886828
37.427541838951385,-122.16970828248903,1724970754.792633
37.42754213109783,-122.16970822133354,1724970754.8920472
37.427542406207486,-122.16970961776774,1724970754.991212
37.42754257475917,-122.1697097017823,1724970755.095069
37.42754259855597,-122.16970988649183,1724970755.197322
37.42754268396276,-122.16970943747653,1724970755.3047569
37.42754252026899,-122.16970963599522,1724970755.4011881
37.4275423639856,-122.1697099195227,1724970755.5034754
37.42754226460011,-122.16971007466644,1724970755.6059673
37.42754226172906,-122.16971003648608,1724970755.7090998
37.42754253097591,-122.16971065311134,1724970755.806115
37.42754249084854,-122.16971074142386,1724970755.9077988
37.42754265803053,-122.16971081320176,1724970756.0077424
37.42754274871968,-122.16971085757541,1724970756.106668
37.42754296793841,-122.16971107376507,1724970756.2126915
37.427542772091726,-122.16970924081372,1724970756.3167295
37.427543086021046,-122.16970940476577,1724970756.4147887
37.42754331672121,-122.16970951909046,1724970756.5152338
37.42754356643003,-122.16970758139779,1724970756.6182404
37.42754357478519,-122.16970788805523,1724970756.7168572
37.42754369106624,-122.16971015594024,1724970756.8188703
37.42754352833915,-122.16971038602189,1724970756.9169285
37.427543386332864,-122.16971059159106,1724970757.0048711
37.42754338981903,-122.16971210336804,1724970757.1081948
37.42754348541874,-122.16970990997271,1724970757.2217183
37.42754351196394,-122.1697070987202,1724970757.3082623
37.42754352855876,-122.16970629814506,1724970757.4069877
37.42754348392581,-122.16970538366576,1724970757.52308
37.427543526169806,-122.16970534686523,1724970757.6118
37.427543543969875,-122.16970675513963,1724970757.7115548
37.427543726608846,-122.16970860708845,1724970757.8117268
37.42754394272391,-122.16970836724359,1724970757.911894
37.42754410416335,-122.16970827950499,1724970758.023288
37.42754292463787,-122.16970604405894,1724970758.1272202
37.427542924518235,-122.16970584301222,1724970758.2256787
37.42754275829046,-122.1697057641089,1724970758.327325
37.4275426129021,-122.16970568129771,1724970758.432044
37.42754249932996,-122.16970553761564,1724970758.5483968
37.42754363375761,-122.16970742241841,1724970758.6331947
37.42754365678588,-122.16970595348074,1724970758.7331426
37.42754362950627,-122.169704788995,1724970758.832268
37.42754376489399,-122.1697034295402,1724970758.9336715
37.42754398196069,-122.16970255997414,1724970759.0316079
37.42754398096736,-122.16970223402045,1724970759.1327333
37.42754288453641,-122.16970197472973,1724970759.2326891
37.42754293748528,-122.16970180622435,1724970759.3401806
37.42754285204842,-122.16970309910559,1724970759.4372435
37.42754267731872,-122.16970407172954,1724970759.5388477
37.42754268625754,-122.169704585801,1724970759.6378841
37.4275437142473,-122.16970485441277,1724970759.740232
37.427543774051834,-122.16970617105859,1724970759.842865
37.427543913816244,-122.16970610906634,1724970759.9430306
37.42754385292316,-122.16970593430739,1724970760.047548
37.42754375360364,-122.16970560012844,1724970760.1522155
37.427543664671504,-122.16970551270657,1724970760.2481747
37.42754355966679,-122.16970521752596,1724970760.350225
37.42754332493708,-122.16970390619547,1724970760.4506884
37.4275433402262,-122.16970383038675,1724970760.5562775
37.427543370300036,-122.16970386986031,1724970760.6509714
37.427543398528734,-122.1697052332152,1724970760.758567
37.4275442894709,-122.16970539392945,1724970760.8533456
37.427538333760175,-122.16970569674592,1724970760.9555347
37.42753869463821,-122.16970606424447,1724970761.0546682
37.427532678541205,-122.16970527914837,1724970761.1579323
37.42753355079752,-122.1697055659894,1724970761.252623
37.42753347725631,-122.16970539023303,1724970761.3594866
37.42754028012988,-122.16970619963551,1724970761.456855
37.42753998765441,-122.16970452266408,1724970761.5597868
37.42754674878065,-122.16970522271356,1724970761.6583312
37.42754648557169,-122.16970473687113,1724970761.758798
37.42754562711042,-122.16970384294821,1724970761.859953
37.42754519689471,-122.16970386266037,1724970761.9630709
37.42754507853533,-122.1697035151851,1724970762.061899
37.427544186389134,-122.16970198693961,1724970762.166473
37.42754349275029,-122.16970058286516,1724970762.266523
37.42754372064191,-122.16970123322989,1724970762.3669124
37.42754340290577,-122.16970105384796,1724970762.4653685
37.42754357724104,-122.16970241077085,1724970762.5678458
37.42754375252898,-122.16970378741408,1724970762.6672578
37.42754394098985,-122.16970511065593,1724970762.7679436
37.42754378988943,-122.16970536334341,1724970762.8659687
37.427543824292506,-122.16970561052202,1724970762.9699597
37.427543820039055,-122.16970595740419,1724970763.0682533
37.42754377027472,-122.16970531610028,1724970763.173343
37.427543776779004,-122.16970542168687,1724970763.271362
37.42754386331032,-122.16970564219879,1724970763.373254
37.42754359472701,-122.16970511341698,1724970763.4729939
37.42754322619797,-122.16970424515546,1724970763.5778747
37.427543343706624,-122.16970564709584,1724970763.669334
37.4275431123938,-122.16970510248846,1724970763.7780623
37.427543113176796,-122.16970555836136,1724970763.8790007
37.42754338930453,-122.16970668206925,1724970763.983787
37.42754385677346,-122.16970802328781,1724970764.0865614
37.42754357700019,-122.16970791515574,1724970764.1818855
37.42754376391478,-122.16970896765798,1724970764.2862906
37.42754334656985,-122.16970747156509,1724970764.3828826
37.42754335342067,-122.16970735148676,1724970764.4802258
37.427542889787794,-122.16970522392945,1724970764.5878625
37.42754279730235,-122.16970400365,1724970764.6850967
37.42754263842832,-122.16970186264716,1724970764.7862113
37.42754304871763,-122.16970113458979,1724970764.8905785
37.42754281775686,-122.16969912513783,1724970764.9849255
37.427542874416076,-122.16969911507684,1724970765.0939837
37.42754308589982,-122.16969940120458,1724970765.1980944
37.42754319376785,-122.16970064699603,1724970765.287983
37.42754316028033,-122.16970172935171,1724970765.3912494
37.427543030615006,-122.16970178869278,1724970765.500842
37.42754294150648,-122.16970186768143,1724970765.5970118
37.42754265990382,-122.16970082359526,1724970765.6916583
37.42754261266055,-122.16970056591903,1724970765.7906222
37.42754277745462,-122.16970042523964,1724970765.890018
37.42754326149521,-122.16970122639248,1724970765.9905472
37.42754374325957,-122.16970204051736,1724970766.0924544
37.42754378315001,-122.16970178199492,1724970766.1959453
37.42754358025689,-122.16970090892967,1724970766.3012762
37.427543480565085,-122.16970095751519,1724970766.4059837
37.42754336294769,-122.16970106336521,1724970766.5032804
37.427542823701344,-122.1697001632763,1724970766.6035004
37.427542838226344,-122.16970034389819,1724970766.7098787
37.42754333974527,-122.16970124218693,1724970766.8104897
37.42754336785867,-122.1697011131936,1724970766.9081557
37.42754334360214,-122.16970038461565,1724970767.0112102
37.427543228827865,-122.16970046602295,1724970767.112366
37.427543062232765,-122.16970062733664,1724970767.2140503
37.42754293084544,-122.1697007788563,1724970767.308876
37.42754228090596,-122.16970004754442,1724970767.415129
37.42754228286468,-122.16970083167006,1724970767.5107837
37.427542305019635,-122.16970114771371,1724970767.6228034
37.427542920573195,-122.16970203860686,1724970767.7113168
37.42754292697053,-122.16970195833629,1724970767.8107066
37.42754348627001,-122.16970292019987,1724970767.9088368
37.42754302230944,-122.16970196394477,1724970768.0139346
37.427543515685215,-122.16970241816894,1724970768.110244
37.42754340312809,-122.16970238383882,1724970768.2133844
37.42754332079154,-122.16970235827056,1724970768.3162096
37.42754327752566,-122.16970225924855,1724970768.4192424
37.4275436558047,-122.16970313583161,1724970768.5163517
37.42754369294438,-122.16970246554702,1724970768.6171782
37.42754305465026,-122.16970219685193,1724970768.7231526
37.42754249694881,-122.16970175005031,1724970768.8230813
37.42754246637315,-122.16970172785598,1724970768.9209542
37.427542450017256,-122.16970091387738,1724970769.022381
37.42754179401321,-122.16970088799582,1724970769.120445
37.42754172899838,-122.16970072692213,1724970769.221819
37.42754175612813,-122.16970039867941,1724970769.3225598
37.42754178037112,-122.16970054715064,1724970769.4254658
37.427541735546285,-122.16970155311947,1724970769.5279095
37.427542283764964,-122.1697025963215,1724970769.6274498
37.42754290191676,-122.16970324396799,1724970769.7297907
37.42754336526895,-122.16970428576289,1724970769.8268442
37.42754336859348,-122.16970455433822,1724970769.9392498
37.42754352649463,-122.16970476477154,1724970770.0295022
37.42754356305858,-122.16970501182152,1724970770.129973
37.427542991584865,-122.16970451278524,1724970770.2371445
37.42754302231302,-122.16970467476628,1724970770.334614
37.42754242284255,-122.16970412504315,1724970770.439462
37.42754191062629,-122.16970352504458,1724970770.5353894
37.427541484876485,-122.16970293409763,1724970770.637577
37.427541339824714,-122.16970323454979,1724970770.7375286
37.427541354187106,-122.16970324627209,1724970770.8412805
37.42754192928848,-122.16970384720105,1724970770.9382017
37.42754160806411,-122.16970414908059,1724970771.040542
37.42754199369082,-122.16970492511271,1724970771.1371713
37.427542740464546,-122.16970568844417,1724970771.2395468
37.4275427569068,-122.16970605880628,1724970771.3420541
37.427542784573355,-122.1697064078518,1724970771.4406307
37.42754416033416,-122.16970703394429,1724970771.5421233
37.4275442097211,-122.16970709615222,1724970771.645868
37.427544223923235,-122.16970694814887,1724970771.7529268
37.4275442500412,-122.16970664382065,1724970771.85023
37.427544277766,-122.1697062543774,1724970771.9505358
37.42754368403572,-122.16970596086291,1724970772.048105
37.42754365301024,-122.16970564876884,1724970772.1484194
37.427543026655805,-122.16970463848058,1724970772.2502756
37.42754299567096,-122.16970379795416,1724970772.3540554
37.42754295065644,-122.1697037327345,1724970772.4511175
37.42754292600831,-122.16970352526928,1724970772.605017
37.4275429815681,-122.16970269926307,1724970772.700018
37.427543010807796,-122.16970257371224,1724970772.7787347
37.4275431261219,-122.1697025397194,1724970772.8590088
37.42754316827869,-122.16970185449627,1724970772.9748092
37.42754253255746,-122.16970117932941,1724970773.063239
37.42754247417346,-122.16970128367893,1724970773.1607406
37.42754292108643,-122.16970073263312,1724970773.261093
37.427542789262375,-122.16970017629627,1724970773.3658721
37.42754266248336,-122.16969959548612,1724970773.4632094
37.427542709569806,-122.16969915221779,1724970773.5789955
37.427542406094226,-122.169698538473,1724970773.6625252
37.42754240747187,-122.16969868038623,1724970773.7675455
37.42754229999866,-122.16969887863668,1724970773.8681078
37.427541800909346,-122.16969936110418,1724970773.9825115
37.42754183310494,-122.16969997701132,1724970774.0763702
37.42754169326943,-122.16970060943547,1724970774.1747332
37.427541703686025,-122.16970119565853,1724970774.271972
37.42754132662561,-122.16970162717008,1724970774.377123
37.42754175761251,-122.1697018313392,1724970774.4710429
37.427542151928044,-122.16970187932337,1724970774.5737445
37.427542439204096,-122.16970197557278,1724970774.6700916
37.427541985676,-122.16970209743475,1724970774.7721994
37.427541976317606,-122.16970224550315,1724970774.8680048
37.42754194896617,-122.16970239410435,1724970774.975106
37.427541913430126,-122.16970257915314,1724970775.0816598
37.42754186469323,-122.16970275213363,1724970775.1783888
37.427542211350044,-122.16970286545833,1724970775.273935
37.42754247664793,-122.16970295097954,1724970775.3758676
37.42754212903237,-122.16970301595735,1724970775.4763684
37.4275417820413,-122.16970297896522,1724970775.5855317
37.42754143921257,-122.16970311711916,1724970775.6805365
37.42754128155736,-122.16970316730888,1724970775.783963
37.42754099392471,-122.1697032521087,1724970775.88431
37.42754117833371,-122.16970329050612,1724970775.9916704
37.42754114663971,-122.16970340493143,1724970776.0913498
37.42754115571452,-122.1697033174355,1724970776.1920469
37.427541070472536,-122.1697033626499,1724970776.2831485
37.42754041035191,-122.16970327395242,1724970776.3973691
37.42754032385151,-122.16970328821229,1724970776.5047886
37.4275403797681,-122.16970326554913,1724970776.5972881
37.42754039558373,-122.16970323251509,1724970776.6877108
37.42754031873258,-122.16970326672505,1724970776.7974586
37.427540983603485,-122.16970348763923,1724970776.893621
37.427540851548954,-122.16970358407286,1724970776.998633
37.42754076899369,-122.16970367725753,1724970777.0958822
37.4275406602711,-122.16970382656959,1724970777.2031002
37.42754059041703,-122.16970387319587,1724970777.294819
37.42754051655637,-122.16970385640194,1724970777.4084373
37.42754041010893,-122.16970389924509,1724970777.4970307
37.42754032490969,-122.1697039366795,1724970777.5955696
37.4275402460358,-122.16970401451944,1724970777.7043114
37.427540196716514,-122.1697041232603,1724970777.804604
37.4275400708855,-122.16970427152128,1724970777.900055
37.42754000089201,-122.16970424831266,1724970778.0014124
37.42753989995339,-122.16970433845631,1724970778.100269
37.427539828783985,-122.16970436274497,1724970778.2065554
37.4275396923553,-122.16970448761617,1724970778.2997496
37.42753965639606,-122.16970456871336,1724970778.4059896
37.427539575282225,-122.16970502381359,1724970778.5085845
37.42753949285884,-122.16970565020115,1724970778.6106596
37.427539419101485,-122.1697062840558,1724970778.7106109
37.4275393736747,-122.16970671115573,1724970778.8097298
37.427539306997346,-122.16970734381643,1724970778.906181
37.42753932295261,-122.16970771104323,1724970779.0150468
37.42753944810821,-122.16970785975353,1724970779.1053874
37.4275395652689,-122.16970810004538,1724970779.2097998
37.427539760915074,-122.16970837903625,1724970779.3158529
37.42754000264474,-122.16970805855745,1724970779.4195685
37.427539914473506,-122.16970771537915,1724970779.5132024
37.42754014433141,-122.16970720083349,1724970779.6147974
37.42753999137935,-122.16970544123716,1724970779.7106638
37.427539356909705,-122.16970370392455,1724970779.82133
37.42753870758959,-122.16970231102108,1724970779.9215214
37.427538755639944,-122.16970107359879,1724970780.0172215
37.42753798669296,-122.16969986597249,1724970780.117184
37.427537930381106,-122.16969958016902,1724970780.2174625
37.42753806823513,-122.1696999629085,1724970780.3175542
37.42753856556787,-122.16970085452833,1724970780.4213064
37.42753825743716,-122.16970162140994,1724970780.5188215
37.42753843090563,-122.16970222904474,1724970780.6226418
37.42753833432825,-122.16970321894782,1724970780.7221885
37.42753834809428,-122.16970357863504,1724970780.8260753
37.42753784315198,-122.16970352633642,1724970780.9240327
37.42753788642347,-122.16970294044194,1724970781.0257692
37.427537906586196,-122.16970289412664,1724970781.1254284
37.42753761828223,-122.16970285868109,1724970781.2282488
37.427537420384525,-122.16970275788883,1724970781.3256576
37.427537495871796,-122.1697025087351,1724970781.4290159
37.42753722867361,-122.16970256526639,1724970781.5312648
37.42753699720651,-122.16970251791005,1724970781.6290617
37.427537011347425,-122.1697021975177,1724970781.7324739
37.4275371788594,-122.16970193036424,1724970781.836331
37.427537185575936,-122.16970171977277,1724970781.9380336
37.427536915698525,-122.16970176965798,1724970782.032568
37.42753667715164,-122.16970166427078,1724970782.1431491
37.42753656002167,-122.16970133199229,1724970782.2748656
37.427536208764074,-122.16970127480158,1724970782.385463
37.42753492215515,-122.16970095964967,1724970782.4987075
37.4275350588906,-122.16970042830808,1724970782.6061368
37.42753468735105,-122.1696998203958,1724970782.715827
37.427534543697554,-122.16970004600714,1724970782.837344
37.427534714941146,-122.16969942445495,1724970782.9859684
37.42753464903395,-122.16969962039907,1724970783.0885692
37.427534046242364,-122.169699272651,1724970783.1967242
37.42753408102223,-122.16969908606185,1724970783.295647
37.42753349720282,-122.16969858435922,1724970783.4077313
37.427532253365044,-122.1696991092107,1724970783.5156512
37.427532391479645,-122.16969904388245,1724970783.619214
37.42753186505027,-122.16969976888862,1724970783.7764785
37.427531093572725,-122.16970041629727,1724970783.9049995
37.427530574402525,-122.16970080199893,1724970784.0561457
37.42753136413735,-122.16970066522754,1724970784.1601312
37.4275308502998,-122.16970078494506,1724970784.2449415
37.427531673946646,-122.16970059573958,1724970784.3313444
37.42753151996421,-122.16970047077882,1724970784.4105072
37.42753139703971,-122.16970058943721,1724970784.4880252
37.42753103110866,-122.16970064010748,1724970784.5744367
37.42753172821149,-122.16970037775388,1724970784.684367
37.427531351226925,-122.16969995437368,1724970784.7855825
37.427531935810876,-122.16969934761339,1724970784.8959646
37.427532817092846,-122.16969882363439,1724970784.9931257
37.42753274916484,-122.16969833201111,1724970785.0951128
37.427532745465655,-122.16969830193796,1724970785.1738014
37.42753298452854,-122.16969894185358,1724970785.2475638
37.427533213768605,-122.1697000760399,1724970785.3235238
37.42753291517372,-122.16970100156188,1724970785.3993077
37.42753274053705,-122.16970208657094,1724970785.479423
37.42753241966927,-122.16970284051767,1724970785.5531616
37.42753179601226,-122.1697033546408,1724970785.6290536
37.42753178371925,-122.16970232862397,1724970785.7051659
37.42753192638417,-122.1697016008267,1724970785.77782
37.42753243037268,-122.16970012884046,1724970785.8669436
37.4275331194621,-122.1696987513763,1724970785.9655197
37.42753383365335,-122.169697854381,1724970786.0690928
37.42753359143456,-122.16969765565293,1724970786.1683152
37.427533686340624,-122.1696977840267,1724970786.2743857
37.427533204704304,-122.1696986459404,1724970786.3765585
37.42753270752708,-122.16969879514565,1724970786.471939
37.427532502121856,-122.16969850807618,1724970786.5817513
37.42753263207591,-122.16969926839246,1724970786.6788044
37.42753244659389,-122.16969933474317,1724970786.7829564
37.42753267481656,-122.16969938560834,1724970786.8821423
37.42753269128546,-122.16970011640178,1724970786.9891508
37.427532544108935,-122.16970015541482,1724970787.0843208
37.42753252335653,-122.16969960470153,1724970787.187446
37.42753258293728,-122.16969902783984,1724970787.2838144
37.42753281459042,-122.16969914077117,1724970787.3942523
37.427532971702554,-122.16969921668587,1724970787.4936566
37.42753303763552,-122.16970001173253,1724970787.5942788
37.42753299126722,-122.16970006256618,1724970787.689451
37.42753303844903,-122.16970087447716,1724970787.798911
37.427532901094914,-122.1697004328364,1724970787.8919137
37.42753276002376,-122.16970049230754,1724970787.9946272
37.42753267757505,-122.169700485203,1724970788.0932093
37.42753263546575,-122.16970078120588,1724970788.204093
37.427532455729505,-122.16970026068313,1724970788.2936728
37.4275323179062,-122.1697009073837,1724970788.4033964
37.427532344149384,-122.16970106306411,1724970788.5076456
37.42753232038778,-122.1697013135689,1724970788.60397
37.42753234707737,-122.1697011290944,1724970788.6961296
37.42753237378584,-122.16970133301783,1724970788.8021955
37.42753238508748,-122.16970085523864,1724970788.9048226
37.42753242806379,-122.16970032429298,1724970789.0222914
37.42753248671504,-122.16969945895127,1724970789.142284
37.427533047131384,-122.16969918865566,1724970789.251325
37.42753350027667,-122.16969873133694,1724970789.3651752
37.427534053010014,-122.169698180308,1724970789.478274
37.42753471182325,-122.16969817811602,1724970789.6040623
37.42753518707923,-122.16969790089404,1724970789.725946
37.42753507179263,-122.16969791184393,1724970789.853038
37.427535063210605,-122.16969890659966,1724970789.9880314
37.427534943063286,-122.16969892237243,1724970790.117346
37.4275347492063,-122.16969844954103,1724970790.2490506
37.42753467166494,-122.16969848877696,1724970790.3640425
37.42753461203068,-122.16969846613388,1724970790.4691138
37.42753443038147,-122.16969831495068,1724970790.5744154
37.42753436822482,-122.16969858679974,1724970790.7080133
37.42753424460923,-122.16969885703462,1724970790.8573902
37.4275341727015,-122.16969958522687,1724970790.9845245
37.42753366979377,-122.16970083369324,1724970791.1108515
37.42753335425458,-122.16970142111981,1724970791.2125607
37.42753285018765,-122.16970295204082,1724970791.30631
37.42753281849553,-122.16970449491055,1724970791.3848238
37.427532267673385,-122.16970560863997,1724970791.460657
37.42753259447786,-122.16970628192642,1724970791.532481
37.42753282332285,-122.16970671253394,1724970791.6059935
37.42753354924356,-122.16970496254844,1724970791.682732
37.42753387133241,-122.16970302881286,1724970791.7577531
37.42753434566729,-122.16970197750815,1724970791.83401
37.42753438146606,-122.16970093267645,1724970791.9091408
37.42753434141689,-122.16970002430926,1724970791.985233
37.42753417593239,-122.169700094919,1724970792.062368
37.42753378539895,-122.16970128798818,1724970792.1380634
37.427533664931744,-122.16970148979942,1724970792.2133985
37.42753347402189,-122.16970170136585,1724970792.292255
37.42753337118814,-122.1697016820289,1724970792.3746257
37.4275329468372,-122.16970264359945,1724970792.4548182
37.42753270562548,-122.16970261242147,1724970792.5332127
37.42753262298753,-122.16970254813789,1724970792.6311092
37.42753253748131,-122.16970247407406,1724970792.730069
37.427532519762586,-122.16970243192014,1724970792.832835
37.427532448287295,-122.16970231978769,1724970792.9414632
37.42753241978592,-122.16970238606864,1724970793.0400543
37.4275323226002,-122.16970233995752,1724970793.136012
37.427532289437266,-122.16970241624604,1724970793.247168
37.427532232947755,-122.16970226269079,1724970793.3399417
37.42753227563728,-122.16970226850744,1724970793.4386756
37.42753225390596,-122.1697021217063,1724970793.5417373
37.42753219655587,-122.16970214677475,1724970793.6411185
37.42753211336089,-122.16970203254124,1724970793.7469327
37.42753198843577,-122.16970206312101,1724970793.8454146
37.427531822334096,-122.16970208742946,1724970793.9434419
37.4275316499146,-122.16970212079609,1724970794.0428705
37.42753163454233,-122.16970219516125,1724970794.1464689
37.42753157078699,-122.16970228734186,1724970794.24181
37.42753155045478,-122.16970246693857,1724970794.3471742
37.42753139314415,-122.16970252265173,1724970794.4430838
37.42753134618831,-122.1697025177077,1724970794.5497582
37.427531144003886,-122.16970255509793,1724970794.646244
37.42753104898589,-122.16970250552363,1724970794.7938375
37.42753094041732,-122.16970254627684,1724970794.8961215
37.427530961540285,-122.16970264285183,1724970794.985291
37.42753087552945,-122.16970270212175,1724970795.0685413
37.42753081873897,-122.169702678813,1724970795.1564503
37.427530767199755,-122.16970276207238,1724970795.2524536
37.42753066510025,-122.16970273041568,1724970795.3470528
37.42753059472139,-122.16970267927104,1724970795.454805
37.42753057944065,-122.16970273178755,1724970795.6076498
37.42753052971989,-122.16970274401437,1724970795.696312
37.427530469704536,-122.16970278176576,1724970795.781072
37.4275304716465,-122.16970282047461,1724970795.8624272
37.42753040560957,-122.16970275411938,1724970795.9635255
37.42753037903363,-122.16970277401197,1724970796.0588853
37.4275303974924,-122.16970284012746,1724970796.1584015
37.42753040684821,-122.1697027631697,1724970796.2599874
37.427530388693405,-122.16970265190959,1724970796.3652706
37.427530383815075,-122.16970276352613,1724970796.4655697
37.42753038858944,-122.16970267977253,1724970796.566071
37.42753030779206,-122.16970273625128,1724970796.6620424
37.427530346919006,-122.16970313770497,1724970796.7623477
37.42753032172477,-122.16970377471634,1724970796.8619676
37.427530296503264,-122.16970427664897,1724970796.9701414
37.4275303290812,-122.16970495200897,1724970797.0645988
37.42753049581957,-122.1697058485216,1724970797.166604
37.42753046784641,-122.16970663892893,1724970797.2650568
37.427530564221364,-122.16970738732695,1724970797.3688052
37.42753072214095,-122.16970818123978,1724970797.4640374
37.427530728752615,-122.16970884064216,1724970797.5707223
37.42753054296144,-122.16970910431557,1724970797.6683083
37.427530410599054,-122.16970921979637,1724970797.7807915
37.42753057845318,-122.16970658594545,1724970797.8645704
37.427530888490686,-122.16970526335489,1724970797.964765
37.42753114903511,-122.16970400627918,1724970798.0695336
37.427531520550644,-122.16970281252502,1724970798.1698687
37.42753188968271,-122.1697017541568,1724970798.2752192
37.427531983653,-122.16970332580095,1724970798.3754284
37.42753183847622,-122.16970352734222,1724970798.472831
37.42753182925747,-122.16970367942704,1724970798.5849612
37.427531801103456,-122.16970383746212,1724970798.681802
37.427531784064215,-122.1697038092517,1724970798.7808244
37.427531813465244,-122.16970379541839,1724970798.8846805
37.42753187041597,-122.16970375620946,1724970798.9828389
37.427531976747844,-122.16970373215334,1724970799.0800662
37.427532056695185,-122.16970369214648,1724970799.180842
37.4275322119457,-122.16970375143778,1724970799.2852426
37.427532291383486,-122.16970371389583,1724970799.3831527
37.42753236988746,-122.16970360946989,1724970799.4882321
37.42753247107743,-122.16970357168773,1724970799.5937288
37.42753259806289,-122.16970356181484,1724970799.6915565
37.42753274097848,-122.16970341111563,1724970799.7867355
37.42753282454187,-122.16970331485831,1724970799.8905795
37.42753298310383,-122.16970336728708,1724970799.990313
37.427533036857604,-122.1697033315948,1724970800.0976968
37.427533135815175,-122.16970327191677,1724970800.193001
37.427533145659055,-122.16970333428355,1724970800.2876518
37.42753317509422,-122.16970338391125,1724970800.3969789
37.42753319584662,-122.16970333696119,1724970800.490753
37.42753308999251,-122.16970334168292,1724970800.6011152
37.427533006080026,-122.16970333786868,1724970800.7031024
37.427532934995696,-122.16970331695809,1724970800.8001535
37.42753287670127,-122.16970335805925,1724970800.8968287
37.427532768067614,-122.16970339280188,1724970801.0100834
37.42753280131346,-122.16970340588804,1724970801.1022992
37.42753277595706,-122.16970344436591,1724970801.200707
37.427532688028535,-122.1697034756121,1724970801.3031423
37.42753270586412,-122.16970343135874,1724970801.4013474
37.4275326356107,-122.16970351635742,1724970801.504928
37.42753265627266,-122.16970367235642,1724970801.6055522
37.42753262788258,-122.16970383652672,1724970801.700022
37.427532638554794,-122.16970408843713,1724970801.8112082
37.42753255072592,-122.16970438241167,1724970801.9131157
37.427532517499834,-122.16970463429789,1724970802.014434
37.42753242332458,-122.16970478846203,1724970802.109961
37.42753242004491,-122.16970498169118,1724970802.2073598
37.427532490198864,-122.16970504525234,1724970802.3044825
37.42753243332482,-122.16970514326115,1724970802.4091346
37.42753244933251,-122.1697051260353,1724970802.5047445
37.42753242835046,-122.16970524428204,1724970802.6108851
37.427532350225,-122.16970533576747,1724970802.7086346
37.427532321551126,-122.16970539960653,1724970802.809282
37.427532360317635,-122.16970542125452,1724970802.9111092
37.42753226001615,-122.16970560513855,1724970803.0314226
37.42753216723787,-122.16970562755596,1724970803.130242
37.42753214395191,-122.16970558968929,1724970803.2231724
37.42753177440652,-122.16970556599456,1724970803.3155046
37.42753154696128,-122.16970561403916,1724970803.4180818
37.42753133549815,-122.16970553166416,1724970803.518378
37.42753136654834,-122.16970567381287,1724970803.6202054
37.42753122991836,-122.16970572729956,1724970803.718214
37.427531346422136,-122.16970582401544,1724970803.8262208
37.42753148573369,-122.16970607451975,1724970803.9240358
37.427531755920434,-122.16970626890519,1724970804.0264053
37.42753175892982,-122.16970654710104,1724970804.1275835
37.42753187244972,-122.1697071903355,1724970804.224507
37.42753194838654,-122.16970816100685,1724970804.324724
37.42753211797272,-122.16970917388387,1724970804.426812
37.42753232428845,-122.16971051020185,1724970804.5217776
37.42752706756628,-122.16970930238816,1724970804.6298149
37.427543358259555,-122.16970444715678,1724970804.7269933
37.42754322346631,-122.16970386295861,1724970804.834362
37.42754298736022,-122.16970310558406,1724970804.9358845
37.427541717842324,-122.16970173514166,1724970805.032676
37.4275468848148,-122.16970307975244,1724970805.138905
37.42753054217315,-122.16970788839603,1724970805.2321587
37.42753065116983,-122.1697081700363,1724970805.3333027
37.42753068004346,-122.16970838377127,1724970805.4313579
37.427531674642395,-122.16970787288932,1724970805.533434
37.427530765278426,-122.16970755381924,1724970805.6401038
37.42753114906532,-122.16970615051378,1724970805.742155
37.427530218210386,-122.16970572935314,1724970805.844372
37.42753064501024,-122.16970597255424,1724970805.9414122
37.427530995400545,-122.16970731553823,1724970806.0391963
37.42753041990474,-122.16970716020772,1724970806.1405709
37.42753046433257,-122.16970735527747,1724970806.2402506
37.42753085495621,-122.16970763837763,1724970806.3476624
37.4275289572667,-122.16970682208984,1724970806.4493737
37.427527598847604,-122.1697062716837,1724970806.5599494
37.42752948511795,-122.16970722403086,1724970806.6470041
37.4275295011383,-122.16970733162044,1724970806.7438767
37.42753056953491,-122.16970777638997,1724970806.845667
37.427532475230926,-122.1697084856237,1724970806.9453692
37.42753398081111,-122.16970862729937,1724970807.0431583
37.427534130985144,-122.16970659574471,1724970807.1480691
37.427534239499344,-122.16970697128129,1724970807.2499511
37.427534330908045,-122.16970482206217,1724970807.353469
37.42753451184605,-122.16970299219992,1724970807.4565685
37.42753468262802,-122.16970218288034,1724970807.5560024
37.42753489224195,-122.16970286593917,1724970807.6600537
37.42753502556566,-122.16970275410588,1724970807.7553632
37.42753508388024,-122.16970365092816,1724970807.8588018
37.42753509374002,-122.16970355259144,1724970807.9563653
37.427535213305845,-122.16970337831815,1724970808.0559065
37.42753526909226,-122.16970253702303,1724970808.1532466
37.42753535920036,-122.16970223441064,1724970808.2581284
37.42753548071437,-122.16970158068705,1724970808.356811
37.427535696923705,-122.16970228670479,1724970808.4551163
37.427535738011535,-122.16970249554504,1724970808.557603
37.427535762320005,-122.16970347874452,1724970808.6580281
37.42753572125755,-122.16970286406246,1724970808.7728012
37.42753571785203,-122.16970245373884,1724970808.8594806
37.42753557633943,-122.1697015158447,1724970808.9638364
37.42753544272682,-122.16970037743742,1724970809.0632327
37.42753532084869,-122.16970055783788,1724970809.1623232
37.42753528799382,-122.16970031360214,1724970809.270818
37.42753524947026,-122.16970184294253,1724970809.3656502
37.42753524174687,-122.16970178705219,1724970809.4709573
37.42753526412241,-122.1697032713106,1724970809.5771163
37.42753530717457,-122.1697019332919,1724970809.6869602
37.427535290610905,-122.16970342366018,1724970809.7794201
37.42753528817553,-122.16970215941583,1724970809.8777807
37.427535306686046,-122.16970352293175,1724970809.9742208
37.4275354142686,-122.16970336727636,1724970810.0722675
37.42753552636467,-122.16970464373152,1724970810.1779816
37.4275357066313,-122.1697047357997,1724970810.2807217
37.42753587964042,-122.16970624975256,1724970810.3743722
37.42753609579817,-122.16970694047458,1724970810.4731297
37.42753593303859,-122.16970788263694,1724970810.5778606
37.42753608610153,-122.1697088682708,1724970810.6699796
37.42753594203513,-122.16970588168509,1724970810.7713041
37.427529889611655,-122.16970461290877,1724970810.8755968
37.427530098478954,-122.1697026177482,1724970810.974961
37.427530362945944,-122.16970181069813,1724970811.0748491
37.42753032878713,-122.16970094329449,1724970811.17491
37.427530648375374,-122.1697036655849,1724970811.2799425
37.427536770924036,-122.16970435698694,1724970811.3776517
37.427536561818556,-122.16970430656433,1724970811.4856856
37.427536565539704,-122.16970276085782,1724970811.586629
37.42753662849636,-122.1697022818404,1724970811.6786804
37.427536539146814,-122.16970188594648,1724970811.7788217
37.42753656448691,-122.16970141628988,1724970811.8800473
37.42753663412054,-122.16970201559295,1724970811.9923728
37.42753664460608,-122.16970252109995,1724970812.0976462
37.42753662204472,-122.16970132821301,1724970812.1957297
37.427536672145294,-122.16970058121706,1724970812.298625
37.427536664564954,-122.16969987579932,1724970812.4068217
37.42753666156372,-122.16969897186891,1724970812.4982944
37.42753667915805,-122.16969827660448,1724970812.6023204
37.427536598280106,-122.16969860870681,1724970812.6990016
37.4275364964371,-122.1696985772421,1724970812.803152
37.42753646186904,-122.16969857257074,1724970812.9024045
37.427536391523475,-122.16969861186136,1724970813.0038514
37.427536269222806,-122.16969900677337,1724970813.1055663
37.42753622826042,-122.16969876944539,1724970813.2123177
37.42753627176797,-122.16969838829101,1724970813.3083937
37.4275362139846,-122.16969845366346,1724970813.4100397
37.427536182485014,-122.16969872515938,1724970813.5078576
37.42753623479887,-122.16969872988366,1724970813.608418
37.42753623330588,-122.16969861160965,1724970813.7088506
37.42753617898111,-122.16969899088586,1724970813.8406363
37.42753621392017,-122.16969890029398,1724970813.9295173
37.42753624580171,-122.16969899693342,1724970814.0153255
37.42753625590056,-122.16969861157179,1724970814.1148212
37.427536266708756,-122.16969856495359,1724970814.2190692
37.42753630564991,-122.1696984679788,1724970814.3156133
37.427536271858635,-122.16969847145161,1724970814.4163492
37.427536209086504,-122.16969810970537,1724970814.518434
37.42753620736538,-122.16969842055789,1724970814.6225753
37.42753621686318,-122.16969877483541,1724970814.7235775
37.427536253918646,-122.16969883432503,1724970814.8248034
37.427536286467195,-122.16969852713116,1724970814.9157703
37.42753631551289,-122.16969852972719,1724970815.0216424
37.427536342368526,-122.16969823898259,1724970815.1165607
37.4275363803838,-122.16969792596421,1724970815.2252645
37.427536335646174,-122.16969773771685,1724970815.322371
37.427536383136705,-122.1696980102237,1724970815.4191303
37.42753638531668,-122.16969799086675,1724970815.5152805
37.42753636639304,-122.16969797050574,1724970815.6156404
37.42753632235575,-122.1696979861096,1724970815.7266958
37.42753644401861,-122.16969746798217,1724970815.8206458
37.427536356752384,-122.16969746296752,1724970815.9262187
37.42753638077692,-122.1696976390643,1724970816.0249734
37.42753636998353,-122.16969758781043,1724970816.1273909
37.427536323827674,-122.16969759418217,1724970816.2346306
37.427536203449876,-122.16969834477605,1724970816.3274581
37.427536299290395,-122.16969849926869,1724970816.426186
37.42753644419392,-122.16969855847304,1724970816.524122
37.42753639500052,-122.16969824984157,1724970816.6639335
37.427536461368504,-122.16969822347852,1724970816.7496839
37.427536459258114,-122.16969783312729,1724970816.8336809
37.42753636461261,-122.16969734497903,1724970816.9557226
37.42753619310244,-122.16969751993209,1724970817.078587
37.42753624561931,-122.1696978735075,1724970817.1827717
37.427536287070396,-122.16969788467894,1724970817.3010678
37.427537816289714,-122.16969711457472,1724970817.5373516
37.42753946177931,-122.16969620492223,1724970817.6339922
37.42754097383689,-122.16969470523148,1724970817.7394285
37.42754247497028,-122.16969376877401,1724970817.8461964
37.42754395276357,-122.16969302112848,1724970817.9422584
37.427543923842656,-122.16969276452663,1724970818.0385695
37.427543847602685,-122.16969304168914,1724970818.1376374
37.427543891210576,-122.1696934536895,1724970818.240447
37.42754397072315,-122.1696937299325,1724970818.3384018
37.42754407281277,-122.16969381947473,1724970818.4419706
37.427544159043165,-122.16969420349467,1724970818.5432901
37.427544167119294,-122.169694313611,1724970818.6486332
37.42754418631126,-122.16969442282367,1724970818.7461574
37.42754413498708,-122.16969457678063,1724970818.8522387
37.427544120777874,-122.16969465010578,1724970818.9473083
37.427544159961336,-122.16969481219937,1724970819.04503
37.42754420004725,-122.1696948578576,1724970819.1494179
37.42754414971553,-122.16969489824899,1724970819.2588193
37.42754419647093,-122.16969494852209,1724970819.3548098
37.42754415091315,-122.16969501087824,1724970819.4596708
37.42754403915688,-122.16969501775128,1724970819.5527987
37.42754399209579,-122.16969518225966,1724970819.660405
37.42754404943385,-122.1696953849152,1724970819.7536077
37.427544008024874,-122.16969560683779,1724970819.8588648
37.42754383468637,-122.16969557791228,1724970819.96076
37.427543792751514,-122.16969591396503,1724970820.0623028
37.42754367320332,-122.1696961423787,1724970820.1642246
37.42754355577927,-122.16969633191515,1724970820.2589533
37.4275435043191,-122.16969646451564,1724970820.3635905
37.4275434458827,-122.16969680116908,1724970820.467523
37.427543393370996,-122.16969683008922,1724970820.5672598
37.42754339440771,-122.16969687131686,1724970820.6735117
37.42754336583031,-122.16969699029448,1724970820.7756023
37.427543102321415,-122.1696965375586,1724970820.8727171
37.427543108518094,-122.16969671255907,1724970820.9768367
37.42754307730809,-122.16969671170315,1724970821.082093
37.42754300217312,-122.1696967569857,1724970821.1801064
37.42754293490721,-122.16969664500476,1724970821.2764952
37.427543065546956,-122.169697106082,1724970821.3789845
37.42754299914998,-122.16969710245148,1724970821.4806368
37.42754294703506,-122.16969729248652,1724970821.584687
37.42754275592884,-122.16969675092315,1724970821.687012
37.427542576441546,-122.16969628093837,1724970821.7887564
37.427542362552025,-122.16969598432387,1724970821.8869176
37.42754219896137,-122.16969568988188,1724970821.9997742
37.42754205663974,-122.1696953883482,1724970822.0959444
37.42754199416623,-122.16969581270881,1724970822.1910346
37.42754198241521,-122.16969623758621,1724970822.290642
37.42754197189961,-122.16969652377657,1724970822.3865995
37.427541864427916,-122.16969680108309,1724970822.4947686
37.42754172493505,-122.16969695452212,1724970822.5943544
37.42754163811499,-122.16969713478044,1724970822.7021968
37.427541456511754,-122.16969733874664,1724970822.7875845
37.42754131731963,-122.16969768963415,1724970822.8916857
37.427541276577664,-122.16969801748886,1724970822.995285
37.42754125611249,-122.1696985911325,1724970823.0942051
37.42754113544165,-122.16969862363825,1724970823.1969397
37.427541247054435,-122.16969923753348,1724970823.2914925
37.427541203490364,-122.1696990683885,1724970823.3906124
37.42754139466123,-122.16969959983398,1724970823.492797
37.427541252444016,-122.16969933797489,1724970823.5913048
37.427541301954705,-122.1696995897959,1724970823.692158
37.42754112379115,-122.1696992209471,1724970823.7951295
37.42754108909289,-122.16969942708661,1724970823.897361
37.42754087397656,-122.1696989058935,1724970823.9953392
37.42754088599097,-122.16969905327528,1724970824.1003165
37.42754078204123,-122.16969920026823,1724970824.2004635
37.42754068065729,-122.16969939828998,1724970824.3075428
37.427540618019215,-122.16969956813465,1724970824.4119625
37.427540454205804,-122.16969980215536,1724970824.5090144
37.427540385178794,-122.16969989518111,1724970824.6035779
37.42754031738507,-122.16969995118606,1724970824.7060206
37.42754030787266,-122.16969999623952,1724970824.8080611
37.42754039858353,-122.16970002646029,1724970824.9089403
37.42754044331876,-122.1697000423866,1724970825.007776
37.42754041887727,-122.16970012448549,1724970825.1140907
37.427540341712906,-122.16970025197266,1724970825.20953
37.42754019186812,-122.16970040432115,1724970825.306725
37.42754003627583,-122.16970066112098,1724970825.407826
37.42753980924432,-122.16970094775532,1724970825.5104513
37.42753958363858,-122.16970124102711,1724970825.6091275
37.42753948318545,-122.16970147009269,1724970825.711885
37.42753937890703,-122.16970158730864,1724970825.8133059
37.42753932266306,-122.16970172790492,1724970825.9096868
37.42753942007777,-122.1697017475388,1724970826.0076
37.42753944025596,-122.16970191617803,1724970826.1179633
37.42753952345652,-122.1697020529407,1724970826.2091594
37.42753966945241,-122.16970238257579,1724970826.314907
37.42753965172014,-122.16970270858062,1724970826.4178076
37.427539651279744,-122.16970315360734,1724970826.5200548
37.42753974023918,-122.16970338839832,1724970826.6190236
37.42753971167702,-122.16970371005887,1724970826.7227235
37.427539703358136,-122.16970393288712,1724970826.8279634
37.42753977020708,-122.16970406128974,1724970826.9287126
37.427539750050386,-122.16970412239824,1724970827.0260417
37.4275397717237,-122.16970418163162,1724970827.130888
37.427539781610335,-122.16970418234328,1724970827.224589
37.42753977574771,-122.16970419169846,1724970827.3248851
37.42753971314401,-122.16970424353455,1724970827.4263773
37.427539696619675,-122.16970443412771,1724970827.53551
37.427539683212586,-122.16970458477529,1724970827.6227193
37.42753972946509,-122.16970482499129,1724970827.7268226
37.42753971536606,-122.16970502961172,1724970827.8273964
37.42753970701624,-122.16970542619335,1724970827.9298255
37.42753975641671,-122.16970572068087,1724970828.0419102
37.42753977878516,-122.16970634966177,1724970828.1308353
37.42753974723698,-122.16970700138076,1724970828.2249057
37.42753976621364,-122.16970767681116,1724970828.3271284
37.427539795927615,-122.16970825591906,1724970828.4290805
37.427539895068996,-122.16970888019445,1724970828.531949
37.427538723627244,-122.16970886378176,1724970828.629132
37.42753757915842,-122.16970884110134,1724970828.7271187
37.42753760562453,-122.16970939680412,1724970828.8254235
37.4275375584549,-122.16970990888048,1724970828.9302082
37.42753624454532,-122.16970889292735,1724970829.03266
37.42753639497452,-122.16970745082642,1724970829.1302903
37.427537629441474,-122.1697072602498,1724970829.2352195
37.42753762832826,-122.1697075940594,1724970829.3352568
37.42753777777647,-122.16970792538176,1724970829.4330423
37.42753915941272,-122.1697097200597,1724970829.534065
37.427540029233526,-122.1697111893335,1724970829.6363857
37.42753865443123,-122.16971077879131,1724970829.737054
37.4275373441906,-122.16970932170398,1724970829.8384545
37.42753590651299,-122.16970679095803,1724970829.93597
37.42753444974904,-122.16970520221537,1724970830.0387251
37.42753330686321,-122.16970483928647,1724970830.1388233
37.42753333282928,-122.16970500916007,1724970830.240496
37.42753339254798,-122.16970407933702,1724970830.345076
37.42753338989944,-122.16970519931745,1724970830.4444287
37.427533340536755,-122.16970534570875,1724970830.542675
37.42753331449744,-122.16970546454021,1724970830.6437209
37.427533263552185,-122.16970564157985,1724970830.7471457
37.427534668654474,-122.16970714379823,1724970830.8443224
37.42753608180222,-122.1697077085953,1724970830.9430358
37.427536084328906,-122.16970788466251,1724970831.0534313
37.42753604944333,-122.16970802026384,1724970831.152474
37.42753752959146,-122.16970867328973,1724970831.2505474
37.42753751452218,-122.16970762869857,1724970831.354392
37.42753606607208,-122.16970753983085,1724970831.4533043
37.42753595591288,-122.16970591426445,1724970831.5516617
37.42753749987573,-122.16970504475775,1724970831.652333
37.427537524308605,-122.16970527737917,1724970831.7581358
37.42753763167002,-122.16970687671672,1724970831.8553298
37.427539175036344,-122.169705843823,1724970831.9622664
37.42753876409134,-122.1697074986892,1724970832.0679662
37.42753738046738,-122.16970870866484,1724970832.162533
37.4275359765689,-122.16970826016689,1724970832.2646072
37.42753594134999,-122.16970712175579,1724970832.3704233
37.42753604316755,-122.16970867190803,1724970832.4685407
37.427538208507315,-122.16970801085984,1724970832.5665808
37.42753964824602,-122.16970856972094,1724970832.6750853
37.4275409477954,-122.16970911925453,1724970832.7692053
37.42753947785774,-122.16970993151432,1724970832.872391
37.42753926126322,-122.16971009635334,1724970832.9746869
37.42753768421746,-122.16971133744826,1724970833.0729046
37.427535860415084,-122.1697106016142,1724970833.1802576
37.427534202356455,-122.16970992039501,1724970833.2748837
37.42753550326971,-122.16971062135877,1724970833.368726
37.42755085639209,-122.16970719219728,1724970833.4655848
37.42755221137388,-122.16970775369543,1724970833.5649898
37.42755383538943,-122.16970884216161,1724970833.6700068
37.42755577740059,-122.16970986757963,1724970833.7703824
37.42755605049911,-122.16970860601349,1724970833.8802063
37.42754099892616,-122.1697124002226,1724970833.975308
37.42754125489702,-122.16971258163558,1724970834.0781345
37.42754168420102,-122.16971269024816,1724970834.1757433
37.42754170860576,-122.16971271725792,1724970834.2770967
37.42754181474852,-122.1697134670261,1724970834.374296
37.427541956348996,-122.16971327986732,1724970834.476196
37.42754213510887,-122.16971151547548,1724970834.5784295
37.427542176435416,-122.16971105533844,1724970834.6767752
37.42754227835688,-122.16971055533462,1724970834.7796626
37.42754217260157,-122.16971062213968,1724970834.879537
37.42754227265163,-122.16970897181831,1724970834.9848666
37.42754210333425,-122.16971002850005,1724970835.0822694
37.42754195896779,-122.16970970423036,1724970835.1814046
37.42754189298501,-122.16970937829237,1724970835.283316
37.427541925439584,-122.16970765950454,1724970835.3848753
37.42754171595511,-122.16970862470377,1724970835.4846127
37.42754180037758,-122.1697084058715,1724970835.584743
37.427541838951385,-122.16970828248903,1724970835.6849797
37.42754213109783,-122.16970822133354,1724970835.788257
37.427542406207486,-122.16970961776774,1724970835.8962107
37.42754257475917,-122.1697097017823,1724970835.996222
37.42754259855597,-122.16970988649183,1724970836.1049218
37.42754268396276,-122.16970943747653,1724970836.2108705
37.42754252026899,-122.16970963599522,1724970836.3116987
37.4275423639856,-122.1697099195227,1724970836.4139614
37.42754226460011,-122.16971007466644,1724970836.506743
37.42754226172906,-122.16971003648608,1724970836.6091006
37.42754253097591,-122.16971065311134,1724970836.7069159
37.42754249084854,-122.16971074142386,1724970836.8101974
37.42754265803053,-122.16971081320176,1724970836.9109993
37.42754274871968,-122.16971085757541,1724970837.0024102
37.42754296793841,-122.16971107376507,1724970837.1095467
37.427542772091726,-122.16970924081372,1724970837.2254207
37.427543086021046,-122.16970940476577,1724970837.326585
37.42754331672121,-122.16970951909046,1724970837.4669642
37.42754356643003,-122.16970758139779,1724970837.5720165
37.42754357478519,-122.16970788805523,1724970837.668771
37.42754369106624,-122.16971015594024,1724970837.7484
37.42754352833915,-122.16971038602189,1724970837.8236582
37.427543386332864,-122.16971059159106,1724970837.918633
37.42754338981903,-122.16971210336804,1724970838.0195463
37.42754348541874,-122.16970990997271,1724970838.1265674
37.42754351196394,-122.1697070987202,1724970838.2160156
37.42754352855876,-122.16970629814506,1724970838.3178513
37.42754348392581,-122.16970538366576,1724970838.4472504
37.427543526169806,-122.16970534686523,1724970838.5547087
37.427543543969875,-122.16970675513963,1724970838.6357265
37.427543726608846,-122.16970860708845,1724970838.709284
37.42754394272391,-122.16970836724359,1724970838.8122811
37.42754410416335,-122.16970827950499,1724970838.927485
37.42754292463787,-122.16970604405894,1724970839.026052
37.427542924518235,-122.16970584301222,1724970839.1248727
37.42754275829046,-122.1697057641089,1724970839.2308223
37.4275426129021,-122.16970568129771,1724970839.3247476
37.42754249932996,-122.16970553761564,1724970839.424726
37.42754363375761,-122.16970742241841,1724970839.5237305
37.42754365678588,-122.16970595348074,1724970839.6282084
37.42754362950627,-122.169704788995,1724970839.7340858
37.42754376489399,-122.1697034295402,1724970839.8379283
37.42754398196069,-122.16970255997414,1724970839.931725
37.42754398096736,-122.16970223402045,1724970840.0307088
37.42754288453641,-122.16970197472973,1724970840.1342213
37.42754293748528,-122.16970180622435,1724970840.239546
37.42754285204842,-122.16970309910559,1724970840.3354952
37.42754267731872,-122.16970407172954,1724970840.4371839
37.42754268625754,-122.169704585801,1724970840.5379272
37.4275437142473,-122.16970485441277,1724970840.638317
37.427543774051834,-122.16970617105859,1724970840.7457702
37.427543913816244,-122.16970610906634,1724970840.8482528
37.42754385292316,-122.16970593430739,1724970840.948378
37.42754375360364,-122.16970560012844,1724970841.0415905
37.427543664671504,-122.16970551270657,1724970841.1416867
37.42754355966679,-122.16970521752596,1724970841.2443542
37.42754332493708,-122.16970390619547,1724970841.34361
37.4275433402262,-122.16970383038675,1724970841.4449492
37.427543370300036,-122.16970386986031,1724970841.5485713
37.427543398528734,-122.1697052332152,1724970841.6492634
37.4275442894709,-122.16970539392945,1724970841.749374
37.427538333760175,-122.16970569674592,1724970841.8546243
37.42753869463821,-122.16970606424447,1724970841.9584658
37.427532678541205,-122.16970527914837,1724970842.061006
37.42753355079752,-122.1697055659894,1724970842.1538801
37.42753347725631,-122.16970539023303,1724970842.252347
37.42754028012988,-122.16970619963551,1724970842.3523839
37.42753998765441,-122.16970452266408,1724970842.4542227
37.42754674878065,-122.16970522271356,1724970842.5515037
37.42754648557169,-122.16970473687113,1724970842.658455
37.42754562711042,-122.16970384294821,1724970842.7523274
37.42754519689471,-122.16970386266037,1724970842.8549287
37.42754507853533,-122.1697035151851,1724970842.9567153
37.427544186389134,-122.16970198693961,1724970843.0592933
37.42754349275029,-122.16970058286516,1724970843.1582997
37.42754372064191,-122.16970123322989,1724970843.2599916
37.42754340290577,-122.16970105384796,1724970843.3565452
37.42754357724104,-122.16970241077085,1724970843.4610076
37.42754375252898,-122.16970378741408,1724970843.5602763
37.42754394098985,-122.16970511065593,1724970843.667317
37.42754378988943,-122.16970536334341,1724970843.7693725
37.427543824292506,-122.16970561052202,1724970843.874156
37.427543820039055,-122.16970595740419,1724970843.9661214
37.42754377027472,-122.16970531610028,1724970844.0698075
37.427543776779004,-122.16970542168687,1724970844.1693492
37.42754386331032,-122.16970564219879,1724970844.2729075
37.42754359472701,-122.16970511341698,1724970844.371676
37.42754322619797,-122.16970424515546,1724970844.4735003
37.427543343706624,-122.16970564709584,1724970844.5694785
37.4275431123938,-122.16970510248846,1724970844.6763787
37.427543113176796,-122.16970555836136,1724970844.7810888
37.42754338930453,-122.16970668206925,1724970844.8835578
37.42754385677346,-122.16970802328781,1724970844.9786878
37.42754357700019,-122.16970791515574,1724970845.081695
37.42754376391478,-122.16970896765798,1724970845.1760287
37.42754334656985,-122.16970747156509,1724970845.2829478
37.42754335342067,-122.16970735148676,1724970845.385487
37.427542889787794,-122.16970522392945,1724970845.4872007
37.42754279730235,-122.16970400365,1724970845.5811656
37.42754263842832,-122.16970186264716,1724970845.6883805
37.42754304871763,-122.16970113458979,1724970845.7921817
37.42754281775686,-122.16969912513783,1724970845.8825686
37.427542874416076,-122.16969911507684,1724970845.9812112
37.42754308589982,-122.16969940120458,1724970846.086452
37.42754319376785,-122.16970064699603,1724970846.1802726
37.42754316028033,-122.16970172935171,1724970846.2894816
37.427543030615006,-122.16970178869278,1724970846.3907874
37.42754294150648,-122.16970186768143,1724970846.4905133
37.42754265990382,-122.16970082359526,1724970846.5890045
37.42754261266055,-122.16970056591903,1724970846.68983
37.42754277745462,-122.16970042523964,1724970846.791611
37.42754326149521,-122.16970122639248,1724970846.8885708
37.42754374325957,-122.16970204051736,1724970846.9879665
37.42754378315001,-122.16970178199492,1724970847.097434
37.42754358025689,-122.16970090892967,1724970847.2006896
37.427543480565085,-122.16970095751519,1724970847.2972045
37.42754336294769,-122.16970106336521,1724970847.3958986
37.427542823701344,-122.1697001632763,1724970847.4941242
37.427542838226344,-122.16970034389819,1724970847.602342
37.42754333974527,-122.16970124218693,1724970847.7038841
37.42754336785867,-122.1697011131936,1724970847.8003752
37.42754334360214,-122.16970038461565,1724970847.9018803
37.427543228827865,-122.16970046602295,1724970848.0077655
37.427543062232765,-122.16970062733664,1724970848.1132843
37.42754293084544,-122.1697007788563,1724970848.2123208
37.42754228090596,-122.16970004754442,1724970848.3111367
37.42754228286468,-122.16970083167006,1724970848.4120536
37.427542305019635,-122.16970114771371,1724970848.5178301
37.427542920573195,-122.16970203860686,1724970848.6084385
37.42754292697053,-122.16970195833629,1724970848.7034469
37.42754348627001,-122.16970292019987,1724970848.8042362
37.42754302230944,-122.16970196394477,1724970848.9087262
37.427543515685215,-122.16970241816894,1724970849.0108564
37.42754340312809,-122.16970238383882,1724970849.1087384
37.42754332079154,-122.16970235827056,1724970849.210999
37.42754327752566,-122.16970225924855,1724970849.3111882
37.4275436558047,-122.16970313583161,1724970849.4099438
37.42754369294438,-122.16970246554702,1724970849.5131974
37.42754305465026,-122.16970219685193,1724970849.6161106
37.42754249694881,-122.16970175005031,1724970849.713708
37.42754246637315,-122.16970172785598,1724970849.8170702
37.427542450017256,-122.16970091387738,1724970849.9142876
37.42754179401321,-122.16970088799582,1724970850.020621
37.42754172899838,-122.16970072692213,1724970850.1191385
37.42754175612813,-122.16970039867941,1724970850.2242978
37.42754178037112,-122.16970054715064,1724970850.3218873
37.427541735546285,-122.16970155311947,1724970850.4209018
37.427542283764964,-122.1697025963215,1724970850.5233665
37.42754290191676,-122.16970324396799,1724970850.6221309
37.42754336526895,-122.16970428576289,1724970850.7229264
37.42754336859348,-122.16970455433822,1724970850.823574
37.42754352649463,-122.16970476477154,1724970850.9240563
37.42754356305858,-122.16970501182152,1724970851.0259202
37.427542991584865,-122.16970451278524,1724970851.1350996
37.42754302231302,-122.16970467476628,1724970851.2285328
37.42754242284255,-122.16970412504315,1724970851.3332617
37.42754191062629,-122.16970352504458,1724970851.4325073
37.427541484876485,-122.16970293409763,1724970851.5366426
37.427541339824714,-122.16970323454979,1724970851.6392546
37.427541354187106,-122.16970324627209,1724970851.7359912
37.42754192928848,-122.16970384720105,1724970851.8355713
37.42754160806411,-122.16970414908059,1724970851.9398477
37.42754199369082,-122.16970492511271,1724970852.0424592
37.427542740464546,-122.16970568844417,1724970852.1445065
37.4275427569068,-122.16970605880628,1724970852.2348392
37.427542784573355,-122.1697064078518,1724970852.3412619
37.42754416033416,-122.16970703394429,1724970852.43593
37.4275442097211,-122.16970709615222,1724970852.5348775
37.427544223923235,-122.16970694814887,1724970852.6448507
37.4275442500412,-122.16970664382065,1724970852.7410574
37.427544277766,-122.1697062543774,1724970852.842617
37.42754368403572,-122.16970596086291,1724970852.9402094
37.42754365301024,-122.16970564876884,1724970853.0440085
37.427543026655805,-122.16970463848058,1724970853.1503818
37.42754299567096,-122.16970379795416,1724970853.2432063
37.42754295065644,-122.1697037327345,1724970853.3446786
37.42754292600831,-122.16970352526928,1724970853.4427218
37.4275429815681,-122.16970269926307,1724970853.5481203
37.427543010807796,-122.16970257371224,1724970853.6485274
37.4275431261219,-122.1697025397194,1724970853.7542267
37.42754316827869,-122.16970185449627,1724970853.857597
37.42754253255746,-122.16970117932941,1724970853.9597154
37.42754247417346,-122.16970128367893,1724970854.0645218
37.42754292108643,-122.16970073263312,1724970854.1562922
37.427542789262375,-122.16970017629627,1724970854.260555
37.42754266248336,-122.16969959548612,1724970854.359193
37.427542709569806,-122.16969915221779,1724970854.4585965
37.427542406094226,-122.169698538473,1724970854.559101
37.42754240747187,-122.16969868038623,1724970854.6662784
37.42754229999866,-122.16969887863668,1724970854.7643516
37.427541800909346,-122.16969936110418,1724970854.8700795
37.42754183310494,-122.16969997701132,1724970854.9741926
37.42754169326943,-122.16970060943547,1724970855.0654035
37.427541703686025,-122.16970119565853,1724970855.1685197
37.42754132662561,-122.16970162717008,1724970855.273895
37.42754175761251,-122.1697018313392,1724970855.3739152
37.427542151928044,-122.16970187932337,1724970855.4751065
37.427542439204096,-122.16970197557278,1724970855.5680325
37.427541985676,-122.16970209743475,1724970855.6673512
37.427541976317606,-122.16970224550315,1724970855.7674851
37.42754194896617,-122.16970239410435,1724970855.8714545
37.427541913430126,-122.16970257915314,1724970855.9740267
37.42754186469323,-122.16970275213363,1724970856.073601
37.427542211350044,-122.16970286545833,1724970856.1718206
37.42754247664793,-122.16970295097954,1724970856.2736564
37.42754212903237,-122.16970301595735,1724970856.3722637
37.4275417820413,-122.16970297896522,1724970856.4838562
37.42754143921257,-122.16970311711916,1724970856.5808666
37.42754128155736,-122.16970316730888,1724970856.6805375
37.42754099392471,-122.1697032521087,1724970856.7804344
37.42754117833371,-122.16970329050612,1724970856.878512
37.42754114663971,-122.16970340493143,1724970856.9782772
37.42754115571452,-122.1697033174355,1724970857.0829458
37.427541070472536,-122.1697033626499,1724970857.183065
37.42754041035191,-122.16970327395242,1724970857.2849956
37.42754032385151,-122.16970328821229,1724970857.3855994
37.4275403797681,-122.16970326554913,1724970857.4839067
37.42754039558373,-122.16970323251509,1724970857.5827053
37.42754031873258,-122.16970326672505,1724970857.6866648
37.427540983603485,-122.16970348763923,1724970857.7850187
37.427540851548954,-122.16970358407286,1724970857.892748
37.42754076899369,-122.16970367725753,1724970857.9920104
37.4275406602711,-122.16970382656959,1724970858.0916727
37.42754059041703,-122.16970387319587,1724970858.1872122
37.42754051655637,-122.16970385640194,1724970858.2899423
37.42754041010893,-122.16970389924509,1724970858.3937116
37.42754032490969,-122.1697039366795,1724970858.4955845
37.4275402460358,-122.16970401451944,1724970858.6127892
37.427540196716514,-122.1697041232603,1724970858.6965692
37.4275400708855,-122.16970427152128,1724970858.794637
37.42754000089201,-122.16970424831266,1724970858.8929822
37.42753989995339,-122.16970433845631,1724970858.995734
37.427539828783985,-122.16970436274497,1724970859.096847
37.4275396923553,-122.16970448761617,1724970859.196493
37.42753965639606,-122.16970456871336,1724970859.2971659
37.427539575282225,-122.16970502381359,1724970859.3965495
37.42753949285884,-122.16970565020115,1724970859.499649
37.427539419101485,-122.1697062840558,1724970859.5960488
37.4275393736747,-122.16970671115573,1724970859.7011077
37.427539306997346,-122.16970734381643,1724970859.8060741
37.42753932295261,-122.16970771104323,1724970859.9066937
37.42753944810821,-122.16970785975353,1724970860.0003717
37.4275395652689,-122.16970810004538,1724970860.103153
37.427539760915074,-122.16970837903625,1724970860.2086732
37.42754000264474,-122.16970805855745,1724970860.3082678
37.427539914473506,-122.16970771537915,1724970860.412099
37.42754014433141,-122.16970720083349,1724970860.510504
37.42753999137935,-122.16970544123716,1724970860.6075535
37.427539356909705,-122.16970370392455,1724970860.7081478
37.42753870758959,-122.16970231102108,1724970860.8138776
37.427538755639944,-122.16970107359879,1724970860.9161553
37.42753798669296,-122.16969986597249,1724970861.0161233
37.427537930381106,-122.16969958016902,1724970861.1188006
37.42753806823513,-122.1696999629085,1724970861.2318816
37.42753856556787,-122.16970085452833,1724970861.3162754
37.42753825743716,-122.16970162140994,1724970861.4198132
37.42753843090563,-122.16970222904474,1724970861.5152514
37.42753833432825,-122.16970321894782,1724970861.623757
37.42753834809428,-122.16970357863504,1724970861.7317429
37.42753784315198,-122.16970352633642,1724970861.8320231
37.42753788642347,-122.16970294044194,1724970861.93037
37.427537906586196,-122.16970289412664,1724970862.0312405
37.42753761828223,-122.16970285868109,1724970862.1311185
37.427537420384525,-122.16970275788883,1724970862.2399266
37.427537495871796,-122.1697025087351,1724970862.3252015
37.42753722867361,-122.16970256526639,1724970862.427287
37.42753699720651,-122.16970251791005,1724970862.5323954
37.427537011347425,-122.1697021975177,1724970862.6294985
37.4275371788594,-122.16970193036424,1724970862.7321916
37.427537185575936,-122.16970171977277,1724970862.837108
37.427536915698525,-122.16970176965798,1724970862.9385018
37.42753667715164,-122.16970166427078,1724970863.0346305
37.42753656002167,-122.16970133199229,1724970863.1297755
37.427536208764074,-122.16970127480158,1724970863.2298272
37.42753492215515,-122.16970095964967,1724970863.3320732
37.4275350588906,-122.16970042830808,1724970863.4363275
37.42753468735105,-122.1696998203958,1724970863.5370166
37.427534543697554,-122.16970004600714,1724970863.633499
37.427534714941146,-122.16969942445495,1724970863.7317808
37.42753464903395,-122.16969962039907,1724970863.8355238
37.427534046242364,-122.169699272651,1724970863.9368558
37.42753408102223,-122.16969908606185,1724970864.044494
37.42753349720282,-122.16969858435922,1724970864.1428869
37.427532253365044,-122.1696991092107,1724970864.242001
37.427532391479645,-122.16969904388245,1724970864.3432965
37.42753186505027,-122.16969976888862,1724970864.449827
37.427531093572725,-122.16970041629727,1724970864.549007
37.427530574402525,-122.16970080199893,1724970864.6439314
37.42753136413735,-122.16970066522754,1724970864.7428079
37.4275308502998,-122.16970078494506,1724970864.845309
37.427531673946646,-122.16970059573958,1724970864.9613247
37.42753151996421,-122.16970047077882,1724970865.05583
37.42753139703971,-122.16970058943721,1724970865.1515353
37.42753103110866,-122.16970064010748,1724970865.2477446
37.42753172821149,-122.16970037775388,1724970865.3507218
37.427531351226925,-122.16969995437368,1724970865.4523754
37.427531935810876,-122.16969934761339,1724970865.5520053
37.427532817092846,-122.16969882363439,1724970865.6529062
37.42753274916484,-122.16969833201111,1724970865.7471523
37.427532745465655,-122.16969830193796,1724970865.8606315
37.42753298452854,-122.16969894185358,1724970865.9582295
37.427533213768605,-122.1697000760399,1724970866.059916
37.42753291517372,-122.16970100156188,1724970866.1571877
37.42753274053705,-122.16970208657094,1724970866.2622252
37.42753241966927,-122.16970284051767,1724970866.3606105
37.42753179601226,-122.1697033546408,1724970866.4672165
37.42753178371925,-122.16970232862397,1724970866.5594904
37.42753192638417,-122.1697016008267,1724970866.6509254
37.42753243037268,-122.16970012884046,1724970866.762661
37.4275331194621,-122.1696987513763,1724970866.8643682
37.42753383365335,-122.169697854381,1724970866.969964
37.42753359143456,-122.16969765565293,1724970867.0686603
37.427533686340624,-122.1696977840267,1724970867.172574
37.427533204704304,-122.1696986459404,1724970867.2709975
37.42753270752708,-122.16969879514565,1724970867.3659372
37.427532502121856,-122.16969850807618,1724970867.478193
37.42753263207591,-122.16969926839246,1724970867.572431
37.42753244659389,-122.16969933474317,1724970867.6761608
37.42753267481656,-122.16969938560834,1724970867.7749603
37.42753269128546,-122.16970011640178,1724970867.8804152
37.427532544108935,-122.16970015541482,1724970867.9794285
37.42753252335653,-122.16969960470153,1724970868.0810237
37.42753258293728,-122.16969902783984,1724970868.1765091
37.42753281459042,-122.16969914077117,1724970868.2835271
37.427532971702554,-122.16969921668587,1724970868.3793025
37.42753303763552,-122.16970001173253,1724970868.4822876
37.42753299126722,-122.16970006256618,1724970868.5860987
37.42753303844903,-122.16970087447716,1724970868.6970286
37.427532901094914,-122.1697004328364,1724970868.7830899
37.42753276002376,-122.16970049230754,1724970868.8843668
37.42753267757505,-122.169700485203,1724970868.9879677
37.42753263546575,-122.16970078120588,1724970869.0907357
37.427532455729505,-122.16970026068313,1724970869.1920948
37.4275323179062,-122.1697009073837,1724970869.2922313
37.427532344149384,-122.16970106306411,1724970869.3980882
37.42753232038778,-122.1697013135689,1724970869.5012014
37.42753234707737,-122.1697011290944,1724970869.611374
37.42753237378584,-122.16970133301783,1724970869.7023294
37.42753238508748,-122.16970085523864,1724970869.7993636
37.42753242806379,-122.16970032429298,1724970869.8998451
37.42753248671504,-122.16969945895127,1724970869.9944465
37.427533047131384,-122.16969918865566,1724970870.0949507
37.42753350027667,-122.16969873133694,1724970870.2047198
37.427534053010014,-122.169698180308,1724970870.294531
37.42753471182325,-122.16969817811602,1724970870.3972192
37.42753518707923,-122.16969790089404,1724970870.5065632
37.42753507179263,-122.16969791184393,1724970870.6000328
37.427535063210605,-122.16969890659966,1724970870.7082646
37.427534943063286,-122.16969892237243,1724970870.7899563
37.4275347492063,-122.16969844954103,1724970870.891542
37.42753467166494,-122.16969848877696,1724970870.99224
37.42753461203068,-122.16969846613388,1724970871.0955725
37.42753443038147,-122.16969831495068,1724970871.196286
37.42753436822482,-122.16969858679974,1724970871.2960868
37.42753424460923,-122.16969885703462,1724970871.4033697
37.4275341727015,-122.16969958522687,1724970871.5088084
37.42753366979377,-122.16970083369324,1724970871.614776
37.42753335425458,-122.16970142111981,1724970871.7104635
37.42753285018765,-122.16970295204082,1724970871.8131194
37.42753281849553,-122.16970449491055,1724970871.9074757
37.427532267673385,-122.16970560863997,1724970872.0065343
37.42753259447786,-122.16970628192642,1724970872.1061316
37.42753282332285,-122.16970671253394,1724970872.204451
37.42753354924356,-122.16970496254844,1724970872.3168662
37.42753387133241,-122.16970302881286,1724970872.4068937
37.42753434566729,-122.16970197750815,1724970872.5145783
37.42753438146606,-122.16970093267645,1724970872.6148005
37.42753434141689,-122.16970002430926,1724970872.717019
37.42753417593239,-122.169700094919,1724970872.817485
37.42753378539895,-122.16970128798818,1724970872.916336
37.427533664931744,-122.16970148979942,1724970873.0202136
37.42753347402189,-122.16970170136585,1724970873.119721
37.42753337118814,-122.1697016820289,1724970873.2275589
37.4275329468372,-122.16970264359945,1724970873.3333113
37.42753270562548,-122.16970261242147,1724970873.4414449
37.42753262298753,-122.16970254813789,1724970873.5336266
37.42753253748131,-122.16970247407406,1724970873.640177
37.427532519762586,-122.16970243192014,1724970873.7477882
37.427532448287295,-122.16970231978769,1724970873.8618581
37.42753241978592,-122.16970238606864,1724970873.956094
37.4275323226002,-122.16970233995752,1724970874.0450637
37.427532289437266,-122.16970241624604,1724970874.1305737
37.427532232947755,-122.16970226269079,1724970874.2331975
37.42753227563728,-122.16970226850744,1724970874.335781
37.42753225390596,-122.1697021217063,1724970874.4349291
37.42753219655587,-122.16970214677475,1724970874.5385556
37.42753211336089,-122.16970203254124,1724970874.6356337
37.42753198843577,-122.16970206312101,1724970874.7392473
37.427531822334096,-122.16970208742946,1724970874.8478765
37.4275316499146,-122.16970212079609,1724970874.956943
37.42753163454233,-122.16970219516125,1724970875.0514696
37.42753157078699,-122.16970228734186,1724970875.14411
37.42753155045478,-122.16970246693857,1724970875.2542484
37.42753139314415,-122.16970252265173,1724970875.3552394
37.42753134618831,-122.1697025177077,1724970875.4507399
37.427531144003886,-122.16970255509793,1724970875.5399265
37.42753104898589,-122.16970250552363,1724970875.6411796
37.42753094041732,-122.16970254627684,1724970875.7448015
37.427530961540285,-122.16970264285183,1724970875.8446262
37.42753087552945,-122.16970270212175,1724970875.9445555
37.42753081873897,-122.169702678813,1724970876.0458393
37.427530767199755,-122.16970276207238,1724970876.1458654
37.42753066510025,-122.16970273041568,1724970876.2461312
37.42753059472139,-122.16970267927104,1724970876.3458874
37.42753057944065,-122.16970273178755,1724970876.4438632
37.42753052971989,-122.16970274401437,1724970876.549056
37.427530469704536,-122.16970278176576,1724970876.6530602
37.4275304716465,-122.16970282047461,1724970876.75061
37.42753040560957,-122.16970275411938,1724970876.853855
37.42753037903363,-122.16970277401197,1724970876.951164
37.4275303974924,-122.16970284012746,1724970877.0543692
37.42753040684821,-122.1697027631697,1724970877.1535912
37.427530388693405,-122.16970265190959,1724970877.2547383
37.427530383815075,-122.16970276352613,1724970877.3603249
37.42753038858944,-122.16970267977253,1724970877.4622986
37.42753030779206,-122.16970273625128,1724970877.55925
37.427530346919006,-122.16970313770497,1724970877.6590757
37.42753032172477,-122.16970377471634,1724970877.759094
37.427530296503264,-122.16970427664897,1724970877.8689208
37.4275303290812,-122.16970495200897,1724970877.9583402
37.42753049581957,-122.1697058485216,1724970878.0719128
37.42753046784641,-122.16970663892893,1724970878.1634457
37.427530564221364,-122.16970738732695,1724970878.269921
37.42753072214095,-122.16970818123978,1724970878.3716257
37.427530728752615,-122.16970884064216,1724970878.468311
37.42753054296144,-122.16970910431557,1724970878.5719995
37.427530410599054,-122.16970921979637,1724970878.6638725
37.42753057845318,-122.16970658594545,1724970878.7761226
37.427530888490686,-122.16970526335489,1724970878.8681915
37.42753114903511,-122.16970400627918,1724970878.967596
37.427531520550644,-122.16970281252502,1724970879.064209
37.42753188968271,-122.1697017541568,1724970879.1735573
37.427531983653,-122.16970332580095,1724970879.2740705
37.42753183847622,-122.16970352734222,1724970879.3698597
37.42753182925747,-122.16970367942704,1724970879.474227
37.427531801103456,-122.16970383746212,1724970879.587819
37.427531784064215,-122.1697038092517,1724970879.6815882
37.427531813465244,-122.16970379541839,1724970879.7835722
37.42753187041597,-122.16970375620946,1724970879.877544
37.427531976747844,-122.16970373215334,1724970879.972395
37.427532056695185,-122.16970369214648,1724970880.0778465
37.4275322119457,-122.16970375143778,1724970880.1736987
37.427532291383486,-122.16970371389583,1724970880.2789805
37.42753236988746,-122.16970360946989,1724970880.3800023
37.42753247107743,-122.16970357168773,1724970880.495484
37.42753259806289,-122.16970356181484,1724970880.5877516
37.42753274097848,-122.16970341111563,1724970880.6913083
37.42753282454187,-122.16970331485831,1724970880.7894018
37.42753298310383,-122.16970336728708,1724970880.8840172
37.427533036857604,-122.1697033315948,1724970880.986275
37.427533135815175,-122.16970327191677,1724970881.0925388
37.427533145659055,-122.16970333428355,1724970881.1934743
37.42753317509422,-122.16970338391125,1724970881.3242774
37.42753319584662,-122.16970333696119,1724970881.4410713
37.42753308999251,-122.16970334168292,1724970881.5372493
37.427533006080026,-122.16970333786868,1724970881.6295393
37.427532934995696,-122.16970331695809,1724970881.718148
37.42753287670127,-122.16970335805925,1724970881.7997434
37.427532768067614,-122.16970339280188,1724970881.9010935
37.42753280131346,-122.16970340588804,1724970881.9934516
37.42753277595706,-122.16970344436591,1724970882.0930073
37.427532688028535,-122.1697034756121,1724970882.1948695
37.42753270586412,-122.16970343135874,1724970882.2999148
37.4275326356107,-122.16970351635742,1724970882.4024634
37.42753265627266,-122.16970367235642,1724970882.4976826
37.42753262788258,-122.16970383652672,1724970882.6030457
37.427532638554794,-122.16970408843713,1724970882.7025683
37.42753255072592,-122.16970438241167,1724970882.8004134
37.427532517499834,-122.16970463429789,1724970882.9064994
37.42753242332458,-122.16970478846203,1724970883.0051556
37.42753242004491,-122.16970498169118,1724970883.1041942
37.427532490198864,-122.16970504525234,1724970883.2070007
37.42753243332482,-122.16970514326115,1724970883.3076267
37.42753244933251,-122.1697051260353,1724970883.4031951
37.42753242835046,-122.16970524428204,1724970883.5042486
37.427532350225,-122.16970533576747,1724970883.609911
37.427532321551126,-122.16970539960653,1724970883.7121108
37.427532360317635,-122.16970542125452,1724970883.812492
37.42753226001615,-122.16970560513855,1724970883.9184263
37.42753216723787,-122.16970562755596,1724970884.021832
37.42753214395191,-122.16970558968929,1724970884.1166248
37.42753177440652,-122.16970556599456,1724970884.2100616
37.42753154696128,-122.16970561403916,1724970884.312486
37.42753133549815,-122.16970553166416,1724970884.4129333
37.42753136654834,-122.16970567381287,1724970884.5115616
37.42753122991836,-122.16970572729956,1724970884.6112473
37.427531346422136,-122.16970582401544,1724970884.7301626
37.42753148573369,-122.16970607451975,1724970884.8190267
37.427531755920434,-122.16970626890519,1724970884.9231944
37.42753175892982,-122.16970654710104,1724970885.0243573
37.42753187244972,-122.1697071903355,1724970885.1224148
37.42753194838654,-122.16970816100685,1724970885.2193637
37.42753211797272,-122.16970917388387,1724970885.3238072
37.42753232428845,-122.16971051020185,1724970885.4232917
37.42752706756628,-122.16970930238816,1724970885.5378401
37.427543358259555,-122.16970444715678,1724970885.6270301
37.42754322346631,-122.16970386295861,1724970885.731624
37.42754298736022,-122.16970310558406,1724970885.833708
37.427541717842324,-122.16970173514166,1724970885.934509
37.4275468848148,-122.16970307975244,1724970886.0355246
37.42753054217315,-122.16970788839603,1724970886.1298783
37.42753065116983,-122.1697081700363,1724970886.2326672
37.42753068004346,-122.16970838377127,1724970886.3334017
37.427531674642395,-122.16970787288932,1724970886.43807
37.427530765278426,-122.16970755381924,1724970886.5363994
37.42753114906532,-122.16970615051378,1724970886.633286
37.427530218210386,-122.16970572935314,1724970886.7388904
37.42753064501024,-122.16970597255424,1724970886.846252
37.427530995400545,-122.16970731553823,1724970886.940959
37.42753041990474,-122.16970716020772,1724970887.0455282
37.42753046433257,-122.16970735527747,1724970887.138472
37.42753085495621,-122.16970763837763,1724970887.2314112
37.4275289572667,-122.16970682208984,1724970887.331728
37.427527598847604,-122.1697062716837,1724970887.4381545
37.42752948511795,-122.16970722403086,1724970887.5393496
37.4275295011383,-122.16970733162044,1724970887.641293
37.42753056953491,-122.16970777638997,1724970887.7402523
37.427532475230926,-122.1697084856237,1724970887.8378994
37.42753398081111,-122.16970862729937,1724970887.9445643
37.427534130985144,-122.16970659574471,1724970888.0436857
37.427534239499344,-122.16970697128129,1724970888.1483607
37.427534330908045,-122.16970482206217,1724970888.2472582
37.42753451184605,-122.16970299219992,1724970888.3472643
37.42753468262802,-122.16970218288034,1724970888.447904
37.42753489224195,-122.16970286593917,1724970888.5564237
37.42753502556566,-122.16970275410588,1724970888.650262
37.42753508388024,-122.16970365092816,1724970888.7493863
37.42753509374002,-122.16970355259144,1724970888.8515162
37.427535213305845,-122.16970337831815,1724970888.9517934
37.42753526909226,-122.16970253702303,1724970889.0570772
37.42753535920036,-122.16970223441064,1724970889.1573813
37.42753548071437,-122.16970158068705,1724970889.2525218
37.427535696923705,-122.16970228670479,1724970889.3581996
37.427535738011535,-122.16970249554504,1724970889.4559653
37.427535762320005,-122.16970347874452,1724970889.5561142
37.42753572125755,-122.16970286406246,1724970889.6616888
37.42753571785203,-122.16970245373884,1724970889.7585473
37.42753557633943,-122.1697015158447,1724970889.8592603
37.42753544272682,-122.16970037743742,1724970889.9615588
37.42753532084869,-122.16970055783788,1724970890.0612915
37.42753528799382,-122.16970031360214,1724970890.159952
37.42753524947026,-122.16970184294253,1724970890.2574112
37.42753524174687,-122.16970178705219,1724970890.3688188
37.42753526412241,-122.1697032713106,1724970890.4651272
37.42753530717457,-122.1697019332919,1724970890.5648808
37.427535290610905,-122.16970342366018,1724970890.6663218
37.42753528817553,-122.16970215941583,1724970890.7697406
37.427535306686046,-122.16970352293175,1724970890.866042
37.4275354142686,-122.16970336727636,1724970890.971309
37.42753552636467,-122.16970464373152,1724970891.0721304
37.4275357066313,-122.1697047357997,1724970891.176614
37.42753587964042,-122.16970624975256,1724970891.2763162
37.42753609579817,-122.16970694047458,1724970891.37489
37.42753593303859,-122.16970788263694,1724970891.4715126
37.42753608610153,-122.1697088682708,1724970891.5640485
37.42753594203513,-122.16970588168509,1724970891.67116
37.427529889611655,-122.16970461290877,1724970891.7744856
37.427530098478954,-122.1697026177482,1724970891.8761702
37.427530362945944,-122.16970181069813,1724970891.9732833
37.42753032878713,-122.16970094329449,1724970892.0721335
37.427530648375374,-122.1697036655849,1724970892.1762369
37.427536770924036,-122.16970435698694,1724970892.2792118
37.427536561818556,-122.16970430656433,1724970892.3770454
37.427536565539704,-122.16970276085782,1724970892.485779
37.42753662849636,-122.1697022818404,1724970892.5763462
37.427536539146814,-122.16970188594648,1724970892.6785407
37.42753656448691,-122.16970141628988,1724970892.7771766
37.42753663412054,-122.16970201559295,1724970892.8842475
37.42753664460608,-122.16970252109995,1724970892.9892185
37.42753662204472,-122.16970132821301,1724970893.09398
37.427536672145294,-122.16970058121706,1724970893.19578
37.427536664564954,-122.16969987579932,1724970893.292529
37.42753666156372,-122.16969897186891,1724970893.3895807
37.42753667915805,-122.16969827660448,1724970893.4961803
37.427536598280106,-122.16969860870681,1724970893.591126
37.4275364964371,-122.1696985772421,1724970893.6916127
37.42753646186904,-122.16969857257074,1724970893.7927299
37.427536391523475,-122.16969861186136,1724970893.8951492
37.427536269222806,-122.16969900677337,1724970893.9934583
37.42753622826042,-122.16969876944539,1724970894.097405
37.42753627176797,-122.16969838829101,1724970894.1928854
37.4275362139846,-122.16969845366346,1724970894.2979858
37.427536182485014,-122.16969872515938,1724970894.3994029
37.42753623479887,-122.16969872988366,1724970894.4976127
37.42753623330588,-122.16969861160965,1724970894.595836
37.42753617898111,-122.16969899088586,1724970894.7028322
37.42753621392017,-122.16969890029398,1724970894.8008106
37.42753624580171,-122.16969899693342,1724970894.9022293
37.42753625590056,-122.16969861157179,1724970895.0053573
37.427536266708756,-122.16969856495359,1724970895.1120026
37.42753630564991,-122.1696984679788,1724970895.2115266
37.427536271858635,-122.16969847145161,1724970895.3101656
37.427536209086504,-122.16969810970537,1724970895.4079304
37.42753620736538,-122.16969842055789,1724970895.5110247
37.42753621686318,-122.16969877483541,1724970895.60721
37.427536253918646,-122.16969883432503,1724970895.7193625
37.427536286467195,-122.16969852713116,1724970895.8080728
37.42753631551289,-122.16969852972719,1724970895.9082267
37.427536342368526,-122.16969823898259,1724970896.0067327
37.4275363803838,-122.16969792596421,1724970896.108939
37.427536335646174,-122.16969773771685,1724970896.2094617
37.427536383136705,-122.1696980102237,1724970896.3126438
37.42753638531668,-122.16969799086675,1724970896.409219
37.42753636639304,-122.16969797050574,1724970896.509853
37.42753632235575,-122.1696979861096,1724970896.6143951
37.42753644401861,-122.16969746798217,1724970896.7241237
37.427536356752384,-122.16969746296752,1724970896.8187778
37.42753638077692,-122.1696976390643,1724970896.9250813
37.42753636998353,-122.16969758781043,1724970897.015758
37.427536323827674,-122.16969759418217,1724970897.1191053
37.427536203449876,-122.16969834477605,1724970897.2204158
37.427536299290395,-122.16969849926869,1724970897.3196037
37.42753644419392,-122.16969855847304,1724970897.4192102
37.42753639500052,-122.16969824984157,1724970897.5202053
37.427536461368504,-122.16969822347852,1724970897.620065
37.427536459258114,-122.16969783312729,1724970897.726927
37.42753636461261,-122.16969734497903,1724970897.8254042
37.42753619310244,-122.16969751993209,1724970897.9266853
37.42753624561931,-122.1696978735075,1724970898.0282972
37.427536287070396,-122.16969788467894,1724970898.1291254
37.427537816289714,-122.16969711457472,1724970898.428754
37.42753946177931,-122.16969620492223,1724970898.5264454
37.42754097383689,-122.16969470523148,1724970898.629044
37.42754247497028,-122.16969376877401,1724970898.7290308
37.42754395276357,-122.16969302112848,1724970898.828732
37.427543923842656,-122.16969276452663,1724970898.9282975
37.427543847602685,-122.16969304168914,1724970899.0314145
37.427543891210576,-122.1696934536895,1724970899.132367
37.42754397072315,-122.1696937299325,1724970899.2322228
37.42754407281277,-122.16969381947473,1724970899.3358076
37.427544159043165,-122.16969420349467,1724970899.4386966
37.427544167119294,-122.169694313611,1724970899.539444
37.42754418631126,-122.16969442282367,1724970899.6440735
37.42754413498708,-122.16969457678063,1724970899.7481258
37.427544120777874,-122.16969465010578,1724970899.8400483
37.427544159961336,-122.16969481219937,1724970899.9409451
37.42754420004725,-122.1696948578576,1724970900.0434945
37.42754414971553,-122.16969489824899,1724970900.1447737
37.42754419647093,-122.16969494852209,1724970900.2461393
37.42754415091315,-122.16969501087824,1724970900.3517354
37.42754403915688,-122.16969501775128,1724970900.4471915
37.42754399209579,-122.16969518225966,1724970900.5501118
37.42754404943385,-122.1696953849152,1724970900.6437495
37.427544008024874,-122.16969560683779,1724970900.7526307
37.42754383468637,-122.16969557791228,1724970900.8607247
37.427543792751514,-122.16969591396503,1724970900.9618523
37.42754367320332,-122.1696961423787,1724970901.0569334
37.42754355577927,-122.16969633191515,1724970901.1479604
37.4275435043191,-122.16969646451564,1724970901.2598503
37.4275434458827,-122.16969680116908,1724970901.3667054
37.427543393370996,-122.16969683008922,1724970901.4629438
37.42754339440771,-122.16969687131686,1724970901.564551
37.42754336583031,-122.16969699029448,1724970901.6681893
37.427543102321415,-122.1696965375586,1724970901.7690961
37.427543108518094,-122.16969671255907,1724970901.8838716
37.42754307730809,-122.16969671170315,1724970902.016504
37.42754300217312,-122.1696967569857,1724970902.1225636
37.42754293490721,-122.16969664500476,1724970902.2052333
37.427543065546956,-122.169697106082,1724970902.2819793
37.42754299914998,-122.16969710245148,1724970902.3790169
37.42754294703506,-122.16969729248652,1724970902.478302
37.42754275592884,-122.16969675092315,1724970902.5798755
37.427542576441546,-122.16969628093837,1724970902.6755166
37.427542362552025,-122.16969598432387,1724970902.7764668
37.42754219896137,-122.16969568988188,1724970902.8791533
37.42754205663974,-122.1696953883482,1724970902.9786046
37.42754199416623,-122.16969581270881,1724970903.0764077
37.42754198241521,-122.16969623758621,1724970903.183835
37.42754197189961,-122.16969652377657,1724970903.2816339
37.427541864427916,-122.16969680108309,1724970903.3808074
37.42754172493505,-122.16969695452212,1724970903.4837654
37.42754163811499,-122.16969713478044,1724970903.585112
37.427541456511754,-122.16969733874664,1724970903.683541
37.42754131731963,-122.16969768963415,1724970903.7854476
37.427541276577664,-122.16969801748886,1724970903.8835363
37.42754125611249,-122.1696985911325,1724970903.9915497
37.42754113544165,-122.16969862363825,1724970904.0927327
37.427541247054435,-122.16969923753348,1724970904.1931815
37.427541203490364,-122.1696990683885,1724970904.2830908
37.42754139466123,-122.16969959983398,1724970904.3841696
37.427541252444016,-122.16969933797489,1724970904.5002227
37.427541301954705,-122.1696995897959,1724970904.600677
37.42754112379115,-122.1696992209471,1724970904.692061
37.42754108909289,-122.16969942708661,1724970904.8021193
37.42754087397656,-122.1696989058935,1724970904.8919792
37.42754088599097,-122.16969905327528,1724970905.002266
37.42754078204123,-122.16969920026823,1724970905.0948367
37.42754068065729,-122.16969939828998,1724970905.1944485
37.427540618019215,-122.16969956813465,1724970905.2977731
37.427540454205804,-122.16969980215536,1724970905.4027681
37.427540385178794,-122.16969989518111,1724970905.502691
37.42754031738507,-122.16969995118606,1724970905.6048687
37.42754030787266,-122.16969999623952,1724970905.7043061
37.42754039858353,-122.16970002646029,1724970905.797732
37.42754044331876,-122.1697000423866,1724970905.9004214
37.42754041887727,-122.16970012448549,1724970906.0036967
37.427540341712906,-122.16970025197266,1724970906.1119664
37.42754019186812,-122.16970040432115,1724970906.213414
37.42754003627583,-122.16970066112098,1724970906.3079073
37.42753980924432,-122.16970094775532,1724970906.4141424
37.42753958363858,-122.16970124102711,1724970906.5074697
37.42753948318545,-122.16970147009269,1724970906.611167
37.42753937890703,-122.16970158730864,1724970906.7077367
37.42753932266306,-122.16970172790492,1724970906.8111172
37.42753942007777,-122.1697017475388,1724970906.9041426
37.42753944025596,-122.16970191617803,1724970907.0205946
37.42753952345652,-122.1697020529407,1724970907.1054838
37.42753966945241,-122.16970238257579,1724970907.2160192
37.42753965172014,-122.16970270858062,1724970907.3173048
37.427539651279744,-122.16970315360734,1724970907.4152038
37.42753974023918,-122.16970338839832,1724970907.5125864
37.42753971167702,-122.16970371005887,1724970907.608303
37.427539703358136,-122.16970393288712,1724970907.7188747
37.42753977020708,-122.16970406128974,1724970907.8251138
37.427539750050386,-122.16970412239824,1724970907.9163034
37.4275397717237,-122.16970418163162,1724970908.027077
37.427539781610335,-122.16970418234328,1724970908.118347
37.42753977574771,-122.16970419169846,1724970908.2207773
37.42753971314401,-122.16970424353455,1724970908.3245244
37.427539696619675,-122.16970443412771,1724970908.422785
37.427539683212586,-122.16970458477529,1724970908.5136497
37.42753972946509,-122.16970482499129,1724970908.6210637
37.42753971536606,-122.16970502961172,1724970908.7310326
37.42753970701624,-122.16970542619335,1724970908.828205
37.42753975641671,-122.16970572068087,1724970908.9272885
37.42753977878516,-122.16970634966177,1724970909.0193624
37.42753974723698,-122.16970700138076,1724970909.1285002
37.42753976621364,-122.16970767681116,1724970909.221931
37.427539795927615,-122.16970825591906,1724970909.3288867
37.427539895068996,-122.16970888019445,1724970909.4313364
37.427538723627244,-122.16970886378176,1724970909.5304294
37.42753757915842,-122.16970884110134,1724970909.6315613
37.42753760562453,-122.16970939680412,1724970909.7234902
37.4275375584549,-122.16970990888048,1724970909.8262925
37.42753624454532,-122.16970889292735,1724970909.9275632
37.42753639497452,-122.16970745082642,1724970910.029221
37.427537629441474,-122.1697072602498,1724970910.134913
37.42753762832826,-122.1697075940594,1724970910.2365353
37.42753777777647,-122.16970792538176,1724970910.327294
37.42753915941272,-122.1697097200597,1724970910.4323926
37.427540029233526,-122.1697111893335,1724970910.5342903
37.42753865443123,-122.16971077879131,1724970910.6403594
37.4275373441906,-122.16970932170398,1724970910.7345579
37.42753590651299,-122.16970679095803,1724970910.8317258
37.42753444974904,-122.16970520221537,1724970910.9320288
37.42753330686321,-122.16970483928647,1724970911.040243
37.42753333282928,-122.16970500916007,1724970911.1431506
37.42753339254798,-122.16970407933702,1724970911.2503815
37.42753338989944,-122.16970519931745,1724970911.3587384
37.427533340536755,-122.16970534570875,1724970911.4468217
37.42753331449744,-122.16970546454021,1724970911.555452
37.427533263552185,-122.16970564157985,1724970911.651051
37.427534668654474,-122.16970714379823,1724970911.7489069
37.42753608180222,-122.1697077085953,1724970911.8487022
37.427536084328906,-122.16970788466251,1724970911.9449143
37.42753604944333,-122.16970802026384,1724970912.0483654
37.42753752959146,-122.16970867328973,1724970912.1406307
37.42753751452218,-122.16970762869857,1724970912.2408633
37.42753606607208,-122.16970753983085,1724970912.3481612
37.42753595591288,-122.16970591426445,1724970912.4493563
37.42753749987573,-122.16970504475775,1724970912.5463424
37.427537524308605,-122.16970527737917,1724970912.6460545
37.42753763167002,-122.16970687671672,1724970912.7458384
37.427539175036344,-122.169705843823,1724970912.8528516
37.42753876409134,-122.1697074986892,1724970912.955285
37.42753738046738,-122.16970870866484,1724970913.0596857
37.4275359765689,-122.16970826016689,1724970913.1585486
37.42753594134999,-122.16970712175579,1724970913.2551365
37.42753604316755,-122.16970867190803,1724970913.36151
37.427538208507315,-122.16970801085984,1724970913.4584494
37.42753964824602,-122.16970856972094,1724970913.5584407
37.4275409477954,-122.16970911925453,1724970913.6624382
37.42753947785774,-122.16970993151432,1724970913.7750325
37.42753926126322,-122.16971009635334,1724970913.8704135
37.42753768421746,-122.16971133744826,1724970913.9716587
37.427535860415084,-122.1697106016142,1724970914.064418
37.427534202356455,-122.16970992039501,1724970914.1765084
37.42753550326971,-122.16971062135877,1724970914.2714307
37.42755085639209,-122.16970719219728,1724970914.371431
37.42755221137388,-122.16970775369543,1724970914.4700649
37.42755383538943,-122.16970884216161,1724970914.5684707
37.42755577740059,-122.16970986757963,1724970914.6615424
37.42755605049911,-122.16970860601349,1724970914.764751
37.42754099892616,-122.1697124002226,1724970914.864759
37.42754125489702,-122.16971258163558,1724970914.9672399
37.42754168420102,-122.16971269024816,1724970915.0677166
37.42754170860576,-122.16971271725792,1724970915.1718674
37.42754181474852,-122.1697134670261,1724970915.2745736
37.427541956348996,-122.16971327986732,1724970915.3791137
37.42754213510887,-122.16971151547548,1724970915.4780984
37.427542176435416,-122.16971105533844,1724970915.574654
37.42754227835688,-122.16971055533462,1724970915.6714077
37.42754217260157,-122.16971062213968,1724970915.7692814
37.42754227265163,-122.16970897181831,1724970915.872577
37.42754210333425,-122.16971002850005,1724970915.976109
37.42754195896779,-122.16970970423036,1724970916.0759308
37.42754189298501,-122.16970937829237,1724970916.1767564
37.427541925439584,-122.16970765950454,1724970916.279716
37.42754171595511,-122.16970862470377,1724970916.379682
37.42754180037758,-122.1697084058715,1724970916.4803798
37.427541838951385,-122.16970828248903,1724970916.579182
37.42754213109783,-122.16970822133354,1724970916.681089
37.427542406207486,-122.16970961776774,1724970916.7836878
37.42754257475917,-122.1697097017823,1724970916.8827016
37.42754259855597,-122.16970988649183,1724970916.9848633
37.42754268396276,-122.16970943747653,1724970917.0929592
37.42754252026899,-122.16970963599522,1724970917.1958249
37.4275423639856,-122.1697099195227,1724970917.2941115
37.42754226460011,-122.16971007466644,1724970917.392387
37.42754226172906,-122.16971003648608,1724970917.494663
37.42754253097591,-122.16971065311134,1724970917.595017
37.42754249084854,-122.16971074142386,1724970917.695131
37.42754265803053,-122.16971081320176,1724970917.7947855
37.42754274871968,-122.16971085757541,1724970917.896972
37.42754296793841,-122.16971107376507,1724970918.0025015
37.427542772091726,-122.16970924081372,1724970918.103225
37.427543086021046,-122.16970940476577,1724970918.2022252
37.42754331672121,-122.16970951909046,1724970918.302371
37.42754356643003,-122.16970758139779,1724970918.4015062
37.42754357478519,-122.16970788805523,1724970918.508495
37.42754369106624,-122.16971015594024,1724970918.6046283
37.42754352833915,-122.16971038602189,1724970918.7076516
37.427543386332864,-122.16971059159106,1724970918.7992327
37.42754338981903,-122.16971210336804,1724970918.9088004
37.42754348541874,-122.16970990997271,1724970919.0108302
37.42754351196394,-122.1697070987202,1724970919.0986247
37.42754352855876,-122.16970629814506,1724970919.2001393
37.42754348392581,-122.16970538366576,1724970919.311493
37.427543526169806,-122.16970534686523,1724970919.406722
37.427543543969875,-122.16970675513963,1724970919.5077813
37.427543726608846,-122.16970860708845,1724970919.607642
37.42754394272391,-122.16970836724359,1724970919.733288
37.42754410416335,-122.16970827950499,1724970919.8443477
37.42754292463787,-122.16970604405894,1724970919.9583106
37.427542924518235,-122.16970584301222,1724970920.0663385
37.42754275829046,-122.1697057641089,1724970920.1710467
37.4275426129021,-122.16970568129771,1724970920.2718596
37.42754249932996,-122.16970553761564,1724970920.35557
37.42754363375761,-122.16970742241841,1724970920.4343948
37.42754365678588,-122.16970595348074,1724970920.5280426
37.42754362950627,-122.169704788995,1724970920.630964
37.42754376489399,-122.1697034295402,1724970920.747644
37.42754398196069,-122.16970255997414,1724970920.848146
37.42754398096736,-122.16970223402045,1724970920.9349322
37.42754288453641,-122.16970197472973,1724970921.0275733
37.42754293748528,-122.16970180622435,1724970921.1326432
37.42754285204842,-122.16970309910559,1724970921.2354555
37.42754267731872,-122.16970407172954,1724970921.353321
37.42754268625754,-122.169704585801,1724970921.5368912
37.4275437142473,-122.16970485441277,1724970921.7030838
37.427543774051834,-122.16970617105859,1724970921.7932053
37.427543913816244,-122.16970610906634,1724970921.8809023
37.42754385292316,-122.16970593430739,1724970921.9761443
37.42754375360364,-122.16970560012844,1724970922.0790627
37.427543664671504,-122.16970551270657,1724970922.1798074
37.42754355966679,-122.16970521752596,1724970922.2790232
37.42754332493708,-122.16970390619547,1724970922.3755035
37.4275433402262,-122.16970383038675,1724970922.4567335
37.427543370300036,-122.16970386986031,1724970922.5392294
37.427543398528734,-122.1697052332152,1724970922.6367917
37.4275442894709,-122.16970539392945,1724970922.7324271
37.427538333760175,-122.16970569674592,1724970922.8572314
37.42753869463821,-122.16970606424447,1724970922.934446
37.427532678541205,-122.16970527914837,1724970923.0106008
37.42753355079752,-122.1697055659894,1724970923.0932028
37.42753347725631,-122.16970539023303,1724970923.170481
37.42754028012988,-122.16970619963551,1724970923.2681653
37.42753998765441,-122.16970452266408,1724970923.3549502
37.42754674878065,-122.16970522271356,1724970923.4465094
37.42754648557169,-122.16970473687113,1724970923.5482152
37.42754562711042,-122.16970384294821,1724970923.6491048
37.42754519689471,-122.16970386266037,1724970923.749494
37.42754507853533,-122.1697035151851,1724970923.8606656
37.427544186389134,-122.16970198693961,1724970923.9604282
37.42754349275029,-122.16970058286516,1724970924.0573852
37.42754372064191,-122.16970123322989,1724970924.1545532
37.42754340290577,-122.16970105384796,1724970924.2531855
37.42754357724104,-122.16970241077085,1724970924.3572485
37.42754375252898,-122.16970378741408,1724970924.455309
37.42754394098985,-122.16970511065593,1724970924.5642009
37.42754378988943,-122.16970536334341,1724970924.6577525
37.427543824292506,-122.16970561052202,1724970924.7649071
37.427543820039055,-122.16970595740419,1724970924.859316
37.42754377027472,-122.16970531610028,1724970924.9630144
37.427543776779004,-122.16970542168687,1724970925.059408
37.42754386331032,-122.16970564219879,1724970925.1655731
37.42754359472701,-122.16970511341698,1724970925.270536
37.42754322619797,-122.16970424515546,1724970925.3674128
37.427543343706624,-122.16970564709584,1724970925.4651928
37.4275431123938,-122.16970510248846,1724970925.5738192
37.427543113176796,-122.16970555836136,1724970925.673632
37.42754338930453,-122.16970668206925,1724970925.7706828
37.42754385677346,-122.16970802328781,1724970925.868822
37.42754357700019,-122.16970791515574,1724970925.9756608
37.42754376391478,-122.16970896765798,1724970926.0804853
37.42754334656985,-122.16970747156509,1724970926.1826298
37.42754335342067,-122.16970735148676,1724970926.2838552
37.427542889787794,-122.16970522392945,1724970926.3814602
37.42754279730235,-122.16970400365,1724970926.4786391
37.42754263842832,-122.16970186264716,1724970926.586825
37.42754304871763,-122.16970113458979,1724970926.6840906
37.42754281775686,-122.16969912513783,1724970926.7819116
37.427542874416076,-122.16969911507684,1724970926.8816671
37.42754308589982,-122.16969940120458,1724970926.9790826
37.42754319376785,-122.16970064699603,1724970927.0812557
37.42754316028033,-122.16970172935171,1724970927.1814067
37.427543030615006,-122.16970178869278,1724970927.2840927
37.42754294150648,-122.16970186768143,1724970927.3842452
37.42754265990382,-122.16970082359526,1724970927.4949484
37.42754261266055,-122.16970056591903,1724970927.58277
37.42754277745462,-122.16970042523964,1724970927.6828394
37.42754326149521,-122.16970122639248,1724970927.7842028
37.42754374325957,-122.16970204051736,1724970927.884906
37.42754378315001,-122.16970178199492,1724970927.9919586
37.42754358025689,-122.16970090892967,1724970928.0959678
37.427543480565085,-122.16970095751519,1724970928.2031393
37.42754336294769,-122.16970106336521,1724970928.3021355
37.427542823701344,-122.1697001632763,1724970928.3922393
37.427542838226344,-122.16970034389819,1724970928.4942527
37.42754333974527,-122.16970124218693,1724970928.599879
37.42754336785867,-122.1697011131936,1724970928.7007964
37.42754334360214,-122.16970038461565,1724970928.8065982
37.427543228827865,-122.16970046602295,1724970928.910986
37.427543062232765,-122.16970062733664,1724970929.0198538
37.42754293084544,-122.1697007788563,1724970929.1122913
37.42754228090596,-122.16970004754442,1724970929.2158477
37.42754228286468,-122.16970083167006,1724970929.3119102
37.427542305019635,-122.16970114771371,1724970929.4081137
37.427542920573195,-122.16970203860686,1724970929.5000412
37.42754292697053,-122.16970195833629,1724970929.6045485
37.42754348627001,-122.16970292019987,1724970929.720468
37.42754302230944,-122.16970196394477,1724970929.8065407
37.427543515685215,-122.16970241816894,1724970929.9075563
37.42754340312809,-122.16970238383882,1724970930.0058982
37.42754332079154,-122.16970235827056,1724970930.1171517
37.42754327752566,-122.16970225924855,1724970930.2037213
37.4275436558047,-122.16970313583161,1724970930.3110905
37.42754369294438,-122.16970246554702,1724970930.4076064
37.42754305465026,-122.16970219685193,1724970930.5153728
37.42754249694881,-122.16970175005031,1724970930.6082423
37.42754246637315,-122.16970172785598,1724970930.7087204
37.427542450017256,-122.16970091387738,1724970930.8082697
37.42754179401321,-122.16970088799582,1724970930.9115796
37.42754172899838,-122.16970072692213,1724970931.0124965
37.42754175612813,-122.16970039867941,1724970931.1126938
37.42754178037112,-122.16970054715064,1724970931.211996
37.427541735546285,-122.16970155311947,1724970931.3109531
37.427542283764964,-122.1697025963215,1724970931.4205642
37.42754290191676,-122.16970324396799,1724970931.5234878
